<?xml version="1.0" encoding="UTF-8"?>
<beans xmlns="http://www.springframework.org/schema/beans"
			   xmlns:xsi="http://www.w3.org/2001/XMLSchema-instance" xmlns:dubbo="http://code.alibabatech.com/schema/dubbo"
			   xsi:schemaLocation="http://www.springframework.org/schema/beans
    http://www.springframework.org/schema/beans/spring-beans.xsd
    http://code.alibabatech.com/schema/dubbo
    http://code.alibabatech.com/schema/dubbo/dubbo.xsd">

<!-- name： 服务应用名称 -->
<dubbo:application name="${dubbo.application.name}" />
<!-- 多注册中心配置 -->
<!-- protocol：注册中心类型，address：注册中心暴露服务地址 -->
<dubbo:registry id="zk" protocol="${dubbo.registry.protocol}" address="${dubbo.registry.address}" />
<!-- 暴露服务 -->
<dubbo:protocol name="${dubbo.protocol.name}" port="${dubbo.protocol.port}" payload="11557050" />
<dubbo:service registry="zk" timeout="120000" interface="com.gome.meidian.service.IOrderService" ref="orderServiceImpl"/>
<dubbo:service registry="zk" timeout="120000" interface="com.gome.meidian.service.IOrderEffectService" ref="orderEffectServiceImpl"/>
<dubbo:service registry="zk" timeout="120000" interface="com.gome.meidian.service.IOrderDetailService" ref="orderDetailServiceImpl"/>
<dubbo:service registry="zk" timeout="120000" interface="com.gome.meidian.service.IOrderCountService" ref="orderCountServiceImpl"/>
<dubbo:service registry="zk" timeout="120000" interface="com.gome.meidian.service.IcSmDqlStaffService" ref="icSmDqlStaffServiceImpl"/>
<dubbo:service registry="zk" timeout="120000" interface="com.gome.meidian.service.IOrderShopService" ref="orderShopServiceImpl"/>

<dubbo:service registry="zk" timeout="120000" interface="com.gome.meidian.service.OrderBranchTaskCensusService" ref="orderBranchTaskCensusServiceImpl"/>
<dubbo:service registry="zk" timeout="120000" interface="com.gome.meidian.service.OrderBasedTaskService" ref="orderBasedTaskServiceImpl"/>
<dubbo:service registry="zk" timeout="120000" interface="com.gome.meidian.service.OrderImportUvDataService" ref="orderImportUvDataServiceImpl"/>
<dubbo:service registry="zk" timeout="120000" interface="com.gome.meidian.service.OrderBranchTaskService" ref="orderBranchTaskServiceImpl"/>
<dubbo:service registry="zk" timeout="120000" interface="com.gome.meidian.service.OrderDataCountService" ref="orderDataCountServiceImpl"/>
<dubbo:service registry="zk" timeout="120000" interface="com.gome.meidian.service.OrderDetailTaskService" ref="orderDetailTaskServiceImpl"/>
<dubbo:service registry="zk" timeout="5000"   interface="com.gome.meidian.service.IOrderRebateService" ref="orderRebateService" cluster="failfast" retries="0"/>
<dubbo:service registry="zk" timeout="120000" interface="com.gome.meidian.service.INewOrderService" ref="newOrderServiceImpl"/>
<dubbo:service registry="zk" timeout="120000" interface="com.gome.meidian.service.IOrderSalesTaskService" ref="orderSalesTaskServiceImpl"/>
<dubbo:service registry="zk" timeout="3000" interface="com.gome.meidian.service.ISaleRaceService" ref="saleRaceServiceImpl"/>
<dubbo:service registry="zk" timeout="3000" interface="com.gome.meidian.service.IGrantRebateService" ref="grantRebateService" />
<dubbo:service registry="zk" timeout="3000" interface="com.gome.meidian.service.ICpaDistinctService" ref="cpaDistinctServiceImpl" />
<dubbo:service registry="zk" timeout="3000" interface="com.gome.meidian.service.IMeidianBangbangCalcTypeService" ref="meidianBangbangCalcTypeServiceImpl" />







<dubbo:reference id="branchQueryClient" interface="com.gome.dragon.mds.client.gcc.BranchQueryClient" registry="zk" timeout="120000" retries="0" check="false" cluster="failfast"/>
<dubbo:reference  id="gomeStoreFullClient" interface="com.gome.dragon.mds.client.gcc.GomeStoreFullClient" registry="zk" timeout="120000" retries="0" check="false" cluster="failfast"/>
<!--邀请人关系-->
<dubbo:reference  id="vshopInvitationRelationResource" interface="com.gomeplus.bs.interfaces.mshop.task.service.VshopInvitationRelationResource"
				  timeout="120000" retries="0"  cluster="failfast" registry="zk" />
<!-- 链接接收dubbo门店信息 -->
<dubbo:reference  id="vshopChannelFacade" version="3.0.0" interface="com.gomeo2o.facade.vshop.service.VshopChannelFacade" registry="zk" timeout="120000" retries="0" check="false" cluster="failfast"/>
<dubbo:reference  id="vshopFacade" version="3.0.0" interface="com.gomeo2o.facade.vshop.service.VshopFacade" registry="zk" timeout="120000" retries="0" check="false" cluster="failfast" />
<dubbo:reference version="3.0.0" registry="zk" interface="com.gomeo2o.facade.vshop.service.VshopInfoDescFacade" id="vshopInfoDescFacade" retries="0"  check="false" timeout="120000" />
<dubbo:reference  registry="zk" id="vshopInfoExternalFacade" interface="com.gomeo2o.facade.vshop.service.VshopInfoExternalFacade" check="false" timeout="3000" retries="0"/>

<!--渠道竞赛-->
<dubbo:reference version="1.0.0" id="mshopChannelService" interface="com.gomeplus.bs.interfaces.channel.api.MshopChannelService" registry="zk" timeout="120000" retries="0" check="false" cluster="failfast"/>
<dubbo:reference version="1.0.0" id="mshopChannelActivityDataService" interface="com.gomeplus.bs.interfaces.channel.api.MshopChannelActivityDataService" registry="zk" retries="0" check="false" cluster="failfast"/>

<!--美店主销量任务-->
<dubbo:reference id="taskOrderResource" interface="com.gomeplus.bs.interfaces.mshop.task.service.TaskOrderResource" registry="zk" retries="0" check="false" cluster="failfast"/>
<!--商品服务-->
<dubbo:reference id="iProductInfoService" interface="com.gome.stage.interfaces.whale.IProductInfoService" registry="zk"  check="false"/>
<dubbo:reference  registry="zk" interface="com.gome.frontSe.interfaces.IProdDetailService" id="iProdDetailService" check="false"/>
<!--会员相关-->
<dubbo:reference  registry="zk"  interface="com.gome.meidian.user.manager.IMShopOwnerInfoManager"  id="mShopOwnerInfoManager" check="false"  timeout="120000"/>
<dubbo:reference  registry="zk"  interface="com.gome.meidian.user.manager.IUserShareBindingManager"  id="userShareBindingManager" check="false"  timeout="120000">
	<dubbo:method name="changePianZong" async="true"/>
</dubbo:reference>
<dubbo:reference  registry="zk"  interface="com.gome.meidian.user.manager.IMeidianBindingRelationManager"  id="meidianBindingRelationManager" check="false"  timeout="120000"/>
<dubbo:reference  registry="zk"  interface="com.gome.meidian.user.manager.IMShopShareRecordManager"  id="mShopShareRecordManager" check="false"  timeout="120000"/>
<dubbo:reference  registry="zk"  interface="com.gome.userBase.facade.weChat.IGomeShopWeChatFacade"  id="gomeShopWeChatFacade" check="false"  timeout="120000"/>
<!--券相关-->
<dubbo:reference  registry="zk"  interface="com.gome.pangu.promotionapply.client.coupongive.CouponGiveQueryService"  id="couponGiveQueryService" check="false"  timeout="5000"/>
<!--返利服务-->
<dubbo:reference registry="zk" interface="cn.com.gome.rebate.dubbo.service.man.IDubboRebateDetailService" id="dubboRebateDetailService" check="false" timeout="120000" version="3.0.0" retries="0"/>
<!--CMS服务-->
<dubbo:reference registry="zk" interface="com.gomeplus.bs.interfaces.cms3.service.mdz.IOrderItemBaseResource" id="orderItemBaseResource" check="false" timeout="120000" retries="0"/>
<!--OMS服务-->
<dubbo:reference registry="zk" interface="com.gome.oms.searchorders.service.order.OrderQueryService" id="orderQueryService" check="false" timeout="120000" retries="0" version="1.0.0"/>
<!--销售竞赛-->
<dubbo:reference registry="zk" interface="com.gome.userCenter.facade.userservice.profile.IUserInfoFacade" id="iUserInfoFacade" group="gomeShop" check="false" timeout="3000"/>
<!--返利-->
<dubbo:reference registry="zk" interface="cn.com.gome.rebate.dubbo.service.man.IDubboRebateBusinessBudgetService" id="rebateBusinessBudgetService" check="false" timeout="3000" version="3.0.0"/>

</beans>
