<?xml version="1.0" encoding="UTF-8"?>
<!DOCTYPE mapper PUBLIC "-//mybatis.org//DTD Mapper 3.0//EN" "http://mybatis.org/dtd/mybatis-3-mapper.dtd">
<mapper namespace="com.gomeo2o.service.vshop.dao.impl.MshopCloneItemScheduleDaoImpl">

  <resultMap id="MshopCloneItemScheduleMap" type="MshopCloneItemSchedule">
    <id column="id" jdbcType="BIGINT" property="id" />
    <result column="origin_mshopId" jdbcType="BIGINT" property="originMshopId" />
    <result column="target_mshopId" jdbcType="BIGINT" property="targetMshopId" />
    <result column="status" jdbcType="TINYINT" property="status" />
    <result column="create_time" jdbcType="TIMESTAMP" property="createTime" />
    <result column="update_time" jdbcType="TIMESTAMP" property="updateTime" />
  </resultMap>
  
  <sql id="Base_Column_List">
    id, origin_mshopId, target_mshopId, status, create_time, update_time
  </sql>
  
  
  <!-- 条件查询推送的消息内容 -->
  <select id="queryMshopCloneItemSchedule" parameterType="map" resultMap="MshopCloneItemScheduleMap">
    select 
    <include refid="Base_Column_List" />
    from mshop_clone_items_schedule
    <where>
    	<if test="id != null and id != ''">
    		and id = #{id,jdbcType=BIGINT}
		</if>
		<if test="title != null and title != ''">
    		and title like <![CDATA['%${title}%']]>
		</if>
		<if test="pushUserGroup != null">
			and push_user_group = #{pushUserGroup,jdbcType=SMALLINT}
		</if>
		<if test="pushStatus != null">
			and push_status = #{pushStatus,jdbcType=SMALLINT}
		</if>
		<if test="startTime != null and startTime != ''"> and push_time <![CDATA[ >= ]]> CONVERT('${startTime}', datetime)</if>
		<if test="endTime != null and endTime != ''"> and push_time <![CDATA[ <= ]]> CONVERT('${endTime}', datetime)</if>
		<if test="msgStatus != null">
			and msg_status = #{msgStatus,jdbcType=SMALLINT}
		</if>
	</where>
	order by update_time desc
	limit #{pageFirst},#{pageSize}
  </select>
  
  <!-- 查询总条数 -->
  <select id="queryMshopCloneItemScheduleCount" parameterType="map" resultType="java.lang.Integer">
    select 
    count(1)
    from mshop_clone_items_schedule
    <where>
    	<if test="id != null and id != ''">
    		and id = #{id,jdbcType=BIGINT}
		</if>
		<if test="title != null and title != ''">
    		and title like <![CDATA['%${title}%']]>
		</if>
		<if test="pushUserGroup != null">
			and push_user_group = #{pushUserGroup,jdbcType=SMALLINT}
		</if>
		<if test="pushStatus != null">
			and push_status = #{pushStatus,jdbcType=SMALLINT}
		</if>
		<if test="startTime != null and startTime != ''"> and push_time <![CDATA[ >= ]]> CONVERT('${startTime}', datetime)</if>
		<if test="endTime != null and endTime != ''"> and push_time <![CDATA[ <= ]]> CONVERT('${endTime}', datetime)</if>
		<if test="msgStatus != null">
			and msg_status = #{msgStatus,jdbcType=SMALLINT}
		</if>
	</where>
  </select>
  
  <!-- 查询一键复制的任务是否存在 -->
  <select id="queryMshopCloneItemScheduleById" resultMap="MshopCloneItemScheduleMap" parameterType="java.util.Map">
    select
    <include refid="Base_Column_List" />
    from mshop_clone_items_schedule
    <where>
      origin_mshopId = #{originMshopId} and target_mshopId = #{targetMshopId}
      and status in (0,2)
    </where>
  </select>
  
  <!-- 插入数据 -->
  <insert id="insert" parameterType="MshopCloneItemSchedule" keyProperty="id" useGeneratedKeys="true">
    insert into mshop_clone_items_schedule (origin_mshopId, target_mshopId, status)
    values (#{originMshopId,jdbcType=BIGINT},#{targetMshopId,jdbcType=BIGINT},#{status,jdbcType=TINYINT})
  </insert>
  
</mapper>