<?xml version="1.0" encoding="UTF-8"?>
<!DOCTYPE mapper PUBLIC "-//mybatis.org//DTD Mapper 3.0//EN" "http://mybatis.org/dtd/mybatis-3-mapper.dtd">
<mapper namespace="com.gomeo2o.service.vshop.dao.impl.MshopMessageDaoImpl">

  <resultMap id="MshopPushMessageMap" type="MshopPushMessage">
    <id column="id" jdbcType="BIGINT" property="id" />
    <result column="template_id" jdbcType="BIGINT" property="templateId" />
    <result column="template_pic" jdbcType="VARCHAR" property="templatePic" />
    <result column="type" jdbcType="SMALLINT" property="type" />
    <result column="title" jdbcType="VARCHAR" property="title" />
    <result column="sub_title" jdbcType="VARCHAR" property="subTitle" />
    <result column="redirect_url" jdbcType="VARCHAR" property="redirectUrl" />
    <result column="msg_pic" jdbcType="VARCHAR" property="msgPic" />
    <result column="msg_status" jdbcType="SMALLINT" property="msgStatus" />
    <result column="push_status" jdbcType="SMALLINT" property="pushStatus" />
    <result column="push_time" jdbcType="TIMESTAMP" property="pushTime" />
    <result column="push_user_group" jdbcType="SMALLINT" property="pushUserGroup" />
    <result column="push_channel" jdbcType="TINYINT" property="pushChannel" />
    <result column="expect_push_user_count" jdbcType="BIGINT" property="expectPushUserCount" />
    <result column="push_user_count" jdbcType="BIGINT" property="pushUserCount" />
    <result column="create_operator" jdbcType="VARCHAR" property="createOperator" />
    <result column="update_operator" jdbcType="VARCHAR" property="updateOperator" />
    <result column="audit_operator" jdbcType="VARCHAR" property="auditOperator" />
    <result column="create_time" jdbcType="TIMESTAMP" property="createTime" />
    <result column="update_time" jdbcType="TIMESTAMP" property="updateTime" />
  </resultMap>
  
  <sql id="Base_Column_List">
    id, template_id,`type`, template_pic, title, sub_title, redirect_url, msg_pic, msg_status,
    push_status, push_time, push_user_group, expect_push_user_count, push_user_count,push_channel,
    create_operator, update_operator, audit_operator, create_time, update_time,content
  </sql>
  
  
  <!-- 条件查询推送的消息内容 -->
  <select id="queryMshopPushMessage" parameterType="map" resultMap="MshopPushMessageMap">
    select 
    <include refid="Base_Column_List" />
    from mshop_push_message
    <where>
      `type` = 1  <!-- 美店定时群发消息类型 -->
    	<if test="id != null and id != ''">
    		and id = #{id,jdbcType=BIGINT}
		</if>
		<if test="title != null and title != ''">
            <bind name="pattern" value="'%' + title + '%'" />
            and title like #{pattern}
        </if>
		<!-- <if test="title != null and title != ''">
    		and title like <![CDATA['%#{title}%']]>
		</if> -->
		<if test="pushUserGroup != null">
			and push_user_group = #{pushUserGroup,jdbcType=SMALLINT}
		</if>
        <if test="pushChannel != null">
			and push_channel = #{pushChannel,jdbcType=TINYINT}
		</if>
		<if test="pushStatus != null">
			and push_status = #{pushStatus,jdbcType=SMALLINT}
		</if>
        <if test="templateId != null">
			and template_id = #{templateId,jdbcType=BIGINT}
		</if>
		<if test="startTime != null and startTime != ''"> and push_time <![CDATA[ >= ]]> CONVERT('${startTime}', datetime)</if>
		<if test="endTime != null and endTime != ''"> and push_time <![CDATA[ <= ]]> CONVERT('${endTime}', datetime)</if>
		<if test="msgStatus != null">
			and msg_status = #{msgStatus,jdbcType=SMALLINT}
		</if>
	</where>
	order by update_time desc
	limit #{pageFirst},#{pageSize}
  </select>
  
  <!-- 查询总条数 -->
  <select id="queryMshopPushMessageCount" parameterType="map" resultType="java.lang.Integer">
    select 
    count(1)
    from mshop_push_message
    <where>
        `type` = 1  <!-- 美店定时群发消息类型 -->
    	<if test="id != null and id != ''">
    		and id = #{id,jdbcType=BIGINT}
		</if>
		<if test="title != null and title != ''">
                <bind name="pattern" value="'%' + title + '%'" />
            and title like #{pattern}
        </if>
		<!-- <if test="title != null and title != ''">
    		and title like <![CDATA['%#{title}%']]>
		</if> -->
		<if test="pushUserGroup != null">
			and push_user_group = #{pushUserGroup,jdbcType=SMALLINT}
		</if>
      <if test="pushChannel != null">
        and push_channel = #{pushChannel,jdbcType=TINYINT}
      </if>
      <if test="templateId != null">
        and template_id = #{templateId,jdbcType=BIGINT}
      </if>
		<if test="pushStatus != null">
			and push_status = #{pushStatus,jdbcType=SMALLINT}
		</if>
		<if test="startTime != null and startTime != ''"> and push_time <![CDATA[ >= ]]> CONVERT('${startTime}', datetime)</if>
		<if test="endTime != null and endTime != ''"> and push_time <![CDATA[ <= ]]> CONVERT('${endTime}', datetime)</if>
		<if test="msgStatus != null">
			and msg_status = #{msgStatus,jdbcType=SMALLINT}
		</if>
	</where>
  </select>
  
  <!-- 编辑查询 -->
   <select id="queryMshopPushMessageById" parameterType="java.lang.Long" resultMap="MshopPushMessageMap">
    select 
    <include refid="Base_Column_List" />
    from mshop_push_message
    <where>
    	and id = #{id,jdbcType=BIGINT}
	</where>
  </select>
  <!-- 删除草稿信息 -->
  <delete id="deleteById" parameterType="java.lang.Long">
    delete from mshop_push_message
    where id = #{id,jdbcType=BIGINT}
    and push_status = 0
  </delete>
  
  <!-- 插入数据 -->
  <insert id="insert" parameterType="MshopPushMessage" keyProperty="id" useGeneratedKeys="true">
    insert into mshop_push_message
    <trim prefix="(" suffix=")" suffixOverrides=",">
      <if test="templateId != null">
        template_id,
      </if>
      <if test="templatePic != null">
        template_pic,
      </if>
      <if test="type != null">
        `type`,
      </if>
      <if test="title != null">
        title,
      </if>
      <if test="subTitle != null">
        sub_title,
      </if>
      <if test="redirectUrl != null">
        redirect_url,
      </if>
      <if test="msgPic != null">
        msg_pic,
      </if>
      <if test="msgStatus != null">
        msg_status,
      </if>
      <if test="pushStatus != null">
        push_status,
      </if>
      <if test="pushTime != null">
        push_time,
      </if>
      <if test="pushUserGroup != null">
        push_user_group,
      </if>
      <if test="expectPushUserCount != null">
        expect_push_user_count,
      </if>
      <if test="pushUserCount != null">
        push_user_count,
      </if>
      <if test="createOperator != null">
        create_operator,
      </if>
      <if test="updateOperator != null">
        update_operator,
      </if>
      <if test="auditOperator != null">
        audit_operator,
      </if>
      <if test="content != null">
        content,
      </if>
      <if test="pushChannel != null">
        push_channel,
      </if>
    </trim>
    <trim prefix="values (" suffix=")" suffixOverrides=",">
      <if test="templateId != null">
        #{templateId,jdbcType=BIGINT},
      </if>
      <if test="templatePic != null">
        #{templatePic,jdbcType=VARCHAR},
      </if>
      <if test="type != null">
        #{type,jdbcType=SMALLINT},
      </if>
      <if test="title != null">
        #{title,jdbcType=VARCHAR},
      </if>
      <if test="subTitle != null">
        #{subTitle,jdbcType=VARCHAR},
      </if>
      <if test="redirectUrl != null">
        #{redirectUrl,jdbcType=VARCHAR},
      </if>
      <if test="msgPic != null">
        #{msgPic,jdbcType=VARCHAR},
      </if>
      <if test="msgStatus != null">
        #{msgStatus,jdbcType=SMALLINT},
      </if>
      <if test="pushStatus != null">
        #{pushStatus,jdbcType=SMALLINT},
      </if>
      <if test="pushTime != null">
        #{pushTime,jdbcType=TIMESTAMP},
      </if>
      <if test="pushUserGroup != null">
        #{pushUserGroup,jdbcType=SMALLINT},
      </if>
      <if test="expectPushUserCount != null">
        #{expectPushUserCount,jdbcType=BIGINT},
      </if>
      <if test="pushUserCount != null">
        #{pushUserCount,jdbcType=BIGINT},
      </if>
      <if test="createOperator != null">
        #{createOperator,jdbcType=VARCHAR},
      </if>
      <if test="updateOperator != null">
        #{updateOperator,jdbcType=VARCHAR},
      </if>
      <if test="auditOperator != null">
        #{auditOperator,jdbcType=VARCHAR},
      </if>
      <if test="content != null">
        #{content,jdbcType=LONGVARCHAR},
      </if>
      <if test="pushChannel != null">
        #{pushChannel,jdbcType=TINYINT},
      </if>
    </trim>
  </insert>
  
  <insert id="insertSelective" parameterType="MshopPushMessage">
    insert into mshop_push_message
    <trim prefix="(" suffix=")" suffixOverrides=",">
      <if test="id != null">
        id,
      </if>
      <if test="templateId != null">
        template_id,
      </if>
      <if test="type != null">
        `type`,
      </if>
      <if test="templatePic != null">
        template_pic,
      </if>
      <if test="title != null">
        title,
      </if>
      <if test="subTitle != null">
        sub_title,
      </if>
      <if test="redirectUrl != null">
        redirect_url,
      </if>
      <if test="msgPic != null">
        msg_pic,
      </if>
      <if test="msgStatus != null">
        msg_status,
      </if>
      <if test="pushStatus != null">
        push_status,
      </if>
      <if test="pushTime != null">
        push_time,
      </if>
      <if test="pushUserGroup != null">
        push_user_group,
      </if>
      <if test="expectPushUserCount != null">
        expect_push_user_count,
      </if>
      <if test="pushUserCount != null">
        push_user_count,
      </if>
      <if test="createOperator != null">
        create_operator,
      </if>
      <if test="updateOperator != null">
        update_operator,
      </if>
      <if test="auditOperator != null">
        audit_operator,
      </if>
      <if test="createTime != null">
        create_time,
      </if>
      <if test="updateTime != null">
        update_time,
      </if>
      <if test="content != null">
        content,
      </if>
      <if test="pushChannel != null">
        push_channel,
      </if>
    </trim>
    <trim prefix="values (" suffix=")" suffixOverrides=",">
      <if test="id != null">
        #{id,jdbcType=BIGINT},
      </if>
      <if test="templateId != null">
        #{templateId,jdbcType=BIGINT},
      </if>
      <if test="templatePic != null">
        #{templatePic,jdbcType=VARCHAR},
      </if>
      <if test="type != null">
        #{type,jdbcType=SMALLINT},
      </if>
      <if test="title != null">
        #{title,jdbcType=VARCHAR},
      </if>
      <if test="subTitle != null">
        #{subTitle,jdbcType=VARCHAR},
      </if>
      <if test="redirectUrl != null">
        #{redirectUrl,jdbcType=VARCHAR},
      </if>
      <if test="msgPic != null">
        #{msgPic,jdbcType=VARCHAR},
      </if>
      <if test="msgStatus != null">
        #{msgStatus,jdbcType=SMALLINT},
      </if>
      <if test="pushStatus != null">
        #{pushStatus,jdbcType=SMALLINT},
      </if>
      <if test="pushChannel != null">
        #{pushChannel,jdbcType=TINYINT},
      </if>
      <if test="pushTime != null">
        #{pushTime,jdbcType=TIMESTAMP},
      </if>
      <if test="pushUserGroup != null">
        #{pushUserGroup,jdbcType=SMALLINT},
      </if>
      <if test="expectPushUserCount != null">
        #{expectPushUserCount,jdbcType=BIGINT},
      </if>
      <if test="pushUserCount != null">
        #{pushUserCount,jdbcType=BIGINT},
      </if>
      <if test="createOperator != null">
        #{createOperator,jdbcType=VARCHAR},
      </if>
      <if test="updateOperator != null">
        #{updateOperator,jdbcType=VARCHAR},
      </if>
      <if test="auditOperator != null">
        #{auditOperator,jdbcType=VARCHAR},
      </if>
      <if test="createTime != null">
        #{createTime,jdbcType=TIMESTAMP},
      </if>
      <if test="updateTime != null">
        #{updateTime,jdbcType=TIMESTAMP},
      </if>
      <if test="content != null">
        #{content,jdbcType=LONGVARCHAR},
      </if>
    </trim>
  </insert>
  
  <!-- 编辑消息内容 -->
  <update id="update" parameterType="MshopPushMessage">
    update mshop_push_message
    <set>
      <if test="templateId != null and templateId != ''">
        template_id = #{templateId,jdbcType=BIGINT},
      </if>
      <if test="templatePic != null and templatePic != ''">
        template_pic = #{templatePic,jdbcType=VARCHAR},
      </if>
      <if test="type != null">
        `type` = #{type,jdbcType=SMALLINT},
      </if>
      <if test="title != null and title != ''">
        title = #{title,jdbcType=VARCHAR},
      </if>
        sub_title = #{subTitle,jdbcType=VARCHAR},
        redirect_url = #{redirectUrl,jdbcType=VARCHAR},
      <if test="msgPic != null and msgPic != ''">
        msg_pic = #{msgPic,jdbcType=VARCHAR},
      </if>
      <if test="msgStatus != null">
        msg_status = #{msgStatus,jdbcType=SMALLINT},
      </if>
      <if test="pushStatus != null">
        push_status = #{pushStatus,jdbcType=SMALLINT},
      </if>
      <if test="pushChannel != null">
        push_channel = #{pushChannel,jdbcType=TINYINT},
      </if>
      <if test="pushTime != null">
        push_time = #{pushTime,jdbcType=TIMESTAMP},
      </if>
      <if test="pushUserGroup != null">
        push_user_group = #{pushUserGroup,jdbcType=SMALLINT},
      </if>
      <if test="expectPushUserCount != null">
        expect_push_user_count = #{expectPushUserCount,jdbcType=BIGINT},
      </if>
      <if test="pushUserCount != null">
        push_user_count = #{pushUserCount,jdbcType=BIGINT},
      </if>
      <if test="createOperator != null">
        create_operator = #{createOperator,jdbcType=VARCHAR},
      </if>
      <if test="updateOperator != null and updateOperator != ''">
        update_operator = #{updateOperator,jdbcType=VARCHAR},
      </if>
      <if test="auditOperator != null">
        audit_operator = #{auditOperator,jdbcType=VARCHAR},
      </if>
      <if test="updateTime != null">
        update_time = #{updateTime,jdbcType=TIMESTAMP},
      </if>
      <if test="content != null and content != ''">
        content = #{content,jdbcType=LONGVARCHAR},
      </if>
    </set>
    where id = #{id,jdbcType=BIGINT}
  </update>
  
  
  <update id="updateByPrimaryKeyWithBLOBs" parameterType="MshopPushMessage">
    update mshop_push_message
    set template_id = #{templateId,jdbcType=BIGINT},
      template_pic = #{templatePic,jdbcType=VARCHAR},
      `type` = #{type,jdbcType=SMALLINT},
      title = #{title,jdbcType=VARCHAR},
      sub_title = #{subTitle,jdbcType=VARCHAR},
      redirect_url = #{redirectUrl,jdbcType=VARCHAR},
      msg_pic = #{msgPic,jdbcType=VARCHAR},
      msg_status = #{msgStatus,jdbcType=SMALLINT},
      push_status = #{pushStatus,jdbcType=SMALLINT},
      push_time = #{pushTime,jdbcType=TIMESTAMP},
      push_user_group = #{pushUserGroup,jdbcType=SMALLINT},
      expect_push_user_count = #{expectPushUserCount,jdbcType=BIGINT},
      push_user_count = #{pushUserCount,jdbcType=BIGINT},
      create_operator = #{createOperator,jdbcType=VARCHAR},
      update_operator = #{updateOperator,jdbcType=VARCHAR},
      audit_operator = #{auditOperator,jdbcType=VARCHAR},
      create_time = #{createTime,jdbcType=TIMESTAMP},
      update_time = #{updateTime,jdbcType=TIMESTAMP},
      content = #{content,jdbcType=LONGVARCHAR},
      push_channel = #{pushChannel,jdbcType=TINYINT}
    where id = #{id,jdbcType=BIGINT}
  </update>
  <update id="updateByPrimaryKey" parameterType="MshopPushMessage">
    update mshop_push_message
    set template_id = #{templateId,jdbcType=BIGINT},
      template_pic = #{templatePic,jdbcType=VARCHAR},
      `type` = #{type,jdbcType=SMALLINT},
      title = #{title,jdbcType=VARCHAR},
      sub_title = #{subTitle,jdbcType=VARCHAR},
      redirect_url = #{redirectUrl,jdbcType=VARCHAR},
      msg_pic = #{msgPic,jdbcType=VARCHAR},
      msg_status = #{msgStatus,jdbcType=SMALLINT},
      push_status = #{pushStatus,jdbcType=SMALLINT},
      push_time = #{pushTime,jdbcType=TIMESTAMP},
      push_user_group = #{pushUserGroup,jdbcType=SMALLINT},
      expect_push_user_count = #{expectPushUserCount,jdbcType=BIGINT},
      push_user_count = #{pushUserCount,jdbcType=BIGINT},
      create_operator = #{createOperator,jdbcType=VARCHAR},
      update_operator = #{updateOperator,jdbcType=VARCHAR},
      audit_operator = #{auditOperator,jdbcType=VARCHAR},
      create_time = #{createTime,jdbcType=TIMESTAMP},
      push_channel = #{pushChannel,jdbcType=TINYINT},
      update_time = #{updateTime,jdbcType=TIMESTAMP}
    where id = #{id,jdbcType=BIGINT}
  </update>


  <!-- 查询美店注册单发消息 -->
  <select id="queryRegisterMshopPushMessage" resultMap="MshopPushMessageMap">
    select
    <include refid="Base_Column_List" />
    from mshop_push_message
    <where>
      `type` = 2  <!-- 美店注册单发消息类型 -->
    </where>
    limit 1
  </select>

</mapper>