<?xml version="1.0" encoding="UTF-8"?>
<!DOCTYPE mapper PUBLIC "-//mybatis.org//DTD Mapper 3.0//EN" "http://mybatis.org/dtd/mybatis-3-mapper.dtd">
<mapper namespace="com.gomeo2o.service.vshop.dao.impl.VshopChannelMerchantInfoDaoImpl">
  <resultMap id="BaseResultMap" type="VshopChannelMerchantInfo">
    <id column="id" jdbcType="BIGINT" property="id" />
    <result column="merchant_name" jdbcType="VARCHAR" property="merchantName" />
    <result column="merchant_id_number" jdbcType="VARCHAR" property="merchantIdNumber" />
    <result column="merchant_card_front" jdbcType="VARCHAR" property="merchantCardFront" />
    <result column="merchant_card_reverse" jdbcType="VARCHAR" property="merchantCardReverse" />
    <result column="merchant_card_person" jdbcType="VARCHAR" property="merchantCardPerson" />
    <result column="merchant_phone" jdbcType="VARCHAR" property="merchantPhone" />
    <result column="merchant_work_units" jdbcType="VARCHAR" property="merchantWorkUnits" />
    <result column="merchant_work_units_card" jdbcType="VARCHAR" property="merchantWorkUnitsCard" />
    <result column="create_time" jdbcType="TIMESTAMP" property="createTime" />
    <result column="update_time" jdbcType="TIMESTAMP" property="updateTime" />
  </resultMap>
  
  <sql id="Base_Column_List">
    id, merchant_name, merchant_id_number, merchant_card_front, merchant_card_reverse, 
    merchant_card_person, merchant_phone, merchant_work_units, merchant_work_units_card, 
    create_time, update_time
  </sql>
  <!-- 查询美店主信息 -->
  <select id="getVshopChannelMerchantInfo" parameterType="java.util.Map" resultMap="BaseResultMap">
    select 
    <include refid="Base_Column_List" />
    from vshop_channel_merchant_info
    where id = #{id,jdbcType=BIGINT}
  </select>
  
  <delete id="deleteByPrimaryKey" parameterType="java.lang.Long">
    delete from vshop_channel_merchant_info
    where id = #{id,jdbcType=BIGINT}
  </delete>
  <!-- 新增店主信息 -->
  <insert id="insert" parameterType="VshopChannelMerchantInfo" useGeneratedKeys="true" keyProperty="id">
    insert into vshop_channel_merchant_info (merchant_name, merchant_id_number, 
      merchant_card_front, merchant_card_reverse, 
      merchant_card_person, merchant_phone, merchant_work_units, 
      merchant_work_units_card
      )
    values ( #{merchantName,jdbcType=VARCHAR}, #{merchantIdNumber,jdbcType=VARCHAR}, 
      #{merchantCardFront,jdbcType=VARCHAR}, #{merchantCardReverse,jdbcType=VARCHAR}, 
      #{merchantCardPerson,jdbcType=VARCHAR}, #{merchantPhone,jdbcType=VARCHAR}, #{merchantWorkUnits,jdbcType=VARCHAR}, 
      #{merchantWorkUnitsCard,jdbcType=VARCHAR}
      )
  </insert>
  
  <!-- 修改店主信息 -->
  <update id="update" parameterType="VshopChannelMerchantInfo">
    update vshop_channel_merchant_info
    <set>
      <if test="merchantName != null">
        merchant_name = #{merchantName,jdbcType=VARCHAR},
      </if>
      <if test="merchantIdNumber != null">
        merchant_id_number = #{merchantIdNumber,jdbcType=VARCHAR},
      </if>
      <if test="merchantCardFront != null">
        merchant_card_front = #{merchantCardFront,jdbcType=VARCHAR},
      </if>
      <if test="merchantCardReverse != null">
        merchant_card_reverse = #{merchantCardReverse,jdbcType=VARCHAR},
      </if>
      <if test="merchantCardPerson != null">
        merchant_card_person = #{merchantCardPerson,jdbcType=VARCHAR},
      </if>
      <if test="merchantPhone != null">
        merchant_phone = #{merchantPhone,jdbcType=VARCHAR},
      </if>
      <if test="merchantWorkUnits != null">
        merchant_work_units = #{merchantWorkUnits,jdbcType=VARCHAR},
      </if>
      <if test="merchantWorkUnitsCard != null">
        merchant_work_units_card = #{merchantWorkUnitsCard,jdbcType=VARCHAR},
      </if>
    </set>
    where id = #{id,jdbcType=BIGINT}
  </update>
  
  <update id="updateByPrimaryKey" parameterType="VshopChannelMerchantInfo">
    update vshop_channel_merchant_info
    set merchant_name = #{merchantName,jdbcType=VARCHAR},
      merchant_id_number = #{merchantIdNumber,jdbcType=VARCHAR},
      merchant_card_front = #{merchantCardFront,jdbcType=VARCHAR},
      merchant_card_reverse = #{merchantCardReverse,jdbcType=VARCHAR},
      merchant_card_person = #{merchantCardPerson,jdbcType=VARCHAR},
      merchant_phone = #{merchantPhone,jdbcType=VARCHAR},
      merchant_work_units = #{merchantWorkUnits,jdbcType=VARCHAR},
      merchant_work_units_card = #{merchantWorkUnitsCard,jdbcType=VARCHAR},
      create_time = #{createTime,jdbcType=TIMESTAMP},
      update_time = #{updateTime,jdbcType=TIMESTAMP}
    where id = #{id,jdbcType=BIGINT}
  </update>
</mapper>