<?xml version="1.0" encoding="UTF-8" ?>
<!DOCTYPE mapper PUBLIC "-//mybatis.org//DTD Mapper 3.0//EN" "http://mybatis.org/dtd/mybatis-3-mapper.dtd" >
<mapper namespace="com.gomeo2o.service.vshop.dao.impl.VshopVipInfoRecordDaoImpl" >
  <resultMap id="BaseResultMap" type="com.gomeo2o.facade.vshop.entity.VshopVipInfoRecord" >
    <id column="id" property="id" jdbcType="BIGINT" />
    <result column="user_id" property="userId" jdbcType="BIGINT" />
    <result column="create_time" property="createTime" jdbcType="TIMESTAMP" />
    <result column="update_time" property="updateTime" jdbcType="TIMESTAMP" />
    <result column="remark" property="remark" jdbcType="VARCHAR" />
    <result column="vip_remark" property="vipRemark" jdbcType="VARCHAR" />
    <result column="svip_remark" property="svipRemark" jdbcType="VARCHAR" />
    <result column="start_effective_time" property="startEffectiveTime" jdbcType="TIMESTAMP" />
    <result column="end_effective_time" property="endEffectiveTime" jdbcType="TIMESTAMP" />
  </resultMap>
  <sql id="Base_Column_List" >
    id, user_id, remark, create_time, update_time,vip_remark,svip_remark,start_effective_time,end_effective_time
  </sql>
  <select id="selectByPrimaryKey" resultMap="BaseResultMap" parameterType="java.lang.Long" >
    select 
    <include refid="Base_Column_List" />
    from vshop_vip_info_record
    where id = #{id,jdbcType=BIGINT}
  </select>
  <delete id="deleteByPrimaryKey" parameterType="java.lang.Long" >
    delete from vshop_vip_info_record
    where id = #{id,jdbcType=BIGINT}
  </delete>
  <insert id="insert" parameterType="com.gomeo2o.facade.vshop.entity.VshopVipInfoRecord" >
    insert into vshop_vip_info_record
    <trim prefix="(" suffix=")" suffixOverrides="," >
      <if test="id != null" >
        id,
      </if>
      <if test="userId != null" >
        user_id,
      </if>
      <if test="createTime != null" >
        create_time,
      </if>
      <if test="updateTime != null" >
        update_time,
      </if>
      <if test="remark != null" >
        remark,
      </if>
      <if test="vipRemark != null" >
        vip_remark,
      </if>
      <if test="svipRemark != null" >
        svip_remark,
      </if>
      <if test="startEffectiveTime != null" >
        start_effective_time,
      </if>
      <if test="endEffectiveTime != null" >
        end_effective_time,
      </if>
    </trim>
    <trim prefix="values (" suffix=")" suffixOverrides="," >
      <if test="id != null" >
        #{id,jdbcType=BIGINT},
      </if>
      <if test="userId != null" >
        #{userId,jdbcType=BIGINT},
      </if>
      <if test="createTime != null" >
        #{createTime,jdbcType=TIMESTAMP},
      </if>
      <if test="updateTime != null" >
        #{updateTime,jdbcType=TIMESTAMP},
      </if>
      <if test="remark != null" >
        #{remark,jdbcType=VARCHAR},
      </if>
      <if test="vipRemark != null" >
        #{vipRemark,jdbcType=VARCHAR},
      </if>
      <if test="svipRemark != null" >
        #{svipRemark,jdbcType=VARCHAR},
      </if>
      <if test="startEffectiveTime != null" >
        #{startEffectiveTime,jdbcType=TIMESTAMP},
      </if>
      <if test="endEffectiveTime != null" >
        #{endEffectiveTime,jdbcType=TIMESTAMP},
      </if>
    </trim>
  </insert>
  <insert id="insertSelective" parameterType="com.gomeo2o.facade.vshop.entity.VshopVipInfoRecord" >
    insert into vshop_vip_info_record
    <trim prefix="(" suffix=")" suffixOverrides="," >
      <if test="id != null" >
        id,
      </if>
      <if test="userId != null" >
        user_id,
      </if>
      <if test="createTime != null" >
        create_time,
      </if>
      <if test="updateTime != null" >
        update_time,
      </if>
      <if test="vipRemark != null" >
        vip_remark,
      </if>
      <if test="svipRemark != null" >
        svip_remark,
      </if>
      <if test="startEffectiveTime != null" >
        start_effective_time,
      </if>
      <if test="endEffectiveTime != null" >
        end_effective_time,
      </if>
    </trim>
    <trim prefix="values (" suffix=")" suffixOverrides="," >
      <if test="id != null" >
        #{id,jdbcType=BIGINT},
      </if>
      <if test="userId != null" >
        #{userId,jdbcType=BIGINT},
      </if>
      <if test="createTime != null" >
        #{createTime,jdbcType=TIMESTAMP},
      </if>
      <if test="updateTime != null" >
        #{updateTime,jdbcType=TIMESTAMP},
      </if>
      <if test="vipRemark != null" >
        #{vipRemark,jdbcType=VARCHAR},
      </if>
      <if test="svipRemark != null" >
        #{svipRemark,jdbcType=VARCHAR},
      </if>
      <if test="startEffectiveTime != null" >
        #{startEffectiveTime,jdbcType=TIMESTAMP},
      </if>
      <if test="endEffectiveTime != null" >
        #{endEffectiveTime,jdbcType=TIMESTAMP},
      </if>
    </trim>
  </insert>
  <update id="updateByPrimaryKeySelective" parameterType="com.gomeo2o.facade.vshop.entity.VshopVipInfoRecord" >
    update vshop_vip_info_record
    <set >
      <if test="userId != null" >
        user_id = #{userId,jdbcType=BIGINT},
      </if>
      <if test="createTime != null" >
        create_time = #{createTime,jdbcType=TIMESTAMP},
      </if>
      <if test="updateTime != null" >
        update_time = #{updateTime,jdbcType=TIMESTAMP},
      </if>
      <if test="vipRemark != null" >
        vip_remark = #{vipRemark,jdbcType=VARCHAR},
      </if>
      <if test="svipRemark != null" >
        svip_remark = #{svipRemark,jdbcType=VARCHAR},
      </if>
      <if test="startEffectiveTime != null" >
        start_effective_time = #{startEffectiveTime,jdbcType=TIMESTAMP},
      </if>
      <if test="endEffectiveTime != null" >
        end_effective_time = #{endEffectiveTime,jdbcType=TIMESTAMP},
      </if>
    </set>
    where id = #{id,jdbcType=BIGINT}
  </update>
  <update id="updateByPrimaryKey" parameterType="com.gomeo2o.facade.vshop.entity.VshopVipInfoRecord" >
    update vshop_vip_info_record
    set user_id = #{userId,jdbcType=BIGINT},
      create_time = #{createTime,jdbcType=TIMESTAMP},
      update_time = #{updateTime,jdbcType=TIMESTAMP},
      vip_remark = #{vipRemark,jdbcType=VARCHAR},
      svip_remark = #{svipRemark,jdbcType=VARCHAR},
      start_effective_time = #{startEffectiveTime,jdbcType=TIMESTAMP},
      end_effective_time = #{endEffectiveTime,jdbcType=TIMESTAMP}
    where id = #{id,jdbcType=BIGINT}
  </update>
</mapper>