<?xml version="1.0" encoding="UTF-8" ?>
<!DOCTYPE mapper PUBLIC "-//mybatis.org//DTD Mapper 3.0//EN" "http://mybatis.org/dtd/mybatis-3-mapper.dtd" >
<mapper namespace="com.gomeo2o.service.vshop.dao.impl.VshopVipTeamInfoDaoImpl" >
  <resultMap id="BaseResultMap" type="com.gomeo2o.service.vshop.dao.VshopVipTeamInfoDao" >
    <result column="tutor_user_id" property="tutorUserId" jdbcType="BIGINT" />
    <result column="team_name" property="teamName" jdbcType="VARCHAR" />
    <result column="team_desc" property="teamDesc" jdbcType="VARCHAR" />
    <result column="is_effective" property="isEffective" jdbcType="CHAR" />
    <result column="create_time" property="createTime" jdbcType="TIMESTAMP" />
    <result column="update_time" property="updateTime" jdbcType="TIMESTAMP" />
  </resultMap>
<!--  <insert id="insert" parameterType="com.gomeo2o.facade.vshop.entity.VshopVipTeamInfo" >
    insert into vshop_vip_team_info (tutor_user_id, team_name, team_desc, 
      is_effective, create_time, update_time
      )
    values (#{tutorUserId,jdbcType=BIGINT}, #{teamName,jdbcType=VARCHAR}, #{teamDesc,jdbcType=VARCHAR}, 
      #{isEffective,jdbcType=CHAR}, #{createTime,jdbcType=TIMESTAMP}, #{updateTime,jdbcType=TIMESTAMP}
      )
  </insert>-->
  <insert id="insert" parameterType="com.gomeo2o.facade.vshop.entity.VshopVipTeamInfo" >
    insert into vshop_vip_team_info
    <trim prefix="(" suffix=")" suffixOverrides="," >
      <if test="tutorUserId != null" >
        tutor_user_id,
      </if>
      <if test="teamName != null" >
        team_name,
      </if>
      <if test="teamDesc != null" >
        team_desc,
      </if>
      <if test="isEffective != null" >
        is_effective,
      </if>
      <if test="createTime != null" >
        create_time,
      </if>
      <if test="updateTime != null" >
        update_time,
      </if>
    </trim>
    <trim prefix="values (" suffix=")" suffixOverrides="," >
      <if test="tutorUserId != null" >
        #{tutorUserId,jdbcType=BIGINT},
      </if>
      <if test="teamName != null" >
        #{teamName,jdbcType=VARCHAR},
      </if>
      <if test="teamDesc != null" >
        #{teamDesc,jdbcType=VARCHAR},
      </if>
      <if test="isEffective != null" >
        #{isEffective,jdbcType=CHAR},
      </if>
      <if test="createTime != null" >
        #{createTime,jdbcType=TIMESTAMP},
      </if>
      <if test="updateTime != null" >
        #{updateTime,jdbcType=TIMESTAMP},
      </if>
    </trim>
  </insert>
</mapper>