<?xml version="1.0" encoding="UTF-8"?>
<!DOCTYPE mapper PUBLIC "-//mybatis.org//DTD Mapper 3.0//EN" "http://mybatis.org/dtd/mybatis-3-mapper.dtd">
<mapper namespace="com.gomeo2o.service.vshop.dao.impl.VshopTsMarkertDaoImpl">

	<resultMap id="VshopTsMarkertMap" type="VshopTsMarkert">
		<result column="markert_id" property="markertId" />
		<result column="markert_name" property="markertName" />
		<result column="image_url" property="imageUrl" />
		<result column="search_content" property="searchContent" />
		<result column="group_id" property="groupId" />
	</resultMap>

	<select id="queryTsMarkert" parameterType="long" resultMap="VshopTsMarkertMap">
		select markert_id,markert_name,image_url,search_content
		from vshop_ts_markert
		<where>
			group_id = #{groupId}
		</where>
	</select>
</mapper>