<?xml version="1.0" encoding="UTF-8"?>
<!DOCTYPE mapper PUBLIC "-//mybatis.org//DTD Mapper 3.0//EN" "http://mybatis.org/dtd/mybatis-3-mapper.dtd">
<mapper namespace="com.gomeo2o.service.vshop.dao.impl.VshopDistributionItemDaoImpl">
	<resultMap id="VshopDistributionItemMap" type="VshopDistributionItem">
		<id column="id" property="id" />
		<!-- <result column="item_id" property="itemId" /> -->
		<result column="new_item_id" property="itemId" />
        <result column="sku_id" property="skuId" />
		<result column="status" property="status" />
		<result column="vcategory_Id" property="vcategoryId" />
		<result column="vshop_id" property="vshopId" />
        <result column="identification" property="identification" />
		<result column="create_time" property="createTime" />
		<result column="update_time" property="updateTime" />
		<result column="is_delete" property="isDelete" />
		<result column="story" property="story" />
		<result column="pshop_id" property="pshopId" />
	</resultMap>

	<sql id="Base_Column">
		id,new_item_id,sku_id,identification,status,vcategory_Id,vshop_id,
		create_time,update_time,is_delete,story,pshop_id
	</sql>
	
	<select id="queryProductCountByVshopId" parameterType="map"
		resultType="int">
		select
		count(1)
		from vshop_distribution_item_vshopid
		<where>
			vshop_id = #{vshopId,jdbcType=BIGINT}
			and 
			is_delete = 0
			and
			status in 
			<![CDATA[(${status})]]>  
		</where>
	</select>

	<select id="queryListProductByCategoryId" parameterType="map"
		resultMap="VshopDistributionItemMap">
		select 
		<include refid="Base_Column"></include> 
		from vshop_distribution_item_vshopid
		<where>
			vshop_id = #{vshopId,jdbcType=BIGINT}
			and
			vcategory_id = #{vcategoryId,jdbcType=BIGINT}
			and 
			is_delete = 0
			and
			status in 
			<![CDATA[(${status})]]>  
		</where>
		order by identification,create_time desc,id 
		limit  #{pageSize} OFFSET #{pageFirst} 
	</select>

	<select id="queryListProductByStatus" parameterType="map"
		resultMap="VshopDistributionItemMap">
		select
		<include refid="Base_Column"></include>
		from vshop_distribution_item_vshopid
		<where>
			vshop_id = #{vshopId,jdbcType=BIGINT}
			and 
			is_delete = 0
			and
			status in 
			<![CDATA[(${status})]]>  
		</where>
		order by identification,create_time desc,id 
		limit  #{pageSize} OFFSET #{pageFirst} 
	</select>

	<select id="queryProductCountByStatus" parameterType="map"
		resultType="int">
		select
		count(1)
		from vshop_distribution_item_vshopid
		<where>
			vshop_id = #{vshopId,jdbcType=BIGINT}
			and 
			is_delete = 0
			and
			status in 
			<![CDATA[(${status})]]>  
		</where>
	</select>

	<select id="queryItemCountByCategoryId" parameterType="map"
		resultType="int">
		select
		count(1)
		from vshop_distribution_item_vshopid
		<where>
			vshop_id = #{vshopId,jdbcType=BIGINT}
			and
			vcategory_id = #{vcategoryId,jdbcType=BIGINT}
			and 
			is_delete = 0
			and
			status in 
			<![CDATA[(${status})]]>  
		</where>
	</select>

	<insert id="insert" parameterType="VshopDistributionItem" keyProperty="id" useGeneratedKeys="true">
		insert into
		vshop_distribution_item_vshopid
		(new_item_id,status,vcategory_id,vshop_id,is_delete,story,pshop_id,identification,sku_id)
		values(#{itemId},#{status},#{vcategoryId},#{vshopId},#{isDelete},#{story},#{pshopId},#{identification},#{skuId})
	</insert>

	<update id="update" parameterType="map">
		update vshop_distribution_item_vshopid
		<set>
			<if test="status != null">
				status = #{status},
        	</if>
        	<if test="vcategoryId != null and vcategoryId != -1">
				vcategory_id = #{vcategoryId},
	        </if>
	        <if test="createTime != null">
				create_time = NOW(),
	        </if>
	        <if test="story != null">
				story = #{story}
	        </if>
		</set>
		<where>
			<if test="vshopId != null and vshopId != ''">
				vshop_id = #{vshopId}
	        </if>
			<if test="itemId != null">
				and new_item_id = #{itemId}
	        </if>
		</where>
	</update>

	<!--商品分类删除后移至未分类 -->
	<update id="updateProductCategory" parameterType="map">
		update vshop_distribution_item_vshopid
		set vcategory_id = 0
		<where>
			vshop_id = #{vshopId,jdbcType=BIGINT}
			and
			vcategory_id = #{vcategoryId,jdbcType=BIGINT}
		</where>
	</update>

	<!-- 未使用（商品分类的分类重新排序）
	<update id="updateProductForDeleteCategory" parameterType="map">
		update vshop_distribution_item_vshopid
		set vcategory_id = #{vcategoryId,jdbcType=BIGINT}-1
		<where>
			vshop_id = #{vshopId,jdbcType=BIGINT}
			and
			vcategory_id = #{vcategoryId,jdbcType=BIGINT}
		</where>
	</update>
	-->
	<select id="queryListProductByVshopId" parameterType="map" resultMap="VshopDistributionItemMap">
		select <include refid="Base_Column"></include>
		from vshop_distribution_item_vshopid
		<where>
			vshop_id = #{vshopId,jdbcType=BIGINT}
			and 
			is_delete = 0
			and
			status in 
			<![CDATA[(${status})]]>  
		</where>
		order by create_time desc,id 
		limit  #{pageSize} OFFSET #{pageFirst} 
	</select>
	
	<!--通过MQ同步更新分销商品信息 
	<update id="updateDistributionItemByMQ" parameterType="map">
		update vshop_distribution_item_vshopid
		set 
		status = #{status}
		<where>
			<if test="itemId != null">
				new_item_id = #{itemId}
	        </if>
	        <if test="popId != null"> 
				pshop_id = #{popId}
			</if>
		</where>
	</update>
	-->
	<!--通过ProductId查询商品信息 -->
	<select id="queryProductByProductId" parameterType="map"
		resultMap="VshopDistributionItemMap">
		select
		<include refid="Base_Column"></include>
		from vshop_distribution_item_vshopid
		<where>
			vshop_id = #{vshopId,jdbcType=BIGINT}
			and
			new_item_id = #{itemId,jdbcType=VARCHAR}
			and
			is_delete = 0
			<!-- 判断分析商品，不管线上线下 只根据itemId判断，不需要skuId
			<if test="skuId != null and skuId != ''">  
			and sku_id = #{skuId,jdbcType=VARCHAR}
        	</if>
        	<if test="skuId == null or skuId == ''">  
			and identification = 'online'
        	</if> -->
		</where>
		limit 1 OFFSET 0
	</select>
	
	<!--校验商品存在与否 -->
	<select id="checkProduct" parameterType="map"
		resultType="int">
		select
		count(1)
		from vshop_distribution_item_vshopid
		<where>
			vshop_id = #{vshopId,jdbcType=BIGINT}
			and
			new_item_id = #{itemId,jdbcType=VARCHAR}
			and 
			is_delete = 0
			<!--判断分析商品，不管线上线下 只根据itemId判断，不需要skuId 
			<if test="skuId != null and skuId != ''">  
			and sku_id = #{skuId,jdbcType=VARCHAR}
        	</if>
        	<if test="skuId == null or skuId == ''">  
			 and identification = 'online'
        	</if> -->
			<if test="status != null and status != ''">  
			and status in 
			<![CDATA[(${status})]]>
        	</if>
		</where>
	</select>
	
	<!--冻结店铺下架所有上架的商品-->
	<update id="updateProductaddByDongJie" parameterType="map">
		update vshop_distribution_item_vshopid
		<set>
			<if test="status != null">
				status = #{status,jdbcType=BIGINT}
			</if>
		</set>
		<where>
			vshop_id = #{vshopId,jdbcType=BIGINT}
			and
			status = 1
		</where>
	</update>
	
	<select id="queryProductShareCount" parameterType="long" resultType="int">
		select count(1) from vshop_distribution_item_vshopid
		<where>
			new_item_id = #{itemId,jdbcType=VARCHAR}
			and
			status in (0,1)
			and
			is_delete = 0
		</where>
	</select>
	
	<!-- MQ
	<select id="queryListProductByProductId" parameterType="long" resultMap="VshopDistributionItemMap">
		select 
		 <include refid="Base_Column"></include> 
		from vshop_distribution_item_vshopid
		<where>
			new_item_id = #{itemId,jdbcType=VARCHAR}
			and 
			is_delete = 0
		</where>
	</select>
	 -->
	<select id="queryDistributionItemCountCount" parameterType="map" resultType="int" >
		select 
		count(1) 
		from vshop_distribution_item_vshopid
		<where>
			vshop_id = #{vshopId,jdbcType=BIGINT}
			and 
			is_delete = 0
			and
			status in (0,1)
		</where>
	</select>
	<!-- 610编号api暂时性数据填充 -->
	<select id="queryListProductByCriteria" parameterType="map" resultMap="VshopDistributionItemMap">
		select <include refid="Base_Column"></include>
		from vshop_distribution_item_vshopid
		<where>
			vshop_id = #{vshopId,jdbcType=BIGINT}
			and 
			is_delete = 0
			and
			status in 
			<![CDATA[(${status})]]>
			<if test="vcategoryId != null">
			and vcategory_Id = #{vcategoryId}
	        </if>
			<if test="onShelfTime != null">
			and <![CDATA[create_time >= #{onShelfTime}]]>
			</if>  
		</where>
		<!-- 需求变更：全部商品和上新商品都按照更新时间倒序排序（2016/03/23 add by jiale） -->
<!-- 		<if test="onShelfTime != null">
			order by update_time desc 
		</if> -->
		order by create_time desc,id
		limit  #{pageSize} OFFSET #{pageFirst} 
	</select>
	
	<select id="queryItemQuantityByCriteria" parameterType="map" resultType="int">
		select count(1)
		from vshop_distribution_item_vshopid
		<where>
			vshop_id = #{vshopId,jdbcType=BIGINT}
			and 
			is_delete = 0
			and
			status in 
			<![CDATA[(${status})]]>
			<if test="vcategoryId != null">
			and vcategory_Id = #{vcategoryId}
	        </if>
			<if test="onShelfTime != null">
			and <![CDATA[create_time >= #{onShelfTime}]]>
			</if>  
		</where>
	</select>
	
	<delete id="deleteDistributionItems" parameterType="map">
		delete from vshop_distribution_item_vshopid
		<where>
			vshop_id = #{vshopId}
			and new_item_id in
			<foreach collection="itemIds" item="itemId" index="index" open="(" separator="," close=")">
				#{itemId}
			</foreach>
		</where>
	</delete>
	
	<delete id="deleteDistributionItem" parameterType="map">
		delete from vshop_distribution_item_vshopid
		<where>
			vshop_id = #{vshopId}
			and new_item_id = #{itemId}
			<!-- 判断分析商品，不管线上线下 只根据itemId判断，不需要skuId
			<if test="skuId != null and skuId != ''">  
			and sku_id = #{skuId,jdbcType=VARCHAR}
        	</if>
        	<if test="skuId == null or skuId == ''">  
			 and identification = 'online'
        	</if> -->
		</where>
	</delete>
	
	<!--未使用（根据店铺删除所有店内商品）
	<delete id="deleteDistributionItemByVshopId" parameterType="map">
		delete from vshop_distribution_item_vshopid
		<where>
			vshop_id = #{vshopId}
		</where>
	</delete>
	-->
	<update id="updateDistributionItems" parameterType="map">
		update vshop_distribution_item_vshopid
		<set>
	        <if test="vcategoryId != null">
				vcategory_Id = #{vcategoryId}
	        </if>
		</set>
		<where>
			<if test="vshopId != null">
				vshop_id = #{vshopId}
	        </if>
	        <if test="itemIds != null"> 
			and new_item_id in
				<foreach collection="itemIds" item="itemId" index="index" open="(" separator="," close=")">
					#{itemId}
				</foreach>
			</if>
		</where>
	</update>

	<!-- 已经废弃 -->
	<select id="queryItemsInMShop" parameterType="map" resultMap="VshopDistributionItemMap">
		select <include refid="Base_Column"></include>
		from vshop_distribution_item_vshopid_0
		<where>
			is_delete = 0
			and
			status = 1
		</where>
		limit  #{pageSize} OFFSET #{pageFirst} 
	</select>
	
	<!-- MQ
	<select id="queryListProductByPopId" parameterType="map" resultMap="VshopDistributionItemMap">
		select <include refid="Base_Column"></include>
		from vshop_distribution_item_vshopid
		<where>
			is_delete = 0
			and
			status = 1
			and
			pshop_id = #{pshopId}
		</where>
	</select>
	 -->

	<!-- 修改商品是线下标示为线上标示 -->
	<update id="updateProductIdentificationByVshopId" parameterType="map">
		update vshop_distribution_item_vshopid 
		set 
			identification = 'online'
		<where>
			vshop_id = #{vshopId}
			and identification='offline'
		</where>
	</update>
	
	<select id="queryListProductByMQ" parameterType="map" resultMap="VshopDistributionItemMap" statementType="STATEMENT">
		select <include refid="Base_Column"></include>
		from ${tableName}
		<where>
			is_delete = 0
			and
			status = 1
			<if test="popId != null and popId != ''">  
			and pshop_id = ${popId}
        	</if>
        	<if test="itemId != null and itemId != ''">  
			 and new_item_id = ${itemId}
        	</if>
		</where>
	</select>
	
	<update id="updateProductByMQ" parameterType="map" statementType="STATEMENT">
		update ${tableName}
		set 
		status = ${status}
		<where>
			<if test="popId != null and popId != ''">  
				pshop_id = ${popId}
        	</if>
        	<if test="itemId != null and itemId != ''">  
				and new_item_id = ${itemId}
        	</if>
		</where>
	</update>
	
	<select id="queryListProducts" parameterType="map" resultMap="VshopDistributionItemMap" statementType="STATEMENT">
	 select <include refid="Base_Column"></include> 
	 from vshop_distribution_item_vshopid where vshop_id=${vshopId} and status=${status}
	 and new_item_id in <![CDATA[(${itemIds})]]>
	</select>

</mapper>