<?xml version="1.0" encoding="UTF-8"?>
<!DOCTYPE mapper PUBLIC "-//mybatis.org//DTD Mapper 3.0//EN" "http://mybatis.org/dtd/mybatis-3-mapper.dtd">
<mapper namespace="com.gomeo2o.service.vshop.dao.impl.VshopCategoryDaoImpl">

	<resultMap id="VshopCategoryMap" type="VshopCategory">
		<id column="id" property="id" />
		<result column="vshop_id" property="vshopId" />
		<result column="vcategories" property="vcategories" />
		<result column="create_time" property="createTime" />
		<result column="update_time" property="updateTime" />
		<result column="is_delete" property="isDelete" />
		<result column="main_category_names" property="mainCategoryNames" />
	</resultMap>

	<sql id="Base_Column">
		id,vshop_id,vcategories,create_time,update_time,is_delete,main_category_names
	</sql>

	<insert id="insert" parameterType="VshopCategory" keyProperty="id" useGeneratedKeys="true">
		insert into vshop_category
		(id,vshop_id,vcategories,is_delete,main_category_names)
		values(#{id},#{vshopId},#{vcategories},#{isDelete},#{mainCategoryNames})
	</insert>

	<update id="update" parameterType="VshopCategory">
		update vshop_category
		<set>
			<if test="vcategories != null and vcategories != ''">
				vcategories = #{vcategories,jdbcType=VARCHAR},
			</if>
			<if test="mainCategoryNames != null and mainCategoryNames != ''">
				main_category_names = #{mainCategoryNames,jdbcType=VARCHAR},
			</if>
		</set>
		<where>
			vshop_id = #{vshopId,jdbcType=BIGINT}
		</where>
	</update>

	<select id="queryCategoryByVshopId" parameterType="long"
		resultMap="VshopCategoryMap">
		select 
		<include refid="Base_Column"></include> 
		from vshop_category
		<where>
			vshop_id = #{vshopId,jdbcType=BIGINT}
			and
			is_delete = 0
		</where>
	</select>
	
</mapper>