<?xml version="1.0" encoding="UTF-8"?>
<!DOCTYPE mapper PUBLIC "-//mybatis.org//DTD Mapper 3.0//EN" "http://mybatis.org/dtd/mybatis-3-mapper.dtd">
<mapper namespace="com.gomeo2o.service.vshop.dao.impl.VshopChannelResumeInfoDaoImpl">
  <resultMap id="BaseResultMap" type="VshopChannelResumeInfo">
    <id column="id" jdbcType="BIGINT" property="id" />
    <result column="channel_id" jdbcType="BIGINT" property="channelId" />
    <result column="merchant_id" jdbcType="BIGINT" property="merchantId" />
    <result column="status" jdbcType="VARCHAR" property="status" />
    <result column="desc" jdbcType="VARCHAR" property="desc" />
    <result column="create_time" jdbcType="TIMESTAMP" property="createTime" />
    <result column="update_time" jdbcType="TIMESTAMP" property="updateTime" />
  </resultMap>
  
  <sql id="Base_Column_List">
    id, channel_id, merchant_id, status, `desc`, create_time, update_time
  </sql>
  
  <select id="selectByPrimaryKey" parameterType="java.lang.Long" resultMap="BaseResultMap">
    select 
    <include refid="Base_Column_List" />
    from vshop_channel_resume_info
    where id = #{id,jdbcType=BIGINT}
  </select>

  <insert id="insert" parameterType="VshopChannelResumeInfo">
    insert into vshop_channel_resume_info (channel_id, merchant_id,status,`desc`)
    values (#{channelId,jdbcType=BIGINT}, #{merchantId,jdbcType=BIGINT}, 
      #{status,jdbcType=VARCHAR}, #{desc,jdbcType=VARCHAR})
  </insert>
</mapper>