<?xml version="1.0" encoding="UTF-8"?>
<!DOCTYPE mapper PUBLIC "-//mybatis.org//DTD Mapper 3.0//EN" "http://mybatis.org/dtd/mybatis-3-mapper.dtd">
<mapper namespace="com.gomeo2o.service.vshop.dao.impl.VshopOnItemCountDaoImpl">
	<resultMap id="VshopOnItemCountMap" type="VshopOnItemCount">
		<result column="vshop_id" property="shopId" />
		<result column="count" property="count" />
	</resultMap>

	<!--查询微店下的上架商品数量 -->
	<select id="queryOnItemCount" resultMap="VshopOnItemCountMap">
		select vshop_id, count(*) as count  from vshop_distribution_item 
		<where>
			status =1 and is_delete =0   
		</where>
		group by  vshop_id 
	</select>
	<!--查询微店下的所有店铺 -->
	<select id="queryAllShopList" resultMap="VshopOnItemCountMap">
		select distinct vshop_id from vshop_distribution_item 
		<where>
			is_delete =0   
		</where>
	</select>
</mapper>