<?xml version="1.0" encoding="UTF-8"?>
<!DOCTYPE mapper PUBLIC "-//mybatis.org//DTD Mapper 3.0//EN" "http://mybatis.org/dtd/mybatis-3-mapper.dtd">
<mapper namespace="com.gomeo2o.service.vshop.dao.impl.VshopSensitiveWordsEditRecordDaoImpl">
	<resultMap id="vshopMap" type="VshopSensitiveWordsEditRecord">
		<id column="id" property="id" />
        <result column="vshop_id" property="vshopId" />
        <result column="old_name" property="oldName" />
        <result column="new_name" property="newName" />
        <result column="old_desc" property="oldDesc" />
		<result column="new_desc" property="newDesc" />
		<result column="create_time" property="createTime" />
		<result column="update_time" property="updateTime" />
	</resultMap>

	<sql id="Base_Column">
		id,vshop_id,old_name,new_name,old_desc,new_desc,create_time,update_time
	</sql>

	<insert id="insert" parameterType="VshopSensitiveWordsEditRecord" keyProperty="id" useGeneratedKeys="true">
		insert into vshop_sensitive_words_edit_record
		(vshop_id,old_name,new_name,old_desc,new_desc)
		values(#{vshopId},#{oldName},#{newName},#{oldDesc},#{newDesc})
	</insert>
	
	<select id="getVshopInvitationRelation" parameterType="map" resultMap="vshopMap">
		select <include refid="Base_Column"></include> 
		from vshop_sensitive_words_edit_record 
		where vshop_id = #{vshopId}
	</select>
	



</mapper>