<?xml version="1.0" encoding="UTF-8" ?>
<!DOCTYPE mapper PUBLIC "-//mybatis.org//DTD Mapper 3.0//EN" "http://mybatis.org/dtd/mybatis-3-mapper.dtd" >
<mapper namespace="com.gomeo2o.service.vshop.dao.impl.VshopInfoCtxDaoImpl">

    <insert id="insertVshopInfoCtx" parameterType="com.gomeo2o.facade.vshop.entity.VshopInfoCtx">
        insert into vshop_info_ctx
        <trim prefix="(" suffix=")" suffixOverrides=",">
            <if test="vshopId != null">
                vshop_id,
            </if>
            <if test="ctx != null ">
                ctx,
            </if>
            <if test="userId != null ">
                new_user_id,
            </if>
        </trim>
        <trim prefix="values (" suffix=")" suffixOverrides=",">
            <if test="vshopId != null">
                #{vshopId},
            </if>
            <if test="ctx != null ">
                #{ctx},
            </if>
            <if test="userId != null ">
                #{userId},
            </if>
        </trim>
    </insert>

</mapper>