<?xml version="1.0" encoding="UTF-8"?>
<!DOCTYPE mapper PUBLIC "-//mybatis.org//DTD Mapper 3.0//EN" "http://mybatis.org/dtd/mybatis-3-mapper.dtd">
<mapper namespace="com.gomeo2o.service.vshop.dao.impl.VshopInvitationRelationDaoImpl">
	<resultMap id="vshopMap" type="VshopInvitationRelation">
		<id column="id" property="id" />
        <result column="inviter_vshop_id" property="inviterVshopId" />
        <result column="receiver_vshop_id" property="receiverVshopId" />
        <result column="inviter_user_id" property="inviterUserId" />
        <result column="receiver_user_id" property="receiverUserId" />
		<result column="create_time" property="createTime" />
		<result column="update_time" property="updateTime" />
        <result column="task_id" property="taskId" />
		<result column="active_time" property="activeTime" />
	</resultMap>

	<sql id="Base_Column">
		id,inviter_vshop_id,receiver_vshop_id,inviter_user_id,receiver_user_id,create_time,update_time,task_id,active_time
	</sql>

	<insert id="insert" parameterType="VshopInvitationRelation" keyProperty="id" useGeneratedKeys="true">
		insert into vshop_invitation_relation
		<trim prefix="(" suffix=")" suffixOverrides="," >
			<if test="inviterVshopId != null" >
				inviter_vshop_id,
			</if>
			<if test="receiverVshopId != null" >
				receiver_vshop_id,
			</if>
			<if test="inviterUserId != null" >
				inviter_user_id,
			</if>
			<if test="receiverUserId != null" >
				receiver_user_id,
			</if>
			<if test="taskId != null" >
				task_id,
			</if>
			<if test="activeTime != null" >
				active_time,
			</if>
	    </trim>
	    <trim prefix="values (" suffix=")" suffixOverrides="," >
	    	<if test="inviterVshopId != null" >
				#{inviterVshopId},
			</if>
	    	<if test="receiverVshopId != null" >
				#{receiverVshopId},
			</if>
	    	<if test="inviterUserId != null" >
				#{inviterUserId},
			</if>
	    	<if test="receiverUserId != null" >
				#{receiverUserId},
			</if>
	    	<if test="taskId != null" >
				#{taskId},
			</if>
	    	<if test="activeTime != null" >
				#{activeTime},
			</if>
	    </trim>
	</insert>
	
	<select id="getVshopInvitationRelation" parameterType="map" resultMap="vshopMap">
		select <include refid="Base_Column"></include> 
		from vshop_invitation_relation 
		<where> 
		    <if test="inviterVshopId != null">
                inviter_vshop_id = #{inviterVshopId} and
            </if>
            <if test="receiverVshopId != null">
                receiver_vshop_id = #{receiverVshopId} and
            </if>
            1 = 1
		</where>
		<if test="pageFirst != null and pageSize != null">
          limit #{pageFirst} , #{pageSize}
        </if>  
	</select>
	
	<select id="countVshopInvitationRelation" parameterType="map" resultType="int">
		select count(1)
		from vshop_invitation_relation 
		<where> 
		    <if test="inviterVshopId != null">
                inviter_vshop_id = #{inviterVshopId} and
            </if>
            <if test="receiverVshopId != null">
                receiver_vshop_id = #{receiverVshopId} and
            </if>
            1 = 1
		</where> 
	</select>
	
	<select id="getInvitationRelationByReceiverUserId" parameterType="map" resultMap="vshopMap">
	    select <include refid="Base_Column"></include> 
		from vshop_invitation_relation
		<where> 
		    <if test="receiverUserId != null">
                receiver_user_id = #{receiverUserId}
            </if>
        
		</where> 
	   
	</select>


</mapper>