<?xml version="1.0" encoding="UTF-8" ?>
<!DOCTYPE mapper PUBLIC "-//mybatis.org//DTD Mapper 3.0//EN" "http://mybatis.org/dtd/mybatis-3-mapper.dtd" >
<mapper namespace="com.gomeo2o.service.vshop.dao.impl.VshopVipTeamMemberInfoDaoImpl" >
  <resultMap id="resultMap" type="VshopVipTeamMemberInfo" >
    <id column="id" property="id" jdbcType="BIGINT" />
    <result column="tutor_user_id" property="tutorUserId" jdbcType="BIGINT" />
    <result column="member_user_id" property="memberUserId" jdbcType="BIGINT" />
    <result column="invalid_id" property="invalidId" jdbcType="BIGINT" />
    <result column="source" property="source" jdbcType="INTEGER" />
    <result column="invlalid_time" property="invlalidTime" jdbcType="TIMESTAMP" />
    <result column="create_time" property="createTime" jdbcType="TIMESTAMP" />
    <result column="update_time" property="updateTime" jdbcType="TIMESTAMP" />
  </resultMap>
  <sql id="Base_Column" >
    id, tutor_user_id, member_user_id, invalid_id, source, invlalid_time, create_time, 
    update_time
  </sql>

	<insert id="insert" parameterType="com.gomeo2o.facade.vshop.entity.VshopVipTeamMemberInfo" >
		insert into vshop_vip_team_member_info
		<trim prefix="(" suffix=")" suffixOverrides="," >
			<if test="id != null" >
				id,
			</if>
			<if test="tutorUserId != null" >
				tutor_user_id,
			</if>
			<if test="memberUserId != null" >
				member_user_id,
			</if>
			<if test="invalidId != null" >
				invalid_id,
			</if>
			<if test="source != null" >
				source,
			</if>
			<if test="invlalidTime != null" >
				invlalid_time,
			</if>
			<if test="createTime != null" >
				create_time,
			</if>
			<if test="updateTime != null" >
				update_time,
			</if>
		</trim>
		<trim prefix="values (" suffix=")" suffixOverrides="," >
			<if test="id != null" >
				#{id,jdbcType=BIGINT},
			</if>
			<if test="tutorUserId != null" >
				#{tutorUserId,jdbcType=BIGINT},
			</if>
			<if test="memberUserId != null" >
				#{memberUserId,jdbcType=BIGINT},
			</if>
			<if test="invalidId != null" >
				#{invalidId,jdbcType=BIGINT},
			</if>
			<if test="source != null" >
				#{source,jdbcType=INTEGER},
			</if>
			<if test="invlalidTime != null" >
				#{invlalidTime,jdbcType=TIMESTAMP},
			</if>
			<if test="createTime != null" >
				#{createTime,jdbcType=TIMESTAMP},
			</if>
			<if test="updateTime != null" >
				#{updateTime,jdbcType=TIMESTAMP},
			</if>
		</trim>
	</insert>
  
  <select id="countVshopVipTeamMemberByTutorUserId" parameterType="map" resultType="int">
		select count(1) 
		from vshop_vip_team_member_info
		<where>
           tutor_user_id = #{tutorUserId}
           and invalid_id = 0
		</where>
  </select>
  
  <select id="getVshopVipTeamMembersByTutorUserId" parameterType="map" resultMap="resultMap">
		select 
		<include refid="Base_Column"></include> 
		from vshop_vip_team_member_info 
		<where>
			tutor_user_id = #{tutorUserId}
			and invalid_id = 0
		</where>
		order by create_time desc
		<if test="pageFirst != null and pageSize != null">
		  limit #{pageFirst} , #{pageSize}
		</if>
	</select>
	<!-- 查询用户的导师id -->
	<select id="queryTutorUserIdByMemberUserId" parameterType="java.lang.Long" resultMap="resultMap">
		select 
		<include refid="Base_Column"></include> 
		from vshop_vip_team_member_info
		<where>
			member_user_id = #{memberUserId}
			and invalid_id = 0
		</where>
	</select>

	<!-- 退出团队 -->
	<update id="quitVipTeamMember" parameterType="java.util.Map">

		UPDATE vshop_vip_team_member_info m1,vshop_vip_team_member_info m2 SET m1.invalid_id = m2.id
			WHERE m1.member_user_id = m2.member_user_id AND m1.member_user_id = #{originMemberUserId,jdbcType=BIGINT}

	</update>

</mapper>