<?xml version="1.0" encoding="UTF-8"?>
<!DOCTYPE mapper PUBLIC "-//mybatis.org//DTD Mapper 3.0//EN" "http://mybatis.org/dtd/mybatis-3-mapper.dtd">
<mapper namespace="com.gomeo2o.service.vshop.dao.impl.VshopChannelMerchantChangeRecordDaoImpl">
  <resultMap id="BaseResultMap" type="VshopChannelMerchantChangeRecord">
    <id column="id" jdbcType="BIGINT" property="id" />
    <result column="channel_id" jdbcType="BIGINT" property="channelId" />
    <result column="merchant_id" jdbcType="BIGINT" property="merchantId" />
    <result column="change_time" jdbcType="TIMESTAMP" property="changeTime" />
    <result column="create_time" jdbcType="TIMESTAMP" property="createTime" />
    <result column="update_time" jdbcType="TIMESTAMP" property="updateTime" />
  </resultMap>
  <sql id="Base_Column_List">
    id, channel_id, merchant_id, change_time, create_time, update_time
  </sql>
  
  <select id="selectByPrimaryKey" parameterType="java.lang.Long" resultMap="BaseResultMap">
    select 
    <include refid="Base_Column_List" />
    from vshop_channel_merchant_change_record
    where id = #{id,jdbcType=BIGINT}
  </select>
  
  <delete id="deleteByPrimaryKey" parameterType="java.lang.Long">
    delete from vshop_channel_merchant_change_record
    where id = #{id,jdbcType=BIGINT}
  </delete>
  
  <insert id="insert" parameterType="VshopChannelMerchantChangeRecord">
    insert into vshop_channel_merchant_change_record (channel_id, merchant_id)
    values (#{channelId,jdbcType=BIGINT}, #{merchantId,jdbcType=BIGINT})
  </insert>
  
  <insert id="insertSelective" parameterType="VshopChannelMerchantChangeRecord">
    insert into vshop_channel_merchant_change_record
    <trim prefix="(" suffix=")" suffixOverrides=",">
      <if test="id != null">
        id,
      </if>
      <if test="channelId != null">
        channel_id,
      </if>
      <if test="merchantId != null">
        merchant_id,
      </if>
      <if test="changeTime != null">
        change_time,
      </if>
      <if test="createTime != null">
        create_time,
      </if>
      <if test="updateTime != null">
        update_time,
      </if>
    </trim>
    <trim prefix="values (" suffix=")" suffixOverrides=",">
      <if test="id != null">
        #{id,jdbcType=BIGINT},
      </if>
      <if test="channelId != null">
        #{channelId,jdbcType=BIGINT},
      </if>
      <if test="merchantId != null">
        #{merchantId,jdbcType=BIGINT},
      </if>
      <if test="changeTime != null">
        #{changeTime,jdbcType=TIMESTAMP},
      </if>
      <if test="createTime != null">
        #{createTime,jdbcType=TIMESTAMP},
      </if>
      <if test="updateTime != null">
        #{updateTime,jdbcType=TIMESTAMP},
      </if>
    </trim>
  </insert>
  <update id="updateByPrimaryKeySelective" parameterType="VshopChannelMerchantChangeRecord">
    update vshop_channel_merchant_change_record
    <set>
      <if test="channelId != null">
        channel_id = #{channelId,jdbcType=BIGINT},
      </if>
      <if test="merchantId != null">
        merchant_id = #{merchantId,jdbcType=BIGINT},
      </if>
      <if test="changeTime != null">
        change_time = #{changeTime,jdbcType=TIMESTAMP},
      </if>
      <if test="createTime != null">
        create_time = #{createTime,jdbcType=TIMESTAMP},
      </if>
      <if test="updateTime != null">
        update_time = #{updateTime,jdbcType=TIMESTAMP},
      </if>
    </set>
    where id = #{id,jdbcType=BIGINT}
  </update>
  <update id="updateByPrimaryKey" parameterType="VshopChannelMerchantChangeRecord">
    update vshop_channel_merchant_change_record
    set channel_id = #{channelId,jdbcType=BIGINT},
      merchant_id = #{merchantId,jdbcType=BIGINT},
      change_time = #{changeTime,jdbcType=TIMESTAMP},
      create_time = #{createTime,jdbcType=TIMESTAMP},
      update_time = #{updateTime,jdbcType=TIMESTAMP}
    where id = #{id,jdbcType=BIGINT}
  </update>
</mapper>