<?xml version="1.0" encoding="UTF-8" ?>
<!DOCTYPE mapper PUBLIC "-//mybatis.org//DTD Mapper 3.0//EN" "http://mybatis.org/dtd/mybatis-3-mapper.dtd" >
<mapper namespace="com.gomeo2o.service.vshop.dao.impl.VshopVipCouponProjectDaoImpl" >
  <resultMap id="BaseResultMap" type="com.gomeo2o.facade.vshop.entity.VshopVipCouponProject" >
    <id column="id" property="id" jdbcType="BIGINT" />
    <result column="mode" property="mode" jdbcType="INTEGER" />
    <result column="budget_number" property="budgetNumber" jdbcType="VARCHAR" />
    <result column="start_time" property="startTime" jdbcType="TIMESTAMP" />
    <result column="end_time" property="endTime" jdbcType="TIMESTAMP" />
    <result column="effective_start_time" property="effectiveStartTime" jdbcType="TIMESTAMP" />
    <result column="effective_end_time" property="effectiveEndTime" jdbcType="TIMESTAMP" />
    <result column="gift_total_count" property="giftTotalCount" jdbcType="INTEGER" />
    <result column="gift_stock_count" property="giftStockCount" jdbcType="INTEGER" />
    <result column="budget_consume" property="budgetConsume" jdbcType="DECIMAL" />
    <result column="regular_content" property="regularContent" jdbcType="VARCHAR" />
    <result column="is_notice" property="isNotice" jdbcType="CHAR" />
    <result column="notice_count" property="noticeCount" jdbcType="INTEGER" />
    <result column="notice_mobile" property="noticeMobile" jdbcType="VARCHAR" />
    <result column="status" property="status" jdbcType="INTEGER" />
    <result column="budegt_return" property="budegtReturn" jdbcType="CHAR" />
    <result column="approval_user_name" property="approvalUserName" jdbcType="VARCHAR" />
    <result column="approval_reason" property="approvalReason" jdbcType="VARCHAR" />
    <result column="approval_time" property="approvalTime" jdbcType="TIMESTAMP" />
    <result column="create_time" property="createTime" jdbcType="TIMESTAMP" />
    <result column="update_time" property="updateTime" jdbcType="TIMESTAMP" />
  </resultMap>
  <sql id="Base_Column_List" >
    id, mode, budget_number, start_time, end_time, effective_start_time, effective_end_time, 
    gift_total_count, gift_stock_count, budget_consume, regular_content, is_notice, notice_count, 
    notice_mobile, status, budegt_return, approval_user_name, approval_reason, approval_time, 
    create_time, update_time
  </sql>
  <select id="queryEffectiveVipCouponProject" resultMap="BaseResultMap">
    select 
    <include refid="Base_Column_List" />
    from vshop_vip_coupon_project
    where status = 4
  </select>
  <delete id="deleteByPrimaryKey" parameterType="java.lang.Long" >
    delete from vshop_vip_coupon_project
    where id = #{id,jdbcType=BIGINT}
  </delete>
<!--  <insert id="insert" parameterType="com.gomeo2o.facade.vshop.entity.VshopVipCouponProject" >
    insert into vshop_vip_coupon_project (id, mode, budget_number, 
      start_time, end_time, effective_start_time, 
      effective_end_time, gift_total_count, gift_stock_count, 
      budget_consume, regular_content, is_notice, 
      notice_count, notice_mobile, status, 
      budegt_return, approval_user_name, approval_reason, 
      approval_time, create_time, update_time
      )
    values (#{id,jdbcType=BIGINT}, #{mode,jdbcType=INTEGER}, #{budgetNumber,jdbcType=VARCHAR}, 
      #{startTime,jdbcType=TIMESTAMP}, #{endTime,jdbcType=TIMESTAMP}, #{effectiveStartTime,jdbcType=TIMESTAMP}, 
      #{effectiveEndTime,jdbcType=TIMESTAMP}, #{giftTotalCount,jdbcType=INTEGER}, #{giftStockCount,jdbcType=INTEGER}, 
      #{budgetConsume,jdbcType=DECIMAL}, #{regularContent,jdbcType=VARCHAR}, #{isNotice,jdbcType=CHAR}, 
      #{noticeCount,jdbcType=INTEGER}, #{noticeMobile,jdbcType=VARCHAR}, #{status,jdbcType=INTEGER}, 
      #{budegtReturn,jdbcType=CHAR}, #{approvalUserName,jdbcType=VARCHAR}, #{approvalReason,jdbcType=VARCHAR}, 
      #{approvalTime,jdbcType=TIMESTAMP}, #{createTime,jdbcType=TIMESTAMP}, #{updateTime,jdbcType=TIMESTAMP}
      )
  </insert>-->
  <!-- 插入返回主键 -->
  <insert id="insert" parameterType="com.gomeo2o.facade.vshop.entity.VshopVipCouponProject" useGeneratedKeys="true" keyColumn="id" keyProperty="id" >
    insert into vshop_vip_coupon_project
    <trim prefix="(" suffix=")" suffixOverrides="," >
      <if test="id != null" >
        id,
      </if>
      <if test="mode != null" >
        mode,
      </if>
      <if test="budgetNumber != null" >
        budget_number,
      </if>
      <if test="startTime != null" >
        start_time,
      </if>
      <if test="endTime != null" >
        end_time,
      </if>
      <if test="effectiveStartTime != null" >
        effective_start_time,
      </if>
      <if test="effectiveEndTime != null" >
        effective_end_time,
      </if>
      <if test="giftTotalCount != null" >
        gift_total_count,
      </if>
      <if test="giftStockCount != null" >
        gift_stock_count,
      </if>
      <if test="budgetConsume != null" >
        budget_consume,
      </if>
      <if test="regularContent != null" >
        regular_content,
      </if>
      <if test="isNotice != null" >
        is_notice,
      </if>
      <if test="noticeCount != null" >
        notice_count,
      </if>
      <if test="noticeMobile != null" >
        notice_mobile,
      </if>
      <if test="status != null" >
        status,
      </if>
      <if test="budegtReturn != null" >
        budegt_return,
      </if>
      <if test="approvalUserName != null" >
        approval_user_name,
      </if>
      <if test="approvalReason != null" >
        approval_reason,
      </if>
      <if test="approvalTime != null" >
        approval_time,
      </if>
      <if test="createTime != null" >
        create_time,
      </if>
      <if test="updateTime != null" >
        update_time,
      </if>
    </trim>
    <trim prefix="values (" suffix=")" suffixOverrides="," >
      <if test="id != null" >
        #{id,jdbcType=BIGINT},
      </if>
      <if test="mode != null" >
        #{mode,jdbcType=INTEGER},
      </if>
      <if test="budgetNumber != null" >
        #{budgetNumber,jdbcType=VARCHAR},
      </if>
      <if test="startTime != null" >
        #{startTime,jdbcType=TIMESTAMP},
      </if>
      <if test="endTime != null" >
        #{endTime,jdbcType=TIMESTAMP},
      </if>
      <if test="effectiveStartTime != null" >
        #{effectiveStartTime,jdbcType=TIMESTAMP},
      </if>
      <if test="effectiveEndTime != null" >
        #{effectiveEndTime,jdbcType=TIMESTAMP},
      </if>
      <if test="giftTotalCount != null" >
        #{giftTotalCount,jdbcType=INTEGER},
      </if>
      <if test="giftStockCount != null" >
        #{giftStockCount,jdbcType=INTEGER},
      </if>
      <if test="budgetConsume != null" >
        #{budgetConsume,jdbcType=DECIMAL},
      </if>
      <if test="regularContent != null" >
        #{regularContent,jdbcType=VARCHAR},
      </if>
      <if test="isNotice != null" >
        #{isNotice,jdbcType=CHAR},
      </if>
      <if test="noticeCount != null" >
        #{noticeCount,jdbcType=INTEGER},
      </if>
      <if test="noticeMobile != null" >
        #{noticeMobile,jdbcType=VARCHAR},
      </if>
      <if test="status != null" >
        #{status,jdbcType=INTEGER},
      </if>
      <if test="budegtReturn != null" >
        #{budegtReturn,jdbcType=CHAR},
      </if>
      <if test="approvalUserName != null" >
        #{approvalUserName,jdbcType=VARCHAR},
      </if>
      <if test="approvalReason != null" >
        #{approvalReason,jdbcType=VARCHAR},
      </if>
      <if test="approvalTime != null" >
        #{approvalTime,jdbcType=TIMESTAMP},
      </if>
      <if test="createTime != null" >
        #{createTime,jdbcType=TIMESTAMP},
      </if>
      <if test="updateTime != null" >
        #{updateTime,jdbcType=TIMESTAMP},
      </if>
    </trim>
  </insert>
  <update id="updateByPrimaryKeySelective" parameterType="com.gomeo2o.facade.vshop.entity.VshopVipCouponProject" >
    update vshop_vip_coupon_project
    <set >
      <if test="mode != null" >
        mode = #{mode,jdbcType=INTEGER},
      </if>
      <if test="budgetNumber != null" >
        budget_number = #{budgetNumber,jdbcType=VARCHAR},
      </if>
      <if test="startTime != null" >
        start_time = #{startTime,jdbcType=TIMESTAMP},
      </if>
      <if test="endTime != null" >
        end_time = #{endTime,jdbcType=TIMESTAMP},
      </if>
      <if test="effectiveStartTime != null" >
        effective_start_time = #{effectiveStartTime,jdbcType=TIMESTAMP},
      </if>
      <if test="effectiveEndTime != null" >
        effective_end_time = #{effectiveEndTime,jdbcType=TIMESTAMP},
      </if>
      <if test="giftTotalCount != null" >
        gift_total_count = #{giftTotalCount,jdbcType=INTEGER},
      </if>
      <if test="giftStockCount != null" >
        gift_stock_count = #{giftStockCount,jdbcType=INTEGER},
      </if>
      <if test="budgetConsume != null" >
        budget_consume = #{budgetConsume,jdbcType=DECIMAL},
      </if>
      <if test="regularContent != null" >
        regular_content = #{regularContent,jdbcType=VARCHAR},
      </if>
      <if test="isNotice != null" >
        is_notice = #{isNotice,jdbcType=CHAR},
      </if>
      <if test="noticeCount != null" >
        notice_count = #{noticeCount,jdbcType=INTEGER},
      </if>
      <if test="noticeMobile != null" >
        notice_mobile = #{noticeMobile,jdbcType=VARCHAR},
      </if>
      <if test="status != null" >
        status = #{status,jdbcType=INTEGER},
      </if>
      <if test="budegtReturn != null" >
        budegt_return = #{budegtReturn,jdbcType=CHAR},
      </if>
      <if test="approvalUserName != null" >
        approval_user_name = #{approvalUserName,jdbcType=VARCHAR},
      </if>
      <if test="approvalReason != null" >
        approval_reason = #{approvalReason,jdbcType=VARCHAR},
      </if>
      <if test="approvalTime != null" >
        approval_time = #{approvalTime,jdbcType=TIMESTAMP},
      </if>
      <if test="createTime != null" >
        create_time = #{createTime,jdbcType=TIMESTAMP},
      </if>
      <if test="updateTime != null" >
        update_time = #{updateTime,jdbcType=TIMESTAMP},
      </if>
    </set>
    where id = #{id,jdbcType=BIGINT}
  </update>
  <update id="updateByPrimaryKey" parameterType="com.gomeo2o.facade.vshop.entity.VshopVipCouponProject" >
    update vshop_vip_coupon_project
    set mode = #{mode,jdbcType=INTEGER},
      budget_number = #{budgetNumber,jdbcType=VARCHAR},
      start_time = #{startTime,jdbcType=TIMESTAMP},
      end_time = #{endTime,jdbcType=TIMESTAMP},
      effective_start_time = #{effectiveStartTime,jdbcType=TIMESTAMP},
      effective_end_time = #{effectiveEndTime,jdbcType=TIMESTAMP},
      gift_total_count = #{giftTotalCount,jdbcType=INTEGER},
      gift_stock_count = #{giftStockCount,jdbcType=INTEGER},
      budget_consume = #{budgetConsume,jdbcType=DECIMAL},
      regular_content = #{regularContent,jdbcType=VARCHAR},
      is_notice = #{isNotice,jdbcType=CHAR},
      notice_count = #{noticeCount,jdbcType=INTEGER},
      notice_mobile = #{noticeMobile,jdbcType=VARCHAR},
      status = #{status,jdbcType=INTEGER},
      budegt_return = #{budegtReturn,jdbcType=CHAR},
      approval_user_name = #{approvalUserName,jdbcType=VARCHAR},
      approval_reason = #{approvalReason,jdbcType=VARCHAR},
      approval_time = #{approvalTime,jdbcType=TIMESTAMP},
      create_time = #{createTime,jdbcType=TIMESTAMP},
      update_time = #{updateTime,jdbcType=TIMESTAMP}
    where id = #{id,jdbcType=BIGINT}
  </update>

  <update id="reduceGiftStockCount" parameterType="map" >
     update vshop_vip_coupon_project SET gift_stock_count = gift_stock_count - #{count,jdbcType=INTEGER}
    <if test="f == 1" >
     , status = -1
    </if>
    where id = #{id,jdbcType=BIGINT}
  </update>
  
  <select id="queryListByCondition"  resultMap="BaseResultMap" parameterType="java.util.Map">
      SELECT <include refid="Base_Column_List" /> FROM vshop_vip_coupon_project
      WHERE 1 = 1
      <if test="id != null">
        AND id =  #{id,jdbcType=BIGINT}
      </if>
      <if test="startCreateTime != null">
        AND create_time &gt; #{startCreateTime,jdbcType=TIMESTAMP}
      </if>
      <if test="endCreateTime != null">
        AND create_time &lt; #{endCreateTime,jdbcType=TIMESTAMP}
      </if>
      <if test="status != null">
        AND status = #{status,jdbcType=INTEGER}
      </if>
      order by create_time desc
      <if test="pageFirst != null and pageSize != null">
        limit #{pageFirst} , #{pageSize}
      </if>
  </select>

  <select id="listPageCount"  resultType="java.lang.Long" parameterType="java.util.Map">
    SELECT count(0) FROM vshop_vip_coupon_project
    WHERE 1 = 1
    <if test="id != null">
      AND id =  #{id,jdbcType=BIGINT}
    </if>
    <if test="startCreateTime != null">
      AND create_time &gt; #{startCreateTime,jdbcType=TIMESTAMP}
    </if>
    <if test="endCreateTime != null">
      AND create_time &lt; #{endCreateTime,jdbcType=TIMESTAMP}
    </if>
    <if test="status != null">
      AND status = #{status,jdbcType=INTEGER}
    </if>

  </select>

  <select id="getAllEffectiveProject" resultMap="BaseResultMap">
    SELECT * FROM  vshop_vip_coupon_project WHERE effective_end_time > CURDATE() AND `status` IN (3,4)
  </select>

</mapper>