<?xml version="1.0" encoding="UTF-8" ?>
<!DOCTYPE mapper PUBLIC "-//mybatis.org//DTD Mapper 3.0//EN" "http://mybatis.org/dtd/mybatis-3-mapper.dtd" >
<mapper namespace="com.gomeo2o.service.vshop.dao.impl.VshopVipInfoDaoImpl" >
  <resultMap id="BaseResultMap" type="com.gomeo2o.facade.vshop.entity.VshopVipInfo" >
    <id column="id" property="id" jdbcType="BIGINT" />
    <result column="user_id" property="userId" jdbcType="BIGINT" />
    <result column="identity" property="identity" jdbcType="VARCHAR" />
    <result column="qr_code_url" property="qrCodeUrl" jdbcType="VARCHAR" />
    <result column="qr_no" property="qrNo" jdbcType="VARCHAR" />
    <result column="is_effective" property="isEffective" jdbcType="CHAR" />
    <result column="is_permanent" property="isPermanent" jdbcType="CHAR" />
    <result column="start_effective_time" property="startEffectiveTime" jdbcType="TIMESTAMP" />
    <result column="end_effective_time" property="endEffectiveTime" jdbcType="TIMESTAMP" />
    <result column="source" property="source" jdbcType="INTEGER" />
    <result column="order_no" property="orderNo" jdbcType="VARCHAR" />
    <result column="create_time" property="createTime" jdbcType="TIMESTAMP" />
    <result column="update_time" property="updateTime" jdbcType="TIMESTAMP" />
  </resultMap>

  <resultMap id="BaseMshopIdAndUserIdResultMap" type="com.gomeo2o.facade.vshop.entity.VshopVipMshopIdSimpleInfo" >
    <result column="user_id" property="userId" jdbcType="BIGINT" />
    <result column="vshop_id" property="mshopId" jdbcType="BIGINT" />
  </resultMap>

  <sql id="Base_Column_List" >
    id, user_id, identity, qr_code_url, qr_no, is_effective, is_permanent, start_effective_time, 
    end_effective_time, source, order_no,create_time, update_time
  </sql>
  <select id="selectByPrimaryKey" resultMap="BaseResultMap" parameterType="java.lang.Long" >
    select 
    <include refid="Base_Column_List" />
    from vshop_vip_info
    where id = #{id,jdbcType=BIGINT}
  </select>


  <select id="selectByUserId" resultMap="BaseResultMap" parameterType="java.lang.Long" >
    select
    <include refid="Base_Column_List" />
    from vshop_vip_info
    where user_id = #{userId,jdbcType=BIGINT}
  </select>

  <select id="queryAllVipMshopIdInfoList" resultMap="BaseMshopIdAndUserIdResultMap"   >
     SELECT vvi.user_id AS user_id ,vi.vshop_id AS vshop_id  FROM vshop_vip_info vvi LEFT JOIN vshop_info vi  ON vvi.user_id = vi.new_user_id
  </select>

  <!--
    运营后台分页查询
  -->
  <select id="adminPageQueryVipInfo" parameterType="map" resultMap="BaseResultMap">
    select
    <include refid="Base_Column_List" />
    from vshop_vip_info
    <where>
      1=1
      <if test="userId != null">
        and user_id = #{userId,jdbcType=BIGINT}
      </if>
      <if test="source != null">
        and source = #{source,jdbcType=INTEGER}
      </if>
      <if test="startTime != null ">
        and create_time <![CDATA[ >= ]]> CONVERT('${startTime}', datetime)
      </if>
      <if test="endTime != null ">
        and create_time <![CDATA[ <= ]]> CONVERT('${endTime}', datetime)
      </if>
    </where>
    order by update_time desc
    limit #{pageFirst},#{pageSize}
  </select>

  <select id="adminPageQueryVipInfoCount" parameterType="map" resultType="int">
    select
       count(1)
    from vshop_vip_info
    <where>
      1=1
      <if test="userId != null">
        and user_id = #{userId,jdbcType=BIGINT}
      </if>
      <if test="source != null">
        and source = #{source,jdbcType=INTEGER}
      </if>
      <if test="startTime != null ">
        and create_time <![CDATA[ >= ]]> CONVERT('${startTime}', datetime)
      </if>
      <if test="endTime != null ">
        and create_time <![CDATA[ <= ]]> CONVERT('${endTime}', datetime)
      </if>
    </where>
  </select>

  <delete id="deleteByPrimaryKey" parameterType="java.lang.Long" >
    delete from vshop_vip_info
    where id = #{id,jdbcType=BIGINT}
  </delete>
  <insert id="insert" parameterType="com.gomeo2o.facade.vshop.entity.VshopVipInfo" >
    insert into vshop_vip_info (id, user_id, identity, 
      qr_code_url, qr_no, is_effective, 
      is_permanent, start_effective_time, end_effective_time, 
      source, order_no)
    values (#{id,jdbcType=BIGINT}, #{userId,jdbcType=BIGINT}, #{identity,jdbcType=VARCHAR}, 
      #{qrCodeUrl,jdbcType=VARCHAR}, #{qrNo,jdbcType=VARCHAR}, #{isEffective,jdbcType=CHAR}, 
      #{isPermanent,jdbcType=CHAR}, #{startEffectiveTime,jdbcType=TIMESTAMP}, #{endEffectiveTime,jdbcType=TIMESTAMP}, 
      #{source,jdbcType=INTEGER}, #{orderNo,jdbcType=VARCHAR})
  </insert>
  <insert id="insertSelective" parameterType="com.gomeo2o.facade.vshop.entity.VshopVipInfo" >
    insert into vshop_vip_info
    <trim prefix="(" suffix=")" suffixOverrides="," >
      <if test="id != null" >
        id,
      </if>
      <if test="userId != null" >
        user_id,
      </if>
      <if test="identity != null" >
        identity,
      </if>
      <if test="qrCodeUrl != null" >
        qr_code_url,
      </if>
      <if test="qrNo != null" >
        qr_no,
      </if>
      <if test="isEffective != null" >
        is_effective,
      </if>
      <if test="isPermanent != null" >
        is_permanent,
      </if>
      <if test="startEffectiveTime != null" >
        start_effective_time,
      </if>
      <if test="endEffectiveTime != null" >
        end_effective_time,
      </if>
      <if test="source != null" >
        source,
      </if>
      <if test="orderNo != null" >
        order_no,
      </if>
      <if test="createTime != null" >
        create_time,
      </if>
      <if test="updateTime != null" >
        update_time,
      </if>
    </trim>
    <trim prefix="values (" suffix=")" suffixOverrides="," >
      <if test="id != null" >
        #{id,jdbcType=BIGINT},
      </if>
      <if test="userId != null" >
        #{userId,jdbcType=BIGINT},
      </if>
      <if test="identity != null" >
        #{identity,jdbcType=VARCHAR},
      </if>
      <if test="qrCodeUrl != null" >
        #{qrCodeUrl,jdbcType=VARCHAR},
      </if>
      <if test="qrNo != null" >
        #{qrNo,jdbcType=VARCHAR},
      </if>
      <if test="isEffective != null" >
        #{isEffective,jdbcType=CHAR},
      </if>
      <if test="isPermanent != null" >
        #{isPermanent,jdbcType=CHAR},
      </if>
      <if test="startEffectiveTime != null" >
        #{startEffectiveTime,jdbcType=TIMESTAMP},
      </if>
      <if test="endEffectiveTime != null" >
        #{endEffectiveTime,jdbcType=TIMESTAMP},
      </if>
      <if test="source != null" >
        #{source,jdbcType=INTEGER},
      </if>
      <if test="orderNo != null" >
        #{orderNo,jdbcType=VARCHAR},
      </if>
      <if test="createTime != null" >
        #{createTime,jdbcType=TIMESTAMP},
      </if>
      <if test="updateTime != null" >
        #{updateTime,jdbcType=TIMESTAMP},
      </if>
    </trim>
  </insert>
  
  <!-- 	修改vip信息	 -->
  <update id="update" parameterType="com.gomeo2o.facade.vshop.entity.VshopVipInfo" >
    update vshop_vip_info
    <set >
      <if test="identity != null" >
        identity = #{identity,jdbcType=VARCHAR},
      </if>
      <if test="qrCodeUrl != null" >
        qr_code_url = #{qrCodeUrl,jdbcType=VARCHAR},
      </if>
      <if test="qrNo != null" >
        qr_no = #{qrNo,jdbcType=VARCHAR},
      </if>
      <if test="isEffective != null" >
        is_effective = #{isEffective,jdbcType=CHAR},
      </if>
      <if test="isPermanent != null" >
        is_permanent = #{isPermanent,jdbcType=CHAR},
      </if>
      <if test="startEffectiveTime != null" >
        start_effective_time = #{startEffectiveTime,jdbcType=TIMESTAMP},
      </if>
      <if test="endEffectiveTime != null" >
        end_effective_time = #{endEffectiveTime,jdbcType=TIMESTAMP},
      </if>
      <if test="source != null" >
        source = #{source,jdbcType=INTEGER},
      </if>
      <if test="orderNo != null" >
        order_no = #{orderNo,jdbcType=VARCHAR},
      </if>
      <if test="createTime != null" >
        create_time = #{createTime,jdbcType=TIMESTAMP},
      </if>
      <if test="updateTime != null" >
        update_time = #{updateTime,jdbcType=TIMESTAMP},
      </if>
    </set>
    where user_id = #{userId,jdbcType=BIGINT}
  </update>
  
  <update id="updateByPrimaryKey" parameterType="com.gomeo2o.facade.vshop.entity.VshopVipInfo" >
    update vshop_vip_info
    set user_id = #{userId,jdbcType=BIGINT},
      identity = #{identity,jdbcType=VARCHAR},
      qr_code_url = #{qrCodeUrl,jdbcType=VARCHAR},
      qr_no = #{qrNo,jdbcType=VARCHAR},
      is_effective = #{isEffective,jdbcType=CHAR},
      is_permanent = #{isPermanent,jdbcType=CHAR},
      start_effective_time = #{startEffectiveTime,jdbcType=TIMESTAMP},
      end_effective_time = #{endEffectiveTime,jdbcType=TIMESTAMP},
      source = #{source,jdbcType=INTEGER},
      order_no = #{orderNo,jdbcType=VARCHAR},
      create_time = #{createTime,jdbcType=TIMESTAMP},
      update_time = #{updateTime,jdbcType=TIMESTAMP}
    where id = #{id,jdbcType=BIGINT}
  </update>
</mapper>