<?xml version="1.0" encoding="UTF-8" ?>
<!DOCTYPE mapper PUBLIC "-//mybatis.org//DTD Mapper 3.0//EN" "http://mybatis.org/dtd/mybatis-3-mapper.dtd" >
<mapper namespace="com.gomeo2o.service.vshop.dao.impl.VshopInfoDescDaoImpl">
    <resultMap id="BaseResultMap" type="VshopInfoDesc">
        <id column="id" property="id" />
        <result column="user_id" property="userId" />
        <result column="store_code" property="storeCode" />
        <result column="organization" property="organization" />
        <result column="reward_status" property="rewardStatus" />
        <result column="staff_code" property="staffCode" />
        <result column="online" property="online" />
        <result column="create_time" property="createTime" />
        <result column="update_time" property="updateTime" />
        <result column="identity_tag" property="identityTag" />
        <result column="vshop_id" property="vshopId" />
        <result column="vshop_name" property="vshopName" />
        <result column="vshop_identity" property="vshopIdentity" />
    </resultMap>

	<sql id="Base_Column" >
	     id,user_id,store_code,organization,reward_status,staff_code,online,create_time,update_time,identity_tag
	</sql>
    <insert id="insertVshopInfoDesc" useGeneratedKeys="true" keyProperty="id" parameterType="VshopInfoDesc">
        insert into vshop_info_desc
        <trim prefix="(" suffix=")" suffixOverrides=",">
            <if test="userId != null">
                user_id,
            </if>
            <if test="storeCode != null and storeCode != ''">
                store_code,
            </if>
            <if test="organization != null and organization != ''">
                organization,
            </if>
            <if test="rewardStatus != null">
                reward_status,
            </if>
            <if test="staffCode != null and staffCode != ''">
                staff_code,
            </if>
            <if test="online != null">
                online,
            </if>
            <if test="createTime != null">
                create_time,
            </if>
            <if test="updateTime != null">
                update_time,
            </if>
            <if test="identityTag != null">
                identity_tag
            </if>
        </trim>
        <trim prefix="values (" suffix=")" suffixOverrides=",">
            <if test="userId != null">
                #{userId},
            </if>
            <if test="storeCode != null and storeCode != ''">
                #{storeCode},
            </if>
            <if test="organization != null and organization != ''">
                #{organization},
            </if>
            <if test="rewardStatus != null">
                #{rewardStatus},
            </if>
            <if test="staffCode != null and staffCode != ''">
                #{staffCode},
            </if>
            <if test="online != null">
                #{online},
            </if>
            <if test="createTime != null">
                #{createTime},
            </if>
            <if test="updateTime != null">
                #{updateTime},
            </if>
            <if test="identityTag != null">
                #{identityTag}
            </if>
        </trim>
    </insert>
	
    <insert id="insertOrUpdateVshopInfoDesc" useGeneratedKeys="true" keyProperty="id" parameterType="VshopInfoDesc">
        insert into vshop_info_desc 
        <trim prefix="(" suffix=")" suffixOverrides=",">
            <if test="userId != null">
                user_id,
            </if>
            <if test="storeCode != null and storeCode != ''">
                store_code,
            </if>
            <if test="organization != null and organization != ''">
                organization,
            </if>
            <if test="rewardStatus != null">
                reward_status,
            </if>
            <if test="staffCode != null and staffCode != ''">
                staff_code,
            </if>
            <if test="online != null">
                online,
            </if>
            <if test="createTime != null">
                create_time,
            </if>
            <if test="updateTime != null">
                update_time,
            </if>
            <if test="identityTag != null">
                identity_tag
            </if>
        </trim>
        <trim prefix="values (" suffix=")" suffixOverrides=",">
            <if test="userId != null">
                #{userId},
            </if>
            <if test="storeCode != null and storeCode != ''">
                #{storeCode},
            </if>
            <if test="organization != null and organization != ''">
                #{organization},
            </if>
            <if test="rewardStatus != null">
                #{rewardStatus},
            </if>
            <if test="staffCode != null and staffCode != ''">
                #{staffCode},
            </if>
            <if test="online != null">
                #{online},
            </if>
            <if test="createTime != null">
                #{createTime},
            </if>
            <if test="updateTime != null">
                #{updateTime},
            </if>
            <if test="identityTag != null">
                #{identityTag}
            </if>
        </trim>
        ON DUPLICATE KEY UPDATE
        <if test="storeCode != null and storeCode != ''">
            store_code = #{storeCode},
        </if>
        <if test="organization != null and organization != ''">
            organization = #{organization},
        </if>
        <if test="rewardStatus != null">
            reward_status = #{rewardStatus},
        </if>
        <if test="staffCode != null and staffCode != ''">
            staff_code = #{staffCode},
        </if>
        <if test="online != null">
            online = #{online},
        </if>
        <if test="identityTag != null">
            identity_tag = #{identityTag},
        </if>
        update_time = CURRENT_TIMESTAMP
    </insert>

    <update id="update" parameterType="VshopInfoDesc">
        update vshop_info_desc 
        <set>
            <if test="userId != null">
                user_id = #{userId},
            </if>
            <if test="storeCode != null and storeCode != ''">
                store_code = #{storeCode},
            </if>
            <if test="organization != null and organization != ''">
                organization = #{organization},
            </if>
            <if test="rewardStatus != null">
                reward_status = #{rewardStatus},
            </if>
            <if test="staffCode != null and staffCode != ''">
               staff_code = #{staffCode},
            </if>
            <if test="online != null">
               online = #{online},
            </if>
            <if test="identityTag != null">
               identity_tag = #{identityTag},
            </if>
            update_time = CURRENT_TIMESTAMP
        </set>
        <where> 1=1
            <if test="id != null">
                and id = #{id}
            </if>
            <if test="userId != null">
                and user_id = #{userId}
            </if>
        </where>
    </update>

    <select id="queryVshopInfoDescByMap" parameterType="map" resultMap="BaseResultMap">
   		select <include refid="Base_Column"/> 
        from vshop_info_desc 
        <where> 1=1 
            <if test="id != null">
                and id = #{id}
            </if>
            <if test="userId != null">
                and user_id = #{userId}
            </if>
            <if test="storeCode != null and storeCode != ''">
                and store_code = #{storeCode}
            </if>
            <if test="organization != null and organization != ''">
                and organization = #{organization}
            </if>
            <if test="rewardStatus != null">
                and reward_status = #{rewardStatus}
            </if>
        </where>
        order by update_time desc 
  	</select>

    <select id="queryVshopInfoDescUnionVshopInfoByParam" parameterType="map" resultMap="BaseResultMap">
    select
        infoDesc.id,
        infoDesc.user_id,
        infoDesc.store_code,
        infoDesc.staff_code,
        infoDesc.organization,
        infoDesc.reward_status,
        infoDesc.online,
        infoDesc.identity_tag,
        info.vshop_name,
        info.vshop_id,
        info.vshop_identity,
        info.create_time
    from vshop_info as info , vshop_info_desc as infoDesc
    WHERE infoDesc.user_id=info.new_user_id
    <if test="id != null">
        and infoDesc.id = #{id}
    </if>
    <if test="userId != null">
        and infoDesc.user_id = #{userId}
    </if>
    <if test="storeCode != null and storeCode !='' ">
        and infoDesc.store_code = #{storeCode}
    </if>
    <if test="staffCode != null and staffCode !='' ">
        and infoDesc.staff_code = #{staffCode}
    </if>
    <if test="organization != null and organization !='' ">
        and infoDesc.organization = #{organization}
    </if>
    <if test="rewardStatus != null">
        and infoDesc.reward_status = #{rewardStatus}
    </if>
    <if test="createTime != null">
        and infoDesc.create_time = #{createTime}
    </if>
    <if test="updateTime != null">
        and infoDesc.update_time = #{updateTime}
    </if>
    <if test="online != null">
        and infoDesc.online = #{online}
    </if>
    <if test="identityTag != null">
        and infoDesc.identity_tag = #{identityTag}
    </if>
    <if test="vshopName != null and vshopName !='' ">
        and info.vshop_name = #{vshopName}
    </if>
    <if test="vshopId != null">
        and info.vshop_id = #{vshopId}
    </if>
    <if test="vshopIdentity != null">
        and info.vshop_identity = #{vshopIdentity}
    </if>
    /*开店时间*/
        <if test="startTime != null and startTime != ''">
            and info.create_time <![CDATA[ >= ]]> CONVERT('${startTime}', datetime)
        </if>
        <if test="endTime != null and endTime != ''">
          and info.create_time <![CDATA[ <= ]]> CONVERT('${endTime}', datetime)
        </if>
    order by info.create_time DESC
        <if test="offset != null and pageSize != null">
            limit #{offset},#{pageSize}
        </if>
    </select>

    <select id="queryCountVshopInfoDescUnionVshopInfoByParam" parameterType="map" resultType="java.lang.Long">
    select count(infoDesc.user_id)
    from vshop_info as info , vshop_info_desc as infoDesc
    WHERE infoDesc.user_id=info.new_user_id
        <if test="id != null">
            and infoDesc.id = #{id}
        </if>
        <if test="userId != null">
            and infoDesc.user_id = #{userId}
        </if>
        <if test="storeCode != null and storeCode !='' ">
            and infoDesc.store_code = #{storeCode}
        </if>
        <if test="staffCode != null and staffCode !='' ">
            and infoDesc.staff_code = #{staffCode}
        </if>
        <if test="organization != null and organization !='' ">
            and infoDesc.organization = #{organization}
        </if>
        <if test="rewardStatus != null">
            and infoDesc.reward_status = #{rewardStatus}
        </if>
        <if test="createTime != null">
            and infoDesc.create_time = #{createTime}
        </if>
        <if test="updateTime != null">
            and infoDesc.update_time = #{updateTime}
        </if>
        <if test="online != null">
            and infoDesc.online = #{online}
        </if>
        <if test="identityTag != null">
            and infoDesc.identity_tag = #{identityTag}
        </if>
        <if test="vshopName != null and vshopName !='' ">
            and info.vshop_name = #{vshopName}
        </if>
        <if test="vshopId != null">
            and info.vshop_id = #{vshopId}
        </if>
        <if test="vshopIdentity != null">
            and info.vshop_identity = #{vshopIdentity}
        </if>
        /*开店时间*/
        <if test="startTime != null and startTime != ''">
            and info.create_time <![CDATA[ >= ]]> CONVERT('${startTime}', datetime)
        </if>
        <if test="endTime != null and endTime != ''">
            and info.create_time <![CDATA[ <= ]]> CONVERT('${endTime}', datetime)
        </if>
    </select>

</mapper>