<?xml version="1.0" encoding="UTF-8" ?>
<!DOCTYPE mapper PUBLIC "-//mybatis.org//DTD Mapper 3.0//EN" "http://mybatis.org/dtd/mybatis-3-mapper.dtd" >
<mapper namespace="com.gomeo2o.service.vshop.dao.impl.VshopVipRelationshipDaoImpl" >
  <resultMap id="resultMap" type="VshopVipRelationship" >
    <id column="id" property="id" jdbcType="BIGINT" />
    <result column="inviter_user_id" property="inviterUserId" jdbcType="VARCHAR" />
    <result column="invited_user_id" property="invitedUserId" jdbcType="VARCHAR" />
    <result column="invite_time" property="inviteTime" jdbcType="TIMESTAMP" />
    <result column="is_effective" property="isEffective" jdbcType="CHAR" />
    <result column="source" property="source" jdbcType="INTEGER" />
    <result column="create_time" property="createTime" jdbcType="TIMESTAMP" />
    <result column="update_time" property="updateTime" jdbcType="TIMESTAMP" />
  </resultMap>
  <sql id="Base_Column" >
    id, inviter_user_id, invited_user_id, invite_time, is_effective,source, create_time, update_time
  </sql>


    <insert id="insert" parameterType="VshopVipRelationship">
      INSERT INTO vshop_vip_relationship (id, inviter_user_id, invited_user_id, invite_time, is_effective,source)
      VALUES (#{id,jdbcType=BIGINT}, #{inviterUserId,jdbcType=VARCHAR}, #{invitedUserId,jdbcType=VARCHAR},#{inviteTime,jdbcType=TIMESTAMP},#{isEffective,jdbcType=CHAR},#{source,jdbcType=INTEGER})
    </insert>
  <select id="countVshopVipRelationshipByInviterUserId" parameterType="map" resultType="int">
		select count(1) 
		from vshop_vip_relationship
		<where>
           inviter_user_id = #{inviterUserId}
           and source in <![CDATA[(${source})]]>
           and is_effective = 'Y'
		</where>
  </select>
  
  <select id="getVshopVipRelationshipsByInviterUserId" parameterType="map" resultMap="resultMap">
		select 
		<include refid="Base_Column"></include> 
		from vshop_vip_relationship 
		<where>
			inviter_user_id = #{inviterUserId}
			and is_effective = 'Y'
		</where>
		order by invite_time desc
		<if test="pageFirst != null and pageSize != null">
		  limit #{pageFirst} , #{pageSize}
		</if>
	</select>
 


</mapper>