<?xml version="1.0" encoding="UTF-8"?>
<!DOCTYPE mapper PUBLIC "-//mybatis.org//DTD Mapper 3.0//EN" "http://mybatis.org/dtd/mybatis-3-mapper.dtd">
<mapper namespace="com.gomeo2o.service.vshop.dao.impl.VshopInfoDaoImpl">
	<resultMap id="vshopMap" type="VshopInfo">
		<id column="vshop_id" property="vshopId" />
		<result column="new_user_id" property="userId" />
		<result column="vshop_type" property="vshopType" />
		<result column="vshop_icon" property="vshopIcon" />
		<result column="vshop_name" property="vshopName" />
		<result column="vshop_desc" property="vshopDesc" />
		<result column="vshop_bgimage" property="vshopBgimage" />
		<result column="vshop_url" property="vshopUrl" />
		<result column="vshopX" property="vshopX" />
		<result column="vshopY" property="vshopY" />
		<result column="create_time" property="createTime" />
		<result column="update_time" property="updateTime" />
		<result column="vshop_status" property="vshopStatus" />
		<result column="vshop_area" property="vshopArea" />
		<result column="province_id" property="provinceId" />
		<result column="city_id" property="cityId" />
		<result column="county_id" property="countyId" />
		<result column="vshop_bgimage_url" property="vshopBgimageUrl" />
		<result column="is_star" property="isStar" />
		<result column="vshop_bgimage_url_pc" property="vshopBgimageUrlPc" />
		<result column="source" property="source" />
		<result column="activity_code" property="activityCode" />
		<result column="activity_time" property="activityTime" />
		<result column="weChat" property="weChat" />
		<result column="phone_no" property="phoneNo" />
		<result column="user_sex" property="userSex" />
		<result column="user_hobby" property="userHobby" />
		<result column="vshop_identity" property="vshopIdentity" />
	</resultMap>

	<sql id="Base_Column">
		vshop_id,new_user_id,vshop_type,vshop_icon,vshop_name,vshop_desc,vshop_bgimage,vshop_bgimage_url,
		vshop_url,vshopX,vshopY,create_time,update_time,vshop_status,weChat,phone_no,user_sex,user_hobby,
		vshop_area,province_id,city_id,county_id,is_star,vshop_bgimage_url_pc,source,activity_code,activity_time,vshop_identity
	</sql>

	<insert id="insert" parameterType="VshopInfo" keyProperty="id" useGeneratedKeys="true">
		insert into vshop_info
		(new_user_id,vshop_type,vshop_icon,vshop_name,vshop_desc,vshop_bgimage,vshop_bgimage_url,
		vshop_url,vshopX,vshopY,vshop_status,weChat,phone_no,user_sex,user_hobby,
		vshop_area,province_id,city_id,county_id,vshop_bgimage_url_pc,source,activity_code,activity_time,vshop_identity,channel)
		values(#{userId},#{vshopType},#{vshopIcon},#{vshopName},#{vshopDesc},
		#{vshopBgimage},#{vshopBgimageUrl},#{vshopUrl},#{vshopX},#{vshopY},
		#{vshopStatus},#{weChat},#{phoneNo},#{userSex},#{userHobby},
		#{vshopArea},#{provinceId},#{cityId},#{countyId},#{vshopBgimageUrlPc},#{source},
		#{activityCode},#{activityTime},#{vshopIdentity},#{channel})
	</insert>

	<update id="update" parameterType="VshopInfo">
		update vshop_info
		<set>
			<if test="vshopName != null and vshopName != ''">
				vshop_name = #{vshopName,jdbcType=VARCHAR},
			</if>
			<if test="vshopIcon != null and vshopIcon != ''">
				vshop_icon = #{vshopIcon,jdbcType=VARCHAR},
			</if>
			<if test="vshopType != null">
				vshop_type = #{vshopType},
			</if> 
			<if test="vshopDesc != null">
				vshop_desc = #{vshopDesc,jdbcType=VARCHAR},
			</if> 
			<if test="vshopBgimage != null and vshopBgimage != ''">
				vshop_bgimage = #{vshopBgimage,jdbcType=VARCHAR},
			</if>
			<if test="vshopBgimageUrl != null">
				vshop_bgimage_url = #{vshopBgimageUrl,jdbcType=VARCHAR},
			</if>
			<if test="vshopBgimageUrlPc != null">
				vshop_bgimage_url_pc = #{vshopBgimageUrlPc,jdbcType=VARCHAR},
			</if>
			<if test="vshopX != 0">
				vshopX = #{vshopX,jdbcType=FLOAT},
			</if>
			<if test="vshopY != 0">
				vshopY = #{vshopY,jdbcType=FLOAT},
			</if>
			<if test="vshopArea != null and vshopArea != ''">
				vshop_area = #{vshopArea,jdbcType=VARCHAR},
			</if>
			<if test="weChat != null and weChat != ''">
				weChat = #{weChat,jdbcType=VARCHAR},
			</if>
			<if test="phoneNo != null and phoneNo != ''">
				phone_no = #{phoneNo,jdbcType=VARCHAR},
			</if>
			<if test="userSex != null and userSex != ''">
				user_sex = #{userSex,jdbcType=Integer},
			</if>
			<if test="userHobby != null and userHobby != ''">
				user_hobby = #{userHobby,jdbcType=VARCHAR},
			</if>
			<if test="vshopIdentity != null">
				vshop_identity = #{vshopIdentity},
			</if>
		</set>
		<where>
			vshop_id = #{vshopId,jdbcType=BIGINT}
		</where>
	</update>

	<update id="updatePopInfo" parameterType="VshopInfo">
		update vshop_info
		<set>
			<if test="vshopDesc != null">
				vshop_desc = #{vshopDesc},
			</if>
			<if test="vshopStatus != null">
				vshop_status = #{vshopStatus},
			</if>
			<if test="vshopUrl != null and vshopUrl != ''">
				vshop_url = #{vshopUrl},
			</if>
			<if test="vshopBgimage != null and vshopBgimage != ''">
				vshop_bgimage = #{vshopBgimage},
			</if>
			<if test="vshopBgimageUrl != null">
				vshop_bgimage_url = #{vshopBgimageUrl},
			</if>
			<if test="vshopName != null and vshopName != ''">
				vshop_name = #{vshopName},
			</if>
			<if test="vshopIcon != null and vshopIcon != ''">
				vshop_icon = #{vshopIcon},
			</if>
			<if test="vshopX != 0">
				vshopX = #{vshopX,jdbcType=FLOAT},
			</if>
			<if test="vshopY != 0">
				vshopY = #{vshopY,jdbcType=FLOAT},
			</if>
			<if test="vshopArea != null">
				vshop_area = #{vshopArea},
			</if>
			<if test="provinceId != null">
				province_id = #{provinceId},
			</if>
			<if test="cityId != null">
				city_id = #{cityId},
			</if>
			<if test="countyId != null">
				county_id = #{countyId},
			</if>
			<if test="vshopIdentity != null">
				vshop_identity = #{vshopIdentity},
			</if>
			vshop_type = #{vshopType}
		</set>
		<where>
			vshop_type = 1
            <if test="vshopId != null and vshopId != ''">
				and vshop_id = #{vshopId}
			</if>
			<if test="userId != null and userId != ''">
				and new_user_id = #{userId}
			</if>
		</where>
	</update>

	<update id="updatePop" parameterType="map">
		update vshop_info
		<set>
			<if test="popId != null">
				vshop_id = #{popId,jdbcType=BIGINT},
			</if>
			<if test="vshopStatus != null">
				vshop_status = #{vshopStatus,jdbcType=INTEGER},
			</if>
		</set>
		<where>
			vshop_type = 1
            and new_user_id = #{userId,jdbcType=INTEGER}
		</where>
	</update>

	<select id="queryVshopByuserId" parameterType="long" resultMap="vshopMap">
		select
		<include refid="Base_Column"></include>
		from vshop_info
		<where>
			new_user_id = #{userId,jdbcType=INTEGER}
			and vshop_type=1
		</where>
	</select>

	<select id="getById" parameterType="long" resultMap="vshopMap">
		select
		<include refid="Base_Column"></include>
		from vshop_info
		<where>
			vshop_id = #{vshopId,jdbcType=BIGINT}
		</where>
	</select>

	<select id="queryVshopName" parameterType="map" resultType="int">
		select count(1) 
		from vshop_info
		<where>
			vshop_type = 1
            and vshop_id != #{vshopId,jdbcType=BIGINT}
			and vshop_name = #{vshopName,jdbcType=VARCHAR}
		</where>
	</select>
	
	<update id="updateVshopStatus" parameterType="map" >
		update vshop_info
		<set>
			vshop_status = #{vshopStatus,jdbcType=INTEGER}
		</set>
		<where>
			vshop_id = #{vshopId,jdbcType=BIGINT}
		</where>
	</update>

	<!--
		@modifyBy liusongnan
		@Date     2018-04-16
		@description
		     新增查询条件
		     	vshopId
		     	vshopNameEqual
	-->
	<select id="queryVshopInfoListByCriteria" parameterType="map" resultMap="vshopMap">
		select
		vshop_info.*
		from vshop_info
		LEFT JOIN  mshop_level_score_record m on m.mshop_id = vshop_id
		<where> 1=1 
			<if test="vshopTypeStatus != null">
				<if test="vshopTypeStatus != 2">
					and vshop_type = #{vshopTypeStatus}
				</if>
			</if>
			<if test="vshopTypeStatus == null">
				and vshop_type = 1
			</if>
			<if test="level != null and level == 1">
				and (m.mshop_level is null or m.mshop_level = #{level})
			</if>
			<if test="level != null and level != 1">
				and m.mshop_level = #{level}
			</if>
			<if test="shopId != null">
				and vshop_id = #{shopId}
			</if>
            <if test="shopNameLike != null and shopNameLike != ''">
				and vshop_name like <![CDATA['%${shopNameLike}%']]>
			</if>
			<if test="shopName != null and shopName != ''">
				and vshop_name = #{shopName}
			</if>
			<if test="status != null">
				and vshop_status = #{status}
			</if>
			<if test="userId != null">
				and new_user_id = #{userId,jdbcType=INTEGER}
			</if>
			<if test="startTime != null and startTime != ''"> and vshop_info.create_time <![CDATA[ >= ]]> CONVERT('${startTime}', datetime)</if>
			<if test="endTime != null and endTime != ''"> and vshop_info.create_time <![CDATA[ <= ]]> CONVERT('${endTime}', datetime)</if>
			<if test="mids != null">
				and vshop_id in 
				<foreach item="mid" index="index" collection="mids" open="(" separator="," close=")">
					#{mid}
				</foreach>
			</if>
			<if test="vshopIdentitys != null">
				and vshop_identity in 
				<foreach item="vshopIdentity" index="index" collection="vshopIdentitys" open="(" separator="," close=")">
					#{vshopIdentity}
				</foreach>
			</if>
		</where>
		ORDER BY vshop_info.create_time desc
		<if test="pageFirst != null and pageSize != null">
			limit #{pageFirst} , #{pageSize}
		</if>

	</select>
	
	<select id="queryVshopInfoCountByCriteria" parameterType="map" resultType="int">
		select count(1)
		from vshop_info
		LEFT JOIN  mshop_level_score_record m on m.mshop_id = vshop_id
		<where> 1=1 
			<if test="vshopTypeStatus != null">
				<if test="vshopTypeStatus != 2">
					and vshop_type = #{vshopTypeStatus}
				</if>
			</if>
			<if test="vshopTypeStatus == null">
				and vshop_type = 1
			</if>
			<if test="level != null and level == 1">
				and (m.mshop_level is null or m.mshop_level = #{level})
			</if>
			<if test="level != null and level != 1">
				and m.mshop_level = #{level}
			</if>
			<if test="shopId != null">
				and vshop_id = #{shopId}
			</if>
			<if test="shopNameLike != null and shopNameLike != ''">
				and vshop_name like <![CDATA['%${shopNameLike}%']]>
			</if>
			<if test="shopName != null and shopName != ''">
				and vshop_name = #{shopName}
			</if>
			<if test="status != null">
				and vshop_status = #{status}
			</if>
			<if test="userId != null">
				and new_user_id = #{userId,jdbcType=INTEGER}
			</if>
			<if test="startTime != null and startTime != ''"> and vshop_info.create_time <![CDATA[ >= ]]> CONVERT('${startTime}', datetime)</if>
			<if test="endTime != null and endTime != ''"> and vshop_info.create_time <![CDATA[ <= ]]> CONVERT('${endTime}', datetime)</if>
			<if test="mids != null">
				and vshop_id in 
				<foreach item="mid" index="index" collection="mids" open="(" separator="," close=")">
					#{mid}
				</foreach>
			</if>
			<if test="vshopIdentitys != null">
				and vshop_identity in
				<foreach item="vshopIdentity" index="index" collection="vshopIdentitys" open="(" separator="," close=")">
					#{vshopIdentity}
				</foreach>
			</if>
		</where>
	</select>



	<select id="queryVshopInfoListForVip" parameterType="map" resultMap="vshopMap">
		select
		<include refid="Base_Column"></include>
		from vshop_info
		<where>
			vshop_type = 1
			<if test="vshopId != null">
				and vshop_id = #{vshopId}
			</if>
			<if test="vshopName != null and vshopName != ''">
				and vshop_name = #{vshopNameEqual}
			</if>
			<if test="userId != null">
				and new_user_id = #{userId,jdbcType=INTEGER}
			</if>
			<if test="excludUserId != null">
				and new_user_id != #{excludUserId,jdbcType=INTEGER}
			</if>
			<if test="startTime != null and startTime != ''"> and create_time <![CDATA[ >= ]]> CONVERT('${startTime}', date)</if>
			<if test="endTime != null and endTime != ''"> and create_time <![CDATA[ <= ]]> CONVERT('${endTime}', date)</if>
		</where>
		ORDER BY vshop_id ASC
		<if test="pageFirst !=null and pageSize !=null">
			limit #{pageFirst} , #{pageSize}
		</if>
	</select>
	
	<select id="queryVshopInfoCountByShiId" parameterType="map" resultType="int">
		select count(1)
		from vshop_info 
		<where>
			vshop_type = 1
            and city_id = #{cityId,jdbcType=BIGINT}
			and
			vshop_status = #{vshopStatus,jdbcType=INTEGER}
		</where>
	</select>
	
	<select id="queryVshopInfoListByShiId" parameterType="map" resultMap="vshopMap">
		select 
		<include refid="Base_Column"></include> 
		from vshop_info 
		<where>
			vshop_type = 1
            and city_id = #{cityId,jdbcType=BIGINT}
			and
			vshop_status = #{vshopStatus,jdbcType=INTEGER}
		</where>
		limit #{pageFirst} , #{pageSize} 
	</select>
	
	<select id="checkVshop" parameterType="long" resultType="int">
		select
		count(1)
		from vshop_info
		<where>
			vshop_id = #{vshopId,jdbcType=BIGINT}
			and
			vshop_status = 0
		</where>
	</select>
	
	<select id="checkVshopStatus" parameterType="long" resultMap="vshopMap">
		select
		<include refid="Base_Column"></include>
		from vshop_info
		<where>
			vshop_id = #{vshopId,jdbcType=BIGINT}
		</where>
	</select>
	
	<!--查询所有微店名称判断是否已经存在  -->
	<select id="queryVshopNameByApp" parameterType="string" resultType="int">
		select count(1)
		from vshop_info
		<where>
			vshop_type = 1
            and vshop_name = #{vshopName,jdbcType=VARCHAR}
		</where>
	</select>
	
	<!--xpop平台查询除本身微店名称判断是否已经存在  -->
	<select id="queryVshopNameByYY" parameterType="map" resultType="int">
		select count(1) 
		from vshop_info
		<where>
			vshop_type = 1
            and vshop_name = #{vshopName,jdbcType=VARCHAR}
			and new_user_id != #{userId}
		</where>
	</select>
	
	<select id="checkUser" parameterType="string" resultType="int">
		select count(1) 
		from vshop_info
		<where>
			vshop_type = 1
            and new_user_id = #{userId,jdbcType=INTEGER}
		</where>
	</select>
	
	<select id="queryPopInfo" parameterType="map" resultMap="vshopMap">
		select 
		<include refid="Base_Column"></include> 
		from vshop_info
		<where>
			vshop_type = #{vshopType,jdbcType=INTEGER}
			and
			vshop_status = #{vshopStatus,jdbcType=INTEGER}
		</where>
	</select>
	
	<select id="queryMshopCount" resultType="int">
		select 
		count(1) 
		from vshop_info
		<where>
			vshop_type = 1
		</where>
	</select>
	
	<select id="checkUserVshop" parameterType="map" resultType="int">
		select count(1) 
		from vshop_info
		<where>
		    vshop_type = 1
			and new_user_id = #{userId,jdbcType=INTEGER}
			and vshop_id = #{vshopId,jdbcType=BIGINT}
		</where>
	</select>
	
	<delete id="deleteVshopInfo" parameterType="map">
		delete from vshop_info
		where 
		new_user_id = #{userId}
		and vshop_type=1
	</delete>
	
	<!-- 从旧版APP创建到新的APP -->
	<insert id="insertNewVshop" parameterType="VshopInfo">
		insert into vshop_info
		(vshop_id,new_user_id,vshop_type,vshop_icon,vshop_name,vshop_desc,vshop_bgimage,vshop_bgimage_url,
		vshop_url,vshopX,vshopY,vshop_status,
		vshop_area,province_id,city_id,county_id,vshop_bgimage_url_pc,vshop_identity,channel)
		values(#{vshopId},#{userId},#{vshopType},#{vshopIcon},#{vshopName},#{vshopDesc},
		#{vshopBgimage},#{vshopBgimageUrl},#{vshopUrl},#{vshopX},#{vshopY},
		#{vshopStatus},#{vshopArea},#{provinceId},#{cityId},#{countyId},#{vshopBgimageUrlPc},#{vshopIdentity},#{channel})
	</insert>
	
	<select id="queryVshopInfoList" parameterType="map" resultMap="vshopMap">
		select
		<include refid="Base_Column"></include> 
		from vshop_info 
		<where>
		    vshop_type = 1
		    <if test="vshopStatus != null and vshopStatus != ''">
                and vshop_status = #{vshopStatus,jdbcType=INTEGER}
            </if>

		</where>
		limit #{pageFirst} , #{pageSize} 
	</select>
	<!-- 用于定时任务批量执行 -->
	<select id="queryVshopInfoListById" parameterType="map" resultType="java.lang.Long">
		select 
			vshop_id 
		from vshop_info 
		<where>
		    vshop_type = 1
		    and vshop_id % #{dividend, jdbcType=BIGINT} = #{mod, jdbcType=BIGINT}
		</where>
		limit #{datanum, jdbcType=BIGINT} 
	</select>

	<update id="updateVshopNameByVshopId" parameterType="long">
		update vshop_info
		<set>
			vshop_name = replace(replace(vshop_name,' ',''),'国美','')
		</set>
		<where>
			vshop_id = #{vshopId,jdbcType=BIGINT}
		</where>
	</update>
	<update id="updataIsStarByShopId" parameterType="map">
	  update vshop_info
		<set>
			is_star = #{isStar}
		</set>
		<where>
			vshop_id = #{vshopId,jdbcType=BIGINT}
		</where>
	</update>
	
	<select id="getByIds" parameterType="map" resultMap="vshopMap">
		select <include refid="Base_Column"></include> 
		from vshop_info
		<where>
			vshop_id in 
			<foreach item="vshopId" index="index" collection="ids" open="(" separator="," close=")">  
                #{vshopId}  
            </foreach>
		</where>
	</select>
	
	<select id="queryVshopInfoListByShopName" parameterType="map" resultMap="vshopMap">
		select <include refid="Base_Column"></include> 
		from vshop_info
		<where>
			vshop_name = #{shopName} 
		</where>
		<if test="pageFirst != null and pageSize != null">
          limit #{pageFirst} , #{pageSize}
        </if>
	</select>
	<!-- 新开通美店接口校验手机号-->
	<select id="queryVshopPhoneNo" parameterType="map" resultType="int">
		select count(1)
		from vshop_info
		<where>
			vshop_type = 1
			and vshop_id != #{vshopId,jdbcType=BIGINT}
			and phone_no = #{phoneNo,jdbcType=VARCHAR}
		</where>
	</select>
</mapper>