<?xml version="1.0" encoding="UTF-8" ?>
<!DOCTYPE mapper PUBLIC "-//mybatis.org//DTD Mapper 3.0//EN" "http://mybatis.org/dtd/mybatis-3-mapper.dtd" >
<mapper namespace="com.gomeo2o.service.vshop.dao.impl.VshopInfoLabelDaoImpl">
    <resultMap id="BaseResultMap" type="VshopInfoLabel">
        <id column="id" property="id" />
        <result column="user_id" property="userId" />
        <result column="user_type" property="userType" />
        <result column="business0" property="business0" />
        <result column="business1" property="business1" />
        <result column="business2" property="business2" />
        <result column="insert_time" property="insertTime" />
        <result column="update_time" property="updateTime" />
        <result column="version" property="version" />
    </resultMap>
    <sql id="Base_Column" >
	     id,user_id,user_type,business0,business1,business2,insert_time,update_time,version
	</sql>
    <insert id="insertVshopInfoLabel" useGeneratedKeys="true" keyProperty="id" parameterType="VshopInfoLabel">
        insert into vshop_info_label
        <trim prefix="(" suffix=")" suffixOverrides=",">
            <if test="userId != null">
                user_id,
            </if>
            <if test="userType != null">
                user_type,
            </if>
            <if test="business0 != null and business0 != ''">
                business0,
            </if>
            <if test="business1 != null and business1 != ''">
                business1,
            </if>
            <if test="business2 != null and business2 != ''">
                business2,
            </if>
            <if test="insertTime != null">
                insert_time,
            </if>
            <if test="updateTime != null">
                update_time,
            </if>
            <if test="version != null">
                version
            </if>
        </trim>
        <trim prefix="values (" suffix=")" suffixOverrides=",">
            <if test="userId != null">
                #{userId},
            </if>
            <if test="userType != null">
                #{userType},
            </if>
            <if test="business0 != null and business0 != ''">
                #{business0},
            </if>
            <if test="business1 != null and business1 != ''">
                #{business1},
            </if>
            <if test="business2 != null and business2 != ''">
                #{business2},
            </if>
            <if test="insertTime != null">
                #{insertTime},
            </if>
            <if test="updateTime != null">
                #{updateTime},
            </if>
            <if test="version != null">
                #{version}
            </if>
        </trim>
    </insert>
    <update id="updateVshopInfoLabel" parameterType="VshopInfoLabel">
        update vshop_info_label
        <set>
            <if test="userType != null">
                user_type = #{userType},
            </if>
            <if test="business0 != null and business0 != ''">
                business0 = #{business0},
            </if>
            <if test="business1 != null and business1 != ''">
                business1 = #{business1},
            </if>
            <if test="business2 != null and business2 != ''">
                business2 = #{business2},
            </if>
            update_time = CURRENT_TIMESTAMP,
            version = version + 1
        </set>
        <where> 1=1
            <if test="id != null">
                and id = #{id}
            </if>
            <if test="userId != null">
                and user_id = #{userId}
            </if>
            <if test="userType != null">
                and user_type = #{userType}
            </if>
        </where>
    </update>

    <select id="queryVshopInfoLabelByUserId" parameterType="map" resultMap="BaseResultMap">
        select <include refid="Base_Column"/>
        from vshop_info_label
        <where>
            <if test="userId != null">
                user_id = #{userId}
            </if>
            <if test="userType != null">
                and user_type = #{userType}
            </if>
        </where>
    </select>
</mapper>