<?xml version="1.0" encoding="UTF-8" ?>
<!DOCTYPE mapper PUBLIC "-//mybatis.org//DTD Mapper 3.0//EN" "http://mybatis.org/dtd/mybatis-3-mapper.dtd" >
<mapper namespace="com.gomeo2o.service.vshop.dao.impl.VshopStoresDaoImpl" >
  <resultMap id="BaseResultMap" type="VshopStores" >
    <id column="id" property="id" jdbcType="BIGINT" />
    <result column="vshop_id" property="vshopId" jdbcType="BIGINT" />
    <result column="cms_key" property="cmsKey" jdbcType="VARCHAR" />
    <result column="cms_modles" property="cmsModles" jdbcType="VARCHAR" />
    <result column="create_time" property="createTime" jdbcType="TIMESTAMP" />
    <result column="update_time" property="updateTime" jdbcType="TIMESTAMP" />
    <result column="is_delete" property="isDelete" jdbcType="INTEGER" />
  </resultMap>
  <sql id="Base_Column_List" >
    id, vshop_id, cms_key, cms_modles, create_time, update_time, is_delete
  </sql>
  <select id="queryVshopStoresById" resultMap="BaseResultMap" parameterType="long" >
    select 
    <include refid="Base_Column_List" />
    from vshop_stores
    where vshop_id = #{vshopId,jdbcType=BIGINT}
  </select>
  <delete id="deleteByPrimaryKey" parameterType="java.lang.Long" >
    delete from vshop_stores
    where id = #{id,jdbcType=BIGINT}
  </delete>
  <insert id="insert" parameterType="VshopStores" keyProperty="id" useGeneratedKeys="true">
    insert into vshop_stores (vshop_id, cms_key,
      cms_modles)
    values (#{vshopId,jdbcType=BIGINT}, #{cmsKey,jdbcType=VARCHAR},
      #{cmsModles,jdbcType=VARCHAR})
  </insert>
  <update id="update" parameterType="VshopStores" >
    update vshop_stores
    <set >
      <if test="cmsKey != null" >
        cms_key = #{cmsKey,jdbcType=VARCHAR},
      </if>
      <if test="cmsModles != null" >
        cms_modles = #{cmsModles,jdbcType=VARCHAR},
      </if>
    </set>
    where vshop_id = #{vshopId,jdbcType=BIGINT}
  </update>
</mapper>