<?xml version="1.0" encoding="UTF-8"?>
<!DOCTYPE mapper PUBLIC "-//mybatis.org//DTD Mapper 3.0//EN" "http://mybatis.org/dtd/mybatis-3-mapper.dtd">
<mapper namespace="dao.VshopChannelOrderInfoMapper">
  <resultMap id="BaseResultMap" type="VshopChannelOrderInfo">
    <id column="id" jdbcType="BIGINT" property="id" />
    <result column="channel_id" jdbcType="BIGINT" property="channelId" />
    <result column="order_id" jdbcType="VARCHAR" property="orderId" />
    <result column="delivery_order_id" jdbcType="VARCHAR" property="deliveryOrderId" />
    <result column="status" jdbcType="INTEGER" property="status" />
    <result column="skuId" jdbcType="VARCHAR" property="skuid" />
    <result column="goods_buy_num" jdbcType="INTEGER" property="goodsBuyNum" />
    <result column="skuName" jdbcType="VARCHAR" property="skuname" />
    <result column="price" jdbcType="DECIMAL" property="price" />
    <result column="order_date" jdbcType="TIMESTAMP" property="orderDate" />
    <result column="kid" jdbcType="VARCHAR" property="kid" />
    <result column="create_time" jdbcType="TIMESTAMP" property="createTime" />
    <result column="update_time" jdbcType="TIMESTAMP" property="updateTime" />
  </resultMap>
  <sql id="Base_Column_List">
    id, channel_id, order_id, delivery_order_id, status, skuId, goods_buy_num, skuName, 
    price, order_date, kid, create_time, update_time
  </sql>
  <select id="selectByPrimaryKey" parameterType="java.lang.Long" resultMap="BaseResultMap">
    select 
    <include refid="Base_Column_List" />
    from vshop_channel_order_info
    where id = #{id,jdbcType=BIGINT}
  </select>
  <delete id="deleteByPrimaryKey" parameterType="java.lang.Long">
    delete from vshop_channel_order_info
    where id = #{id,jdbcType=BIGINT}
  </delete>
  <insert id="insert" parameterType="VshopChannelOrderInfo">
    insert into vshop_channel_order_info (id, channel_id, order_id, 
      delivery_order_id, status, skuId, 
      goods_buy_num, skuName, price, 
      order_date, kid, create_time, 
      update_time)
    values (#{id,jdbcType=BIGINT}, #{channelId,jdbcType=BIGINT}, #{orderId,jdbcType=VARCHAR}, 
      #{deliveryOrderId,jdbcType=VARCHAR}, #{status,jdbcType=INTEGER}, #{skuid,jdbcType=VARCHAR}, 
      #{goodsBuyNum,jdbcType=INTEGER}, #{skuname,jdbcType=VARCHAR}, #{price,jdbcType=DECIMAL}, 
      #{orderDate,jdbcType=TIMESTAMP}, #{kid,jdbcType=VARCHAR}, #{createTime,jdbcType=TIMESTAMP}, 
      #{updateTime,jdbcType=TIMESTAMP})
  </insert>
  <insert id="insertSelective" parameterType="VshopChannelOrderInfo">
    insert into vshop_channel_order_info
    <trim prefix="(" suffix=")" suffixOverrides=",">
      <if test="id != null">
        id,
      </if>
      <if test="channelId != null">
        channel_id,
      </if>
      <if test="orderId != null">
        order_id,
      </if>
      <if test="deliveryOrderId != null">
        delivery_order_id,
      </if>
      <if test="status != null">
        status,
      </if>
      <if test="skuid != null">
        skuId,
      </if>
      <if test="goodsBuyNum != null">
        goods_buy_num,
      </if>
      <if test="skuname != null">
        skuName,
      </if>
      <if test="price != null">
        price,
      </if>
      <if test="orderDate != null">
        order_date,
      </if>
      <if test="kid != null">
        kid,
      </if>
      <if test="createTime != null">
        create_time,
      </if>
      <if test="updateTime != null">
        update_time,
      </if>
    </trim>
    <trim prefix="values (" suffix=")" suffixOverrides=",">
      <if test="id != null">
        #{id,jdbcType=BIGINT},
      </if>
      <if test="channelId != null">
        #{channelId,jdbcType=BIGINT},
      </if>
      <if test="orderId != null">
        #{orderId,jdbcType=VARCHAR},
      </if>
      <if test="deliveryOrderId != null">
        #{deliveryOrderId,jdbcType=VARCHAR},
      </if>
      <if test="status != null">
        #{status,jdbcType=INTEGER},
      </if>
      <if test="skuid != null">
        #{skuid,jdbcType=VARCHAR},
      </if>
      <if test="goodsBuyNum != null">
        #{goodsBuyNum,jdbcType=INTEGER},
      </if>
      <if test="skuname != null">
        #{skuname,jdbcType=VARCHAR},
      </if>
      <if test="price != null">
        #{price,jdbcType=DECIMAL},
      </if>
      <if test="orderDate != null">
        #{orderDate,jdbcType=TIMESTAMP},
      </if>
      <if test="kid != null">
        #{kid,jdbcType=VARCHAR},
      </if>
      <if test="createTime != null">
        #{createTime,jdbcType=TIMESTAMP},
      </if>
      <if test="updateTime != null">
        #{updateTime,jdbcType=TIMESTAMP},
      </if>
    </trim>
  </insert>
  <update id="updateByPrimaryKeySelective" parameterType="VshopChannelOrderInfo">
    update vshop_channel_order_info
    <set>
      <if test="channelId != null">
        channel_id = #{channelId,jdbcType=BIGINT},
      </if>
      <if test="orderId != null">
        order_id = #{orderId,jdbcType=VARCHAR},
      </if>
      <if test="deliveryOrderId != null">
        delivery_order_id = #{deliveryOrderId,jdbcType=VARCHAR},
      </if>
      <if test="status != null">
        status = #{status,jdbcType=INTEGER},
      </if>
      <if test="skuid != null">
        skuId = #{skuid,jdbcType=VARCHAR},
      </if>
      <if test="goodsBuyNum != null">
        goods_buy_num = #{goodsBuyNum,jdbcType=INTEGER},
      </if>
      <if test="skuname != null">
        skuName = #{skuname,jdbcType=VARCHAR},
      </if>
      <if test="price != null">
        price = #{price,jdbcType=DECIMAL},
      </if>
      <if test="orderDate != null">
        order_date = #{orderDate,jdbcType=TIMESTAMP},
      </if>
      <if test="kid != null">
        kid = #{kid,jdbcType=VARCHAR},
      </if>
      <if test="createTime != null">
        create_time = #{createTime,jdbcType=TIMESTAMP},
      </if>
      <if test="updateTime != null">
        update_time = #{updateTime,jdbcType=TIMESTAMP},
      </if>
    </set>
    where id = #{id,jdbcType=BIGINT}
  </update>
  <update id="updateByPrimaryKey" parameterType="VshopChannelOrderInfo">
    update vshop_channel_order_info
    set channel_id = #{channelId,jdbcType=BIGINT},
      order_id = #{orderId,jdbcType=VARCHAR},
      delivery_order_id = #{deliveryOrderId,jdbcType=VARCHAR},
      status = #{status,jdbcType=INTEGER},
      skuId = #{skuid,jdbcType=VARCHAR},
      goods_buy_num = #{goodsBuyNum,jdbcType=INTEGER},
      skuName = #{skuname,jdbcType=VARCHAR},
      price = #{price,jdbcType=DECIMAL},
      order_date = #{orderDate,jdbcType=TIMESTAMP},
      kid = #{kid,jdbcType=VARCHAR},
      create_time = #{createTime,jdbcType=TIMESTAMP},
      update_time = #{updateTime,jdbcType=TIMESTAMP}
    where id = #{id,jdbcType=BIGINT}
  </update>
</mapper>