<?xml version="1.0" encoding="UTF-8"?>
<!DOCTYPE mapper PUBLIC "-//mybatis.org//DTD Mapper 3.0//EN" "http://mybatis.org/dtd/mybatis-3-mapper.dtd">
<mapper namespace="com.gomeo2o.service.vshop.dao.impl.VshopChannelInfoDaoImpl">
  <!-- 美店实体 -->
  <resultMap id="BaseResultMap" type="VshopChannelInfo">
    <id column="id" jdbcType="BIGINT" property="id" />
    <result column="store_code" jdbcType="VARCHAR" property="storeCode" />
    <result column="merchant_id" jdbcType="BIGINT" property="merchantId" />
    <result column="name" jdbcType="VARCHAR" property="name" />
    <result column="logo" jdbcType="VARCHAR" property="logo" />
    <result column="type" jdbcType="INTEGER" property="type" />
    <result column="province_id" jdbcType="BIGINT" property="provinceId" />
    <result column="city_id" jdbcType="BIGINT" property="cityId" />
    <result column="county_id" jdbcType="BIGINT" property="countyId" />
    <result column="province_name" jdbcType="VARCHAR" property="provinceName" />
    <result column="city_name" jdbcType="VARCHAR" property="cityName" />
    <result column="county_name" jdbcType="VARCHAR" property="countyName" />
    <result column="address" jdbcType="VARCHAR" property="address" />
    <result column="latitude" jdbcType="VARCHAR" property="latitude" />
    <result column="longitude" jdbcType="VARCHAR" property="longitude" />
    <result column="status" jdbcType="INTEGER" property="status" />
    <result column="create_time" jdbcType="TIMESTAMP" property="createTime" />
    <result column="update_time" jdbcType="TIMESTAMP" property="updateTime" />
    <result column="division_name" jdbcType="VARCHAR" property="divisionName" />
    <result column="division_code" jdbcType="BIGINT" property="divisionCode" />
    <result column="binding_code" jdbcType="VARCHAR" property="bindingCode" />
  </resultMap>
  
  <sql id="Base_Column_List">
    id, merchant_id,store_code, name, logo, type, province_id, city_id, county_id, province_name,
    city_name, county_name, address, Latitude, longitude, status, create_time, update_time,division_name,
    division_code,binding_code
  </sql>
  
   <!-- 列表总数 -->
    <select id="getChannelMshopCount" parameterType="java.util.Map" resultType="java.lang.Integer">  
        select count(1) 
        from vshop_channel_info 
        where 1=1 
        <if test="id != null">
                and id = #{id}
        </if>
        <if test="type != null and type !=''">
                and type = #{type}
        </if>  
        <if test="name != null and name != ''">
                and name = #{name}
        </if>
        <if test="status != null and status != ''">
                and status = #{status}
        </if>
        <if test="provinceId != null and provinceId != ''">
            and province_id = #{provinceId}
	    </if>
	    <if test="cityId != null and cityId != ''">
	            and city_id = #{cityId}
	    </if>
	    <if test="countyId != null and countyId != ''">
	            and county_id = #{countyId}
	    </if>
	    <if test="provinceName != null and provinceName != ''">
	            and province_name = #{provinceName}
	    </if>
	    <if test="cityName != null and cityName != ''">
	            and city_name = #{cityName}
	    </if>
	    <if test="countyName != null and countyName != ''">
	            and county_name = #{countyName}
	    </if>
    </select>
    
  <!-- 条件查询列表 --> 
   <select id="getVshopChannelInfoList" parameterType="java.util.Map" resultMap="BaseResultMap">
    select <include refid="Base_Column_List" /> from vshop_channel_info
 	where 1=1
    <if test="id != null">
            and id = #{id}
    </if>
    <if test="type != null">
            and type = #{type}
    </if>  
    <if test="name != null and name != ''">
            and name = #{name}
    </if>
    <if test="status != null">
            and status = #{status}
    </if>
    <if test="provinceId != null and provinceId != ''">
            and province_id = #{provinceId}
    </if>
    <if test="cityId != null and cityId != ''">
            and city_id = #{cityId}
    </if>
    <if test="countyId != null and countyId != ''">
            and county_id = #{countyId}
    </if>
    <if test="provinceName != null and provinceName != ''">
            and province_name = #{provinceName}
    </if>
    <if test="cityName != null and cityName != ''">
            and city_name = #{cityName}
    </if>
    <if test="countyName != null and countyName != ''">
            and county_name = #{countyName}
    </if>
    <if test="pageFirst != null and pageSize != null and pageSize != 0">
   		 limit #{pageFirst},#{pageSize}
    </if>
  </select>
  <!-- 查询是否已经存在店铺 -->
  <select id="queryVshopChannel" parameterType="VshopChannelInfo" resultMap="BaseResultMap">
    select 
    <include refid="Base_Column_List" />
    from vshop_channel_info
    where 1=1
	<if test="id != null">
        and id = #{id}
    </if>
    <if test="name != null and name !=''">
        and name = #{name}
    </if>  
  </select>
  
  <!-- 根据主键查询id -->
  <select id="selectByParams" parameterType="java.lang.Long" resultMap="BaseResultMap">
    select 
    <include refid="Base_Column_List" />
    from vshop_channel_info where 1=1
    	<if test="channelId != null">
	        and id = #{channelId}
	    </if>
	    <if test="storeCode != null and storeCode !=''">
	        and store_code = #{storeCode}
	    </if>  
  </select>
    <!--   根据渠道美店编码storeCode查询渠道美店信息   -->
  <select id="selectByStoreCode" parameterType="java.lang.String" resultMap="BaseResultMap">
    select 
    <include refid="Base_Column_List" />
    from vshop_channel_info
    where store_code = #{storeCode,jdbcType=VARCHAR} and status = 2
  </select>

  <delete id="deleteByPrimaryKey" parameterType="long">
    delete from vshop_channel_info
    where id = #{id,jdbcType=BIGINT}
  </delete>
  <!-- 新增店铺信息 -->
  <insert id="insert" parameterType="VshopChannelInfo" useGeneratedKeys="true" keyProperty="id">
    insert into vshop_channel_info (store_code,name, merchant_id,
      logo, type, province_id, 
      city_id, county_id, province_name, 
      city_name, county_name, address, 
      Latitude, longitude,status,division_name,division_code,binding_code)
    values (#{storeCode,jdbcType=VARCHAR},#{name,jdbcType=VARCHAR}, #{merchantId,jdbcType=BIGINT},
      #{logo,jdbcType=VARCHAR}, #{type,jdbcType=INTEGER}, #{provinceId,jdbcType=BIGINT}, 
      #{cityId,jdbcType=BIGINT}, #{countyId,jdbcType=BIGINT}, #{provinceName,jdbcType=VARCHAR}, 
      #{cityName,jdbcType=VARCHAR}, #{countyName,jdbcType=VARCHAR}, #{address,jdbcType=VARCHAR}, 
      #{latitude,jdbcType=VARCHAR}, #{longitude,jdbcType=VARCHAR},#{status,jdbcType=INTEGER},
      #{divisionName,jdbcType=VARCHAR},#{divisionCode,jdbcType=BIGINT},#{bindingCode,jdbcType=VARCHAR})
  </insert>
  
  <!-- 修改店铺信息 -->
  <update id="update" parameterType="VshopChannelInfo">
    update vshop_channel_info
    <set>
      <if test="storeCode != null">
    	store_code = #{storeCode,jdbcType=VARCHAR},
   	  </if>
      <if test="merchantId != null">
        merchant_id = #{merchantId,jdbcType=BIGINT},
      </if>
      <if test="name != null">
        name = #{name,jdbcType=VARCHAR},
      </if>
      <if test="logo != null">
        logo = #{logo,jdbcType=VARCHAR},
      </if>
      <if test="type != null">
        type = #{type,jdbcType=INTEGER},
      </if>
      <if test="provinceId != null">
        province_id = #{provinceId,jdbcType=BIGINT},
      </if>
      <if test="cityId != null">
        city_id = #{cityId,jdbcType=BIGINT},
      </if>
      <if test="countyId != null">
        county_id = #{countyId,jdbcType=BIGINT},
      </if>
      <if test="provinceName != null">
        province_name = #{provinceName,jdbcType=VARCHAR},
      </if>
      <if test="cityName != null">
        city_name = #{cityName,jdbcType=VARCHAR},
      </if>
      <if test="countyName != null">
        county_name = #{countyName,jdbcType=VARCHAR},
      </if>
      <if test="address != null">
        address = #{address,jdbcType=VARCHAR},
      </if>
      <if test="latitude != null">
        Latitude = #{latitude,jdbcType=VARCHAR},
      </if>
      <if test="longitude != null">
        longitude = #{longitude,jdbcType=VARCHAR},
      </if>
      <if test="status != null">
        status = #{status,jdbcType=INTEGER},
      </if>
      <if test="divisionName != null">
          division_name = #{divisionName,jdbcType=VARCHAR},
      </if>
      <if test="divisionCode != null">
          division_code = #{divisionCode,jdbcType=BIGINT},
      </if>
      <if test="bindingCode != null">
          binding_code = #{bindingCode,jdbcType=VARCHAR},
      </if>
    </set>
    where
      <if test="id != null">
          id = #{id,jdbcType=BIGINT}
      </if>

  </update>
  
  <update id="updateByPrimaryKey" parameterType="VshopChannelInfo">
    update vshop_channel_info
	set store_code = #{storeCode,jdbcType=VARCHAR},
		merchant_id = #{merchantId,jdbcType=BIGINT},
      name = #{name,jdbcType=VARCHAR},
      logo = #{logo,jdbcType=VARCHAR},
      type = #{type,jdbcType=INTEGER},
      province_id = #{provinceId,jdbcType=BIGINT},
      city_id = #{cityId,jdbcType=BIGINT},
      county_id = #{countyId,jdbcType=BIGINT},
      province_name = #{provinceName,jdbcType=VARCHAR},
      city_name = #{cityName,jdbcType=VARCHAR},
      county_name = #{countyName,jdbcType=VARCHAR},
      address = #{address,jdbcType=VARCHAR},
      Latitude = #{latitude,jdbcType=VARCHAR},
      longitude = #{longitude,jdbcType=VARCHAR},
      status = #{status,jdbcType=INTEGER},
      create_time = #{createTime,jdbcType=TIMESTAMP},
      update_time = #{updateTime,jdbcType=TIMESTAMP},
      division_name = #{divisionName,jdbcType=VARCHAR},
      division_code = #{divisionCode,jdbcType=BIGINT},
      binding_code = #{bindingCode,jdbcType=VARCHAR}
    where id = #{id,jdbcType=BIGINT}
  </update>
  
    <!-- 根据经纬度查询附近的渠道美店 -->
    <select id="getChannelInfoByPosition" parameterType="java.util.Map" resultMap="BaseResultMap">  
        select 
        (POWER(MOD(ABS(longitude - #{longitude}),360),2) + POWER(ABS(latitude - #{latitude}),2)) AS distance,
        <include refid="Base_Column_List" />
        from vshop_channel_info where status = 2
        ORDER BY distance LIMIT #{number}
    </select>
    
</mapper>