<?xml version="1.0" encoding="UTF-8" ?>
<!DOCTYPE mapper PUBLIC "-//mybatis.org//DTD Mapper 3.0//EN" "http://mybatis.org/dtd/mybatis-3-mapper.dtd" >
<mapper namespace="com.gomeplus.bs.service.channel.dao.IcSmDqlStaffMapper" >

    <resultMap id="BaseResultMap" type="com.gome.meidian.mapper.bigData.IcSmDqlStaffMapper" >
        <id column="id" property="id" jdbcType="INTEGER" />
        <result column="mx_uid" property="mxUid" jdbcType="BIGINT" />
        <result column="zx_uid" property="zxUid" jdbcType="BIGINT" />
        <result column="mid" property="mid" jdbcType="BIGINT" />
        <result column="staff_name" property="staffName" jdbcType="VARCHAR" />
        <result column="staff_code" property="staffCode" jdbcType="VARCHAR" />
        <result column="staff_post" property="staffPost" jdbcType="VARCHAR" />
        <result column="is_appoint" property="isAppoint" jdbcType="TINYINT" />
        <result column="staff_post_name" property="staffPostName" jdbcType="VARCHAR" />
        <result column="f_division_code" property="fDivisionCode" jdbcType="VARCHAR" />
        <result column="f_division_name" property="fDivisionName" jdbcType="VARCHAR" />
        <result column="s_division_code" property="sDivisionCode" jdbcType="VARCHAR" />
        <result column="s_division_name" property="sDivisionName" jdbcType="VARCHAR" />
        <result column="store_code" property="storeCode" jdbcType="VARCHAR" />
        <result column="store_name" property="storeName" jdbcType="VARCHAR" />
        <result column="staff_level" property="staffLevel" jdbcType="TINYINT" />
        <result column="staff_category" property="staffCategory" jdbcType="VARCHAR" />
        <result column="staff_category_brand" property="staffCategoryBrand" jdbcType="LONGVARCHAR" />
        <result column="introduction" property="introduction" jdbcType="VARCHAR" />
        <result column="isstore" property="isstore" jdbcType="TINYINT" />
        <result column="organization_code" property="organizationCode" jdbcType="VARCHAR" />
        <result column="brand_code" property="brandCode" jdbcType="VARCHAR" />
        <result column="status" property="status" jdbcType="TINYINT" />
        <result column="ctime" property="ctime" jdbcType="TIMESTAMP" />
        <result column="utime" property="utime" jdbcType="TIMESTAMP" />
        <result column="header_status" property="headerStatus" jdbcType="BIT" />
    </resultMap>

    <sql id="Base_Column_List" >
        id, mx_uid, zx_uid, mid, staff_name, staff_code, staff_post, is_appoint, staff_post_name, 
        f_division_code, f_division_name, s_division_code, s_division_name, store_code, store_name, 
        staff_level, staff_category, staff_category_brand, introduction, isstore, organization_code, 
        brand_code, status, ctime, utime, header_status
    </sql>

    <select id="selectByPrimaryKey" resultMap="BaseResultMap" parameterType="java.lang.Integer" >
        select 
        <include refid="Base_Column_List" />
        from ic_sm_dql_staff
        where id = #{id,jdbcType=INTEGER}
    </select>

    <delete id="deleteByPrimaryKey" parameterType="java.lang.Integer" >
        delete from ic_sm_dql_staff
        where id = #{id,jdbcType=INTEGER}
    </delete>

    <insert id="insert" parameterType="com.gome.meidian.entity.IcSmDqlStaff" >
        insert into ic_sm_dql_staff (id, mx_uid, zx_uid, 
            mid, staff_name, staff_code, 
            staff_post, is_appoint, staff_post_name, 
            f_division_code, f_division_name, s_division_code, 
            s_division_name, store_code, store_name, 
            staff_level, staff_category, staff_category_brand, 
            introduction, isstore, organization_code, 
            brand_code, status, ctime, 
            utime, header_status)
        values (#{id,jdbcType=INTEGER}, #{mxUid,jdbcType=BIGINT}, #{zxUid,jdbcType=BIGINT}, 
            #{mid,jdbcType=BIGINT}, #{staffName,jdbcType=VARCHAR}, #{staffCode,jdbcType=VARCHAR}, 
            #{staffPost,jdbcType=VARCHAR}, #{isAppoint,jdbcType=TINYINT}, #{staffPostName,jdbcType=VARCHAR}, 
            #{fDivisionCode,jdbcType=VARCHAR}, #{fDivisionName,jdbcType=VARCHAR}, #{sDivisionCode,jdbcType=VARCHAR}, 
            #{sDivisionName,jdbcType=VARCHAR}, #{storeCode,jdbcType=VARCHAR}, #{storeName,jdbcType=VARCHAR}, 
            #{staffLevel,jdbcType=TINYINT}, #{staffCategory,jdbcType=VARCHAR}, #{staffCategoryBrand,jdbcType=LONGVARCHAR}, 
            #{introduction,jdbcType=VARCHAR}, #{isstore,jdbcType=TINYINT}, #{organizationCode,jdbcType=VARCHAR}, 
            #{brandCode,jdbcType=VARCHAR}, #{status,jdbcType=TINYINT}, #{ctime,jdbcType=TIMESTAMP}, 
            #{utime,jdbcType=TIMESTAMP}, #{headerStatus,jdbcType=BIT})
    </insert>

    <insert id="insertSelective" parameterType="com.gome.meidian.entity.IcSmDqlStaff" >
        insert into ic_sm_dql_staff
        <trim prefix="(" suffix=")" suffixOverrides="," >
            <if test="id != null" >
                id,
            </if>
            <if test="mxUid != null" >
                mx_uid,
            </if>
            <if test="zxUid != null" >
                zx_uid,
            </if>
            <if test="mid != null" >
                mid,
            </if>
            <if test="staffName != null" >
                staff_name,
            </if>
            <if test="staffCode != null" >
                staff_code,
            </if>
            <if test="staffPost != null" >
                staff_post,
            </if>
            <if test="isAppoint != null" >
                is_appoint,
            </if>
            <if test="staffPostName != null" >
                staff_post_name,
            </if>
            <if test="fDivisionCode != null" >
                f_division_code,
            </if>
            <if test="fDivisionName != null" >
                f_division_name,
            </if>
            <if test="sDivisionCode != null" >
                s_division_code,
            </if>
            <if test="sDivisionName != null" >
                s_division_name,
            </if>
            <if test="storeCode != null" >
                store_code,
            </if>
            <if test="storeName != null" >
                store_name,
            </if>
            <if test="staffLevel != null" >
                staff_level,
            </if>
            <if test="staffCategory != null" >
                staff_category,
            </if>
            <if test="staffCategoryBrand != null" >
                staff_category_brand,
            </if>
            <if test="introduction != null" >
                introduction,
            </if>
            <if test="isstore != null" >
                isstore,
            </if>
            <if test="organizationCode != null" >
                organization_code,
            </if>
            <if test="brandCode != null" >
                brand_code,
            </if>
            <if test="status != null" >
                status,
            </if>
            <if test="ctime != null" >
                ctime,
            </if>
            <if test="utime != null" >
                utime,
            </if>
            <if test="headerStatus != null" >
                header_status,
            </if>
        </trim>
        <trim prefix="values (" suffix=")" suffixOverrides="," >
            <if test="id != null" >
                #{id,jdbcType=INTEGER},
            </if>
            <if test="mxUid != null" >
                #{mxUid,jdbcType=BIGINT},
            </if>
            <if test="zxUid != null" >
                #{zxUid,jdbcType=BIGINT},
            </if>
            <if test="mid != null" >
                #{mid,jdbcType=BIGINT},
            </if>
            <if test="staffName != null" >
                #{staffName,jdbcType=VARCHAR},
            </if>
            <if test="staffCode != null" >
                #{staffCode,jdbcType=VARCHAR},
            </if>
            <if test="staffPost != null" >
                #{staffPost,jdbcType=VARCHAR},
            </if>
            <if test="isAppoint != null" >
                #{isAppoint,jdbcType=TINYINT},
            </if>
            <if test="staffPostName != null" >
                #{staffPostName,jdbcType=VARCHAR},
            </if>
            <if test="fDivisionCode != null" >
                #{fDivisionCode,jdbcType=VARCHAR},
            </if>
            <if test="fDivisionName != null" >
                #{fDivisionName,jdbcType=VARCHAR},
            </if>
            <if test="sDivisionCode != null" >
                #{sDivisionCode,jdbcType=VARCHAR},
            </if>
            <if test="sDivisionName != null" >
                #{sDivisionName,jdbcType=VARCHAR},
            </if>
            <if test="storeCode != null" >
                #{storeCode,jdbcType=VARCHAR},
            </if>
            <if test="storeName != null" >
                #{storeName,jdbcType=VARCHAR},
            </if>
            <if test="staffLevel != null" >
                #{staffLevel,jdbcType=TINYINT},
            </if>
            <if test="staffCategory != null" >
                #{staffCategory,jdbcType=VARCHAR},
            </if>
            <if test="staffCategoryBrand != null" >
                #{staffCategoryBrand,jdbcType=LONGVARCHAR},
            </if>
            <if test="introduction != null" >
                #{introduction,jdbcType=VARCHAR},
            </if>
            <if test="isstore != null" >
                #{isstore,jdbcType=TINYINT},
            </if>
            <if test="organizationCode != null" >
                #{organizationCode,jdbcType=VARCHAR},
            </if>
            <if test="brandCode != null" >
                #{brandCode,jdbcType=VARCHAR},
            </if>
            <if test="status != null" >
                #{status,jdbcType=TINYINT},
            </if>
            <if test="ctime != null" >
                #{ctime,jdbcType=TIMESTAMP},
            </if>
            <if test="utime != null" >
                #{utime,jdbcType=TIMESTAMP},
            </if>
            <if test="headerStatus != null" >
                #{headerStatus,jdbcType=BIT},
            </if>
        </trim>
    </insert>

    <update id="updateByPrimaryKeySelective" parameterType="com.gome.meidian.entity.IcSmDqlStaff" >
        update ic_sm_dql_staff
        <set >
            <if test="mxUid != null" >
                mx_uid = #{mxUid,jdbcType=BIGINT},
            </if>
            <if test="zxUid != null" >
                zx_uid = #{zxUid,jdbcType=BIGINT},
            </if>
            <if test="mid != null" >
                mid = #{mid,jdbcType=BIGINT},
            </if>
            <if test="staffName != null" >
                staff_name = #{staffName,jdbcType=VARCHAR},
            </if>
            <if test="staffCode != null" >
                staff_code = #{staffCode,jdbcType=VARCHAR},
            </if>
            <if test="staffPost != null" >
                staff_post = #{staffPost,jdbcType=VARCHAR},
            </if>
            <if test="isAppoint != null" >
                is_appoint = #{isAppoint,jdbcType=TINYINT},
            </if>
            <if test="staffPostName != null" >
                staff_post_name = #{staffPostName,jdbcType=VARCHAR},
            </if>
            <if test="fDivisionCode != null" >
                f_division_code = #{fDivisionCode,jdbcType=VARCHAR},
            </if>
            <if test="fDivisionName != null" >
                f_division_name = #{fDivisionName,jdbcType=VARCHAR},
            </if>
            <if test="sDivisionCode != null" >
                s_division_code = #{sDivisionCode,jdbcType=VARCHAR},
            </if>
            <if test="sDivisionName != null" >
                s_division_name = #{sDivisionName,jdbcType=VARCHAR},
            </if>
            <if test="storeCode != null" >
                store_code = #{storeCode,jdbcType=VARCHAR},
            </if>
            <if test="storeName != null" >
                store_name = #{storeName,jdbcType=VARCHAR},
            </if>
            <if test="staffLevel != null" >
                staff_level = #{staffLevel,jdbcType=TINYINT},
            </if>
            <if test="staffCategory != null" >
                staff_category = #{staffCategory,jdbcType=VARCHAR},
            </if>
            <if test="staffCategoryBrand != null" >
                staff_category_brand = #{staffCategoryBrand,jdbcType=LONGVARCHAR},
            </if>
            <if test="introduction != null" >
                introduction = #{introduction,jdbcType=VARCHAR},
            </if>
            <if test="isstore != null" >
                isstore = #{isstore,jdbcType=TINYINT},
            </if>
            <if test="organizationCode != null" >
                organization_code = #{organizationCode,jdbcType=VARCHAR},
            </if>
            <if test="brandCode != null" >
                brand_code = #{brandCode,jdbcType=VARCHAR},
            </if>
            <if test="status != null" >
                status = #{status,jdbcType=TINYINT},
            </if>
            <if test="ctime != null" >
                ctime = #{ctime,jdbcType=TIMESTAMP},
            </if>
            <if test="utime != null" >
                utime = #{utime,jdbcType=TIMESTAMP},
            </if>
            <if test="headerStatus != null" >
                header_status = #{headerStatus,jdbcType=BIT},
            </if>
        </set>
        where id = #{id,jdbcType=INTEGER}
    </update>

    <update id="updateByPrimaryKey" parameterType="com.gome.meidian.entity.IcSmDqlStaff" >
        update ic_sm_dql_staff
        set mx_uid = #{mxUid,jdbcType=BIGINT},
            zx_uid = #{zxUid,jdbcType=BIGINT},
            mid = #{mid,jdbcType=BIGINT},
            staff_name = #{staffName,jdbcType=VARCHAR},
            staff_code = #{staffCode,jdbcType=VARCHAR},
            staff_post = #{staffPost,jdbcType=VARCHAR},
            is_appoint = #{isAppoint,jdbcType=TINYINT},
            staff_post_name = #{staffPostName,jdbcType=VARCHAR},
            f_division_code = #{fDivisionCode,jdbcType=VARCHAR},
            f_division_name = #{fDivisionName,jdbcType=VARCHAR},
            s_division_code = #{sDivisionCode,jdbcType=VARCHAR},
            s_division_name = #{sDivisionName,jdbcType=VARCHAR},
            store_code = #{storeCode,jdbcType=VARCHAR},
            store_name = #{storeName,jdbcType=VARCHAR},
            staff_level = #{staffLevel,jdbcType=TINYINT},
            staff_category = #{staffCategory,jdbcType=VARCHAR},
            staff_category_brand = #{staffCategoryBrand,jdbcType=LONGVARCHAR},
            introduction = #{introduction,jdbcType=VARCHAR},
            isstore = #{isstore,jdbcType=TINYINT},
            organization_code = #{organizationCode,jdbcType=VARCHAR},
            brand_code = #{brandCode,jdbcType=VARCHAR},
            status = #{status,jdbcType=TINYINT},
            ctime = #{ctime,jdbcType=TIMESTAMP},
            utime = #{utime,jdbcType=TIMESTAMP},
            header_status = #{headerStatus,jdbcType=BIT}
        where id = #{id,jdbcType=INTEGER}
    </update>
</mapper>