<?xml version="1.0"?>
<!--<configuration>
    <include resource="org/springframework/boot/logging/logback/base.xml"/>
    &lt;!&ndash; ch.qos.logback.core.ConsoleAppender 控制台输出 &ndash;&gt;
    &lt;!&ndash;	<appender name="console" class="ch.qos.logback.core.ConsoleAppender">
            <encoder>
                <pattern>[%-5level] [%thread] %X{client} %X{trace_id} %d{HH:mm:ss} %logger => %msg%n</pattern>
            </encoder>
        </appender>&ndash;&gt;

    &lt;!&ndash; 测试环境 &ndash;&gt;
    <springProfile name="uat">

        &lt;!&ndash; 系统日志文件输出 &ndash;&gt;
        <appender name="file"
                  class="ch.qos.logback.core.rolling.RollingFileAppender">
            &lt;!&ndash; 临时保存日志文件 &ndash;&gt;
            <File>${LOG_PATH}/vshop-system.log</File>
            &lt;!&ndash; 日志记录器的滚动策略，按日期 &ndash;&gt;
            <rollingPolicy class="ch.qos.logback.core.rolling.TimeBasedRollingPolicy">
                &lt;!&ndash; 归档日志文件 &ndash;&gt;
                <FileNamePattern>${LOG_PATH}/vshop-system.%d{yyyy-MM-dd}.log</FileNamePattern>
                &lt;!&ndash; 保留一天 &ndash;&gt;
                <maxHistory>1</maxHistory>
            </rollingPolicy>
            &lt;!&ndash; 日志文件的格式 &ndash;&gt;
            <encoder class="ch.qos.logback.classic.encoder.PatternLayoutEncoder">
                <pattern>[%-5level] [%thread] %X{client} %X{trace_id} %d{HH:mm:ss} [%highlight(%-5p)] [%highlight(%-5p)] %logger{36} => %msg%n</pattern>
                <charset>utf-8</charset>
            </encoder>
        </appender>

        &lt;!&ndash; 操作记录日志文件,警告 &ndash;&gt;
        <appender name="file-operation"
                  class="ch.qos.logback.core.rolling.RollingFileAppender">
            <File>${LOG_PATH}/vshop-operation.log</File>
            <filter class="ch.qos.logback.classic.filter.LevelFilter">
                <level>WARN</level>
                <onMatch>ACCEPT</onMatch>
                <onMismatch>DENY</onMismatch>
            </filter>
            <rollingPolicy class="ch.qos.logback.core.rolling.TimeBasedRollingPolicy">
                <FileNamePattern>${LOG_PATH}/vshop-operation.%d{yyyy-MM-dd}.log</FileNamePattern>
                <maxHistory>1</maxHistory>
            </rollingPolicy>
            <encoder class="ch.qos.logback.classic.encoder.PatternLayoutEncoder">
                <pattern>[%-5level] [%thread] %X{client} %X{trace_id} %d{HH:mm:ss} [%highlight(%-5p)] [%highlight(%-5p)] %logger{36} => %msg%n</pattern>
                <charset>utf-8</charset>
            </encoder>
        </appender>

        &lt;!&ndash; 操作记录日志文件，error &ndash;&gt;
        <appender name="file-error"
                  class="ch.qos.logback.core.rolling.RollingFileAppender">
            <File>${LOG_PATH}/vshop-error.log</File>
            <filter class="ch.qos.logback.classic.filter.LevelFilter">
                <level>ERROR</level>
                <onMatch>ACCEPT</onMatch>
                <onMismatch>DENY</onMismatch>
            </filter>
            <rollingPolicy class="ch.qos.logback.core.rolling.TimeBasedRollingPolicy">
                <FileNamePattern>${LOG_PATH}/vshop-error.%d{yyyy-MM-dd}.log</FileNamePattern>
                <maxHistory>1</maxHistory>
            </rollingPolicy>
            <encoder class="ch.qos.logback.classic.encoder.PatternLayoutEncoder">
                <pattern>[%-5level] [%thread] %X{client} %X{trace_id} %d{HH:mm:ss} [%highlight(%-5p)] [%highlight(%-5p)] %logger{36} => %msg%n</pattern>
                <charset>utf-8</charset>
            </encoder>
        </appender>

        &lt;!&ndash; 操作记录日志文件，debug &ndash;&gt;
        <appender name="file-debug" class="ch.qos.logback.core.rolling.RollingFileAppender">
            <File>${LOG_PATH}/vshop-debug.log</File>
            <filter class="ch.qos.logback.classic.filter.LevelFilter">
                <level>DEBUG</level>
                <onMatch>ACCEPT</onMatch>
                <onMismatch>DENY</onMismatch>
            </filter>
            <rollingPolicy class="ch.qos.logback.core.rolling.TimeBasedRollingPolicy">
                <fileNamePattern>${LOG_PATH}/vshop-debug.%d{yyyy-MM-dd}.log</fileNamePattern>
                <maxHistory>1</maxHistory>
            </rollingPolicy>
            <encoder class="ch.qos.logback.classic.encoder.PatternLayoutEncoder">
                <pattern>[%-5level] [%thread] %X{client} %X{trace_id} %d{HH:mm:ss} [%highlight(%-5p)] %logger{36} => %msg%n</pattern>
                <charset>utf-8</charset>
            </encoder>
        </appender>

        &lt;!&ndash; 操作记录日志文件，info &ndash;&gt;
        <appender name="file-msg" class="ch.qos.logback.core.rolling.RollingFileAppender">
            <File>${LOG_PATH}/vshop-msg.log</File>
            <filter class="ch.qos.logback.classic.filter.LevelFilter">
                <level>INFO</level>
                <onMatch>ACCEPT</onMatch>
                <onMismatch>DENY</onMismatch>
            </filter>
            <rollingPolicy class="ch.qos.logback.core.rolling.TimeBasedRollingPolicy">
                <fileNamePattern>${LOG_PATH}/vshop-msg.%d{yyyy-MM-dd}.log</fileNamePattern>
                <maxHistory>1</maxHistory>
            </rollingPolicy>
            <encoder class="ch.qos.logback.classic.encoder.PatternLayoutEncoder">
                <pattern>%msg%n</pattern>
                <charset>utf-8</charset>
            </encoder>
        </appender>

        &lt;!&ndash; 异步写日志，效率提升30% &ndash;&gt;
        <appender name ="async-file" class= "ch.qos.logback.classic.AsyncAppender">
            &lt;!&ndash; 默认情况下，当阻塞队列剩余20%的容量时，它将删除级别跟踪、调试和信息事件，则会丢弃TRACT、DEBUG、INFO级别的日志，只保留级别警告和错误事件。要保留所有事件，请将discardingthreshold设置为0，0不丢失日志.默认的,如果队列的80%已满不丢失日志, &ndash;&gt;
            <discardingThreshold>20</discardingThreshold>
            &lt;!&ndash; 更改默认的队列的深度,该值会影响性能.默认值为256 &ndash;&gt;
            <queueSize>20</queueSize>
            &lt;!&ndash; 添加附加的appender,最多只能添加一个 &ndash;&gt;
            <appender-ref ref ="file"/>
        </appender>
        <appender name ="async-debug" class= "ch.qos.logback.classic.AsyncAppender">
            <discardingThreshold>20</discardingThreshold>
            <queueSize>20</queueSize>
            <appender-ref ref ="file-debug"/>
        </appender>
        <appender name ="async-error" class= "ch.qos.logback.classic.AsyncAppender">
            <discardingThreshold>20</discardingThreshold>
            <queueSize>20</queueSize>
            <appender-ref ref ="file-error"/>
        </appender>
        <appender name ="async-operation" class= "ch.qos.logback.classic.AsyncAppender">
            <discardingThreshold>20</discardingThreshold>
            <queueSize>20</queueSize>
            <appender-ref ref ="file-operation"/>
        </appender>
        <appender name ="async-msg" class= "ch.qos.logback.classic.AsyncAppender">
            <discardingThreshold>20</discardingThreshold>
            <queueSize>20</queueSize>
            <appender-ref ref ="file-msg"/>
        </appender>
        &lt;!&ndash; 定制日志级别，优先级高 &ndash;&gt;
        <logger name="org.springframework.core" level="info"/>
        <logger name="org.springframework.beans" level="info"/>
        <logger name="org.springframework.context" level="info"/>
        <logger name="org.springframework.web" level="info"/>
        <logger name="org.springframework.web.filter.CommonsRequestLoggingFilter" level="DEBUG"/>
        <logger name="org.springframework.web.servlet.mvc.method.annotation.RequestResponseBodyMethodProcessor" level="DEBUG"/>
        <logger name="org.springframework.boot" level="info" />
        <logger name="org.springframework.aop" level="info" />
        <logger name="org.springframework.jmx" level="info" />
        <logger name="org.springframework.jdbc" level="info" />
        <logger name="org.springframework.transaction" level="info" />
        <logger name="ch.qos.logback" level="ERROR" />
        <logger name="org.activiti" level="info" />
        <logger name="org.hibernate.validator" level="info" />
        <logger name="org.apache.shiro" level="info"/>
        <logger name="org.apache.ibatis" level="info"/>
        <logger name="org.mybatis" level="info"/>

        <logger name="com.alibaba.dubbo" level="info"/>
        <logger name="org.apache.zookeeper" level="info"/>
        <logger name="com.gome.meidian" level="debug"/>

        &lt;!&ndash; 日志级别 &ndash;&gt;
        <root level="info">
            &lt;!&ndash; <appender-ref ref="console" /> &ndash;&gt;
            &lt;!&ndash;
                        <appender-ref ref="file" />
                        <appender-ref ref="file-debug" />
                        <appender-ref ref="file-msg" />
                        <appender-ref ref="file-error" />
                        <appender-ref ref="file-operation" />
             &ndash;&gt;
            <appender-ref ref="async-file" />
            <appender-ref ref="async-debug" />
            <appender-ref ref="async-error" />
            <appender-ref ref="async-operation" />
            <appender-ref ref="async-msg" />
        </root>
    </springProfile>

    &lt;!&ndash; 生产环境 &ndash;&gt;
    <springProfile name="product">

        &lt;!&ndash; 系统日志文件输出 &ndash;&gt;
        <appender name="file"
                  class="ch.qos.logback.core.rolling.RollingFileAppender">
            &lt;!&ndash; 临时保存文件 &ndash;&gt;
            <File>${LOG_PATH}/vshop-system.log</File>
            &lt;!&ndash; 日志记录器的滚动策略，按日期 &ndash;&gt;
            <rollingPolicy class="ch.qos.logback.core.rolling.TimeBasedRollingPolicy">
                &lt;!&ndash; 归档文件 &ndash;&gt;
                <FileNamePattern>${LOG_PATH}/vshop-system.%d{yyyy-MM-dd}.%i.log</FileNamePattern>
                &lt;!&ndash; 除按日期记录之外，还配置了日志文件不能超过200M，若超过200M，日志文件会以索引0开始，命名日志文件，例如log-error-2013-12-21.0.log &ndash;&gt;
                <timeBasedFileNamingAndTriggeringPolicy class="ch.qos.logback.core.rolling.SizeAndTimeBasedFNATP">
                    <maxFileSize>200MB</maxFileSize>
                </timeBasedFileNamingAndTriggeringPolicy>
            </rollingPolicy>
            &lt;!&ndash; 追加方式记录日志 &ndash;&gt;
            <append>true</append>
            &lt;!&ndash; 日志文件的格式 &ndash;&gt;
            <encoder class="ch.qos.logback.classic.encoder.PatternLayoutEncoder">
                <pattern>[%-5level] [%thread] %X{client} %X{trace_id} %d{HH:mm:ss} [%highlight(%-5p)] %logger{36} => %msg%n</pattern>
                <charset>utf-8</charset>
            </encoder>
        </appender>

        &lt;!&ndash; 操作记录日志文件,警告 &ndash;&gt;
        <appender name="file-operation"
                  class="ch.qos.logback.core.rolling.RollingFileAppender">
            <File>${LOG_PATH}/vshop-operation.log</File>
            <filter class="ch.qos.logback.classic.filter.LevelFilter">
                <level>WARN</level>
                <onMatch>ACCEPT</onMatch>
                <onMismatch>DENY</onMismatch>
            </filter>
            <rollingPolicy class="ch.qos.logback.core.rolling.TimeBasedRollingPolicy">
                <FileNamePattern>${LOG_PATH}/vshop-operation.%d{yyyy-MM-dd}.%i.log</FileNamePattern>
                <timeBasedFileNamingAndTriggeringPolicy class="ch.qos.logback.core.rolling.SizeAndTimeBasedFNATP">
                    <maxFileSize>200MB</maxFileSize>
                </timeBasedFileNamingAndTriggeringPolicy>
            </rollingPolicy>
            <append>true</append>
            <encoder class="ch.qos.logback.classic.encoder.PatternLayoutEncoder">
                <pattern>[%-5level] [%thread] %X{client} %X{trace_id} %d{HH:mm:ss} [%highlight(%-5p)] %logger{36} => %msg%n</pattern>
                <charset>utf-8</charset>
            </encoder>
        </appender>

        &lt;!&ndash; 操作记录日志文件，error &ndash;&gt;
        <appender name="file-error"
                  class="ch.qos.logback.core.rolling.RollingFileAppender">
            <File>${LOG_PATH}/vshop-error.log</File>
            <filter class="ch.qos.logback.classic.filter.LevelFilter">
                <level>ERROR</level>
                <onMatch>ACCEPT</onMatch>
                <onMismatch>DENY</onMismatch>
            </filter>
            <rollingPolicy class="ch.qos.logback.core.rolling.TimeBasedRollingPolicy">
                <FileNamePattern>${LOG_PATH}/vshop-error.%d{yyyy-MM-dd}.%i.log</FileNamePattern>
                <timeBasedFileNamingAndTriggeringPolicy class="ch.qos.logback.core.rolling.SizeAndTimeBasedFNATP">
                    <maxFileSize>200MB</maxFileSize>
                </timeBasedFileNamingAndTriggeringPolicy>
            </rollingPolicy>

            <append>true</append>
            <encoder class="ch.qos.logback.classic.encoder.PatternLayoutEncoder">
                <pattern>[%-5level] [%thread] %X{client} %X{trace_id} %d{HH:mm:ss} [%highlight(%-5p)] %logger{36} => %msg%n</pattern>
                <charset>utf-8</charset>
            </encoder>
        </appender>

        &lt;!&ndash; 操作记录日志文件，debug &ndash;&gt;
        <appender name="file-debug" class="ch.qos.logback.core.rolling.RollingFileAppender">
            <File>${LOG_PATH}/vshop-debug.log</File>
            <filter class="ch.qos.logback.classic.filter.LevelFilter">
                <level>DEBUG</level>
                <onMatch>ACCEPT</onMatch>
                <onMismatch>DENY</onMismatch>
            </filter>
            <rollingPolicy class="ch.qos.logback.core.rolling.TimeBasedRollingPolicy">
                <fileNamePattern>${LOG_PATH}/vshop-debug.%d{yyyy-MM-dd}.%i.log</fileNamePattern>
                <timeBasedFileNamingAndTriggeringPolicy class="ch.qos.logback.core.rolling.SizeAndTimeBasedFNATP">
                    <maxFileSize>200MB</maxFileSize>
                </timeBasedFileNamingAndTriggeringPolicy>
            </rollingPolicy>
            <append>true</append>
            <encoder class="ch.qos.logback.classic.encoder.PatternLayoutEncoder">
                <pattern>[%-5level] [%thread] %X{client} %X{trace_id} %d{HH:mm:ss} [%highlight(%-5p)] %logger{36} => %msg%n</pattern>
                <charset>utf-8</charset>
            </encoder>
        </appender>

        &lt;!&ndash; 操作记录日志文件，info &ndash;&gt;
        <appender name="file-msg" class="ch.qos.logback.core.rolling.RollingFileAppender">
            <File>${LOG_PATH}/vshop-msg.log</File>
            <filter class="ch.qos.logback.classic.filter.LevelFilter">
                <level>INFO</level>
                <onMatch>ACCEPT</onMatch>
                <onMismatch>DENY</onMismatch>
            </filter>
            <rollingPolicy class="ch.qos.logback.core.rolling.TimeBasedRollingPolicy">
                <fileNamePattern>${LOG_PATH}/vshop-msg.%d{yyyy-MM-dd}.%i.log</fileNamePattern>
                <timeBasedFileNamingAndTriggeringPolicy class="ch.qos.logback.core.rolling.SizeAndTimeBasedFNATP">
                    <maxFileSize>200MB</maxFileSize>
                </timeBasedFileNamingAndTriggeringPolicy>
            </rollingPolicy>
            <append>true</append>
            <encoder class="ch.qos.logback.classic.encoder.PatternLayoutEncoder">
                <pattern>%msg%n</pattern>
                <charset>utf-8</charset>
            </encoder>
        </appender>

        &lt;!&ndash; 异步写日志，效率提升30% &ndash;&gt;
        <appender name ="async-file" class= "ch.qos.logback.classic.AsyncAppender">
            &lt;!&ndash; 默认情况下，当阻塞队列剩余20%的容量时，它将删除级别跟踪、调试和信息事件，则会丢弃TRACT、DEBUG、INFO级别的日志，只保留级别警告和错误事件。要保留所有事件，请将discardingthreshold设置为0，0不丢失日志.默认的,如果队列的80%已满不丢失日志, &ndash;&gt;
            <discardingThreshold>20</discardingThreshold>
            &lt;!&ndash; 更改默认的队列的深度,该值会影响性能.默认值为256 &ndash;&gt;
            <queueSize>20</queueSize>
            &lt;!&ndash; 添加附加的appender,最多只能添加一个 &ndash;&gt;
            <appender-ref ref ="file"/>
        </appender>
        <appender name ="async-debug" class= "ch.qos.logback.classic.AsyncAppender">
            <discardingThreshold>20</discardingThreshold>
            <queueSize>20</queueSize>
            <appender-ref ref ="file-debug"/>
        </appender>
        <appender name ="async-error" class= "ch.qos.logback.classic.AsyncAppender">
            <discardingThreshold>20</discardingThreshold>
            <queueSize>20</queueSize>
            <appender-ref ref ="file-error"/>
        </appender>
        <appender name ="async-operation" class= "ch.qos.logback.classic.AsyncAppender">
            <discardingThreshold>20</discardingThreshold>
            <queueSize>20</queueSize>
            <appender-ref ref ="file-operation"/>
        </appender>
        <appender name ="async-msg" class= "ch.qos.logback.classic.AsyncAppender">
            <discardingThreshold>20</discardingThreshold>
            <queueSize>20</queueSize>
            <appender-ref ref ="file-msg"/>
        </appender>

        &lt;!&ndash; 定制日志级别，优先级高 &ndash;&gt;
        <logger name="org.springframework.core" level="info"/>
        <logger name="org.springframework.beans" level="info"/>
        <logger name="org.springframework.context" level="info"/>
        <logger name="org.springframework.web" level="info"/>
        <logger name="org.springframework.web.filter.CommonsRequestLoggingFilter" level="info"/>
        <logger name="org.springframework.web.servlet.mvc.method.annotation.RequestResponseBodyMethodProcessor" level="info"/>
        <logger name="org.springframework.boot" level="info" />
        <logger name="org.springframework.aop" level="info" />
        <logger name="org.springframework.jmx" level="info" />
        <logger name="org.springframework.jdbc" level="info" />
        <logger name="org.springframework.transaction" level="info" />
        <logger name="ch.qos.logback" level="ERROR" />
        <logger name="org.activiti" level="info" />
        <logger name="org.hibernate.validator" level="info" />
        <logger name="org.apache.shiro" level="info"/>
        <logger name="org.apache.ibatis" level="info"/>
        <logger name="org.mybatis" level="info"/>

        <logger name="com.alibaba.dubbo" level="info"/>
        <logger name="org.apache.zookeeper" level="info"/>
        <logger name="com.gome.meidian" level="info"/>

        &lt;!&ndash; 日志级别 &ndash;&gt;
        <root level="error">
            &lt;!&ndash; <appender-ref ref="console" /> &ndash;&gt;
            &lt;!&ndash;
                        <appender-ref ref="file" />
                        <appender-ref ref="file-debug" />
                        <appender-ref ref="file-msg" />
                        <appender-ref ref="file-error" />
                        <appender-ref ref="file-operation" />
            &ndash;&gt;
            <appender-ref ref="async-file" />
            <appender-ref ref="async-debug" />
            <appender-ref ref="async-error" />
            <appender-ref ref="async-operation" />
            <appender-ref ref="async-msg" />
        </root>
    </springProfile>

</configuration>-->

<configuration scan="false" scanPeriod="60 seconds" debug="false">
    <property name="app.name" value="venus-vshop"/>
    <include resource="gomeboot-logback.xml"/>
</configuration>
