<?xml version="1.0" encoding="UTF-8"?>
<beans xmlns="http://www.springframework.org/schema/beans"
       xmlns:xsi="http://www.w3.org/2001/XMLSchema-instance"
       xmlns:dubbo="http://code.alibabatech.com/schema/dubbo"
       xsi:schemaLocation="http://www.springframework.org/schema/beans
        http://www.springframework.org/schema/beans/spring-beans.xsd
        http://code.alibabatech.com/schema/dubbo
        http://code.alibabatech.com/schema/dubbo/dubbo.xsd">

    <dubbo:consumer timeout="${dubboTimeout}"/>

    <!-- 券系统 -->
    <dubbo:reference registry="central"
                     interface="com.gome.pangu.promotionapply.client.coupongive.CouponQueryInnoClient"
                     id="couponQueryInnoClient" retries="0" cluster="failfast" check="false"></dubbo:reference>

    <!-- 集客系统接口 -->
    <dubbo:reference id="iJikeActivityFacade" interface="com.gome.memberJikeES.facade.IJikeActivityFacade"
                     retries="3" loadbalance="random" timeout="5000" check="false" cluster="failfast"
                     registry="central"/>

    <!-- 员工-->
    <dubbo:reference registry="central" interface="com.gome.staff.bind.api.StaffBindService" id="staffBindService"
                     retries="0" cluster="failfast" check="false"></dubbo:reference>
    <dubbo:reference registry="central" interface="com.gome.dragon.mds.client.gcc.GomeInternetSalesStaffClient"
                     id="gomeInternetSalesStaffClient" retries="0" cluster="failfast" check="false"/>

    <!--用户链路-->
    <dubbo:reference id="meidianBindingRelationManager"
                     interface="com.gome.meidian.user.manager.IMeidianBindingRelationManager " registry="central"
                     check="false" cluster="failfast"/>
    <dubbo:reference id="crpCalcFacade" interface="com.gome.crp.settlement.facade.ICrpCalcFacade " registry="central"
                     check="false" cluster="failfast"/>

    <!-- erm预算控制 -->
    <dubbo:reference id="calcOperateFacade" interface="com.gome.meidian.crp.facade.CalcOperateFacade"
                     retries="3" loadbalance="random" timeout="5000" check="false" cluster="failfast"
                     registry="central"/>
    <!-- 支付sap控制 -->
    <dubbo:reference id="iDubboCrpService" interface="cn.com.gome.rebate.dubbo.service.app.IDubboCrpService"
                     retries="3" loadbalance="random" timeout="60000" check="false" cluster="failfast"
                     registry="central" version="3.0.0"/>

    <!-- 美店主 -->
    <dubbo:reference registry="central" version="3.0.0" id="vshopFacade"
                     interface="com.gomeo2o.facade.vshop.service.VshopFacade" timeout="5000" check="false"
                     cluster="failfast"/>
    <!--关系链依赖-->
    <dubbo:reference registry="central" id="iUserShareBindingManager"
                     interface="com.gome.meidian.user.manager.IUserShareBindingManager" timeout="5000" check="false"
                     cluster="failfast"/>
    <!--销售组织关系-->
    <dubbo:reference registry="central" id="sellingOrganizationQueryClient"
                     interface="com.gome.dragon.mds.client.gcc.SellingOrganizationQueryClient" timeout="5000" check="false"
                     cluster="failfast"/>

    <!--逻辑dc查询采购组织-->
    <dubbo:reference registry="central" id="gomeMstMasLocClient"
                     interface="com.gome.dragon.mds.client.mstMasLoc.GomeMstMasLocClient" timeout="5000" check="false"
                     cluster="failfast"/>
    <!--查询计划-->
    <dubbo:reference registry="central" id="commissionPlanQueryFacade"
                     interface="com.gome.cpqs.facade.CommissionPlanQueryFacade" timeout="3000" check="false"
                     cluster="failfast"/>
    <!--查询合同-->
    <dubbo:reference registry="central" id="orderContractQueryService"
                     interface="com.gome.scot.ocqs.api.service.OrderContractQueryService" timeout="3000" check="false"
                     cluster="failfast" version="1.0.0"/>

    <!--查询拓客电话通话记录(外呼)-->
    <dubbo:reference registry="central" id="callLogClient"
                     interface="com.gome.mkt.tel.trading.client.CallLogClient" timeout="3000" check="false"
                     cluster="failfast"/>

    <!--查询预约信息列表（预约到店）-->
    <dubbo:reference registry="central" id="gomeStoreReserveDubbloFacade"
                     interface="com.gome.memberCenter.facade.storeReserve.IGomeStoreReserveDubbloFacade" timeout="3000" check="false"
                     cluster="failfast"/>

    <!--查询近7天国美会员的IM服务记录（IM）-->
    <dubbo:reference registry="central" id="iAgentServiceInfo"
                     interface="com.gome.lark.dubbo.IAgentServiceInfo" timeout="3000" check="false"
                     cluster="failfast"/>
                     
     <!--商品自助服务平台-sku属性查询服务-->                
    <dubbo:reference registry="central" id="gomeBombSkuService"
                     interface="com.gome.stage.item.GomeBombSkuService" timeout="3000" check="false"
                     cluster="failfast"/>
                     
    <!-- 企业微信报警 -->
	<dubbo:reference registry="central" id="alarmService" 
					 interface="com.gome.eagle.service.AlarmService" timeout="3000" check="false" 
					 cluster="failfast"/>
    <!--员工接口升级 -->
    <dubbo:reference registry="central" id="gomeEmployeeClient"
                     interface="cn.com.gome.mdm.client.server.employee.GomeEmployeeClient" timeout="3000" check="false"
                     cluster="failfast"/>
</beans>