<?xml version="1.0" encoding="UTF-8"?>
<beans xmlns="http://www.springframework.org/schema/beans"
       xmlns:xsi="http://www.w3.org/2001/XMLSchema-instance"
       xmlns:dubbo="http://code.alibabatech.com/schema/dubbo"
       xsi:schemaLocation="http://www.springframework.org/schema/beans
        http://www.springframework.org/schema/beans/spring-beans.xsd
        http://code.alibabatech.com/schema/dubbo
        http://code.alibabatech.com/schema/dubbo/dubbo.xsd">

    <dubbo:application name="${spring.config.name}"/>

    <!-- 新的国美在线注册中心 -->
    <dubbo:registry id="central" address="${zkAddress}" protocol="zookeeper" timeout="30000"/>

    <dubbo:protocol serialization="nativejava" name="dubbo" port="${dubbo.port}" threads="${dubboThreads}"
                    heartbeat="${dubboHeartBeats}" dispatcher="message"/>

    <dubbo:provider filter="-exception"/>

    <!-- 这里添加提供者配置 -->
    <!--<dubbo:service registry="central" retries="0" interface="com.gome.crp.calc.facade.DemoCalcFacade" ref="demoCalcFacade" cluster="failfast"/>-->

    <dubbo:service registry="central" retries="0"
                   interface="com.gome.crp.calc.facade.dubbo.IDubboEmployeeAttendanceSynFacade"
                   ref="iDubboEmployeeAttendanceSynFacade" timeout="5000" cluster="failfast"/>

    <!-- sap 服务 -->
    <dubbo:service registry="central" retries="3" interface="com.gome.crp.calc.facade.dubbo.sap.IDubboSapFacade"
                   ref="dubboSapFacadeImpl" cluster="failfast"/>

    <!-- 提供场景获利人RPC接口 -->
    <dubbo:service registry="central" retries="3" interface="com.gome.crp.calc.facade.dubbo.IDubboSceneFacade"
                   ref="dubboSceneFacade" cluster="failfast"/>
    <!-- 新的场景获利人 -->
    <dubbo:service registry="central" retries="0" interface="com.gome.crp.calc.facade.dubbo.IDubboProfitStaffFacade"
                   ref="dubboProfitStaffFacade" cluster="failfast"/>

    <!---->
    <dubbo:service registry="central" retries="3"
                   interface="com.gome.crp.calc.facade.dubbo.task.IDubboCalcOrderResultFacade"
                   ref="dubboCalcOrderResultFacade" cluster="failfast"/>

    <!-- 重推计划 -->
    <dubbo:service registry="central" retries="3" interface="com.gome.crp.calc.facade.dubbo.task.IDubboCalcRetryFacade"
                   ref="dubboCalcRetryFacadeImpl" cluster="failfast"/>


    <!-- 定时预算扣减 -->
    <dubbo:service registry="central" retries="3" interface="com.gome.crp.calc.service.job.IJobBudgetService"
                   ref="jobBudgetServiceImpl" cluster="failfast"/>


    <!-- sap -->
    <dubbo:service registry="central" retries="3"
                   interface="com.gome.crp.calc.facade.dubbo.task.IDubboCalcSapTaskFacade"
                   ref="dubboCalcSapTaskFacadeImpl" cluster="failfast"/>

    <!-- 预算定时任务 -->
    <dubbo:service registry="central" retries="3" interface="com.gome.crp.calc.facade.dubbo.task.IDubboBudgetJobFacade"
                   ref="dubboBudgetJobFacadeImpl" cluster="failfast"/>

    <!--执行scene场景-->
    <dubbo:service registry="central" retries="3" interface="com.gome.crp.calc.facade.dubbo.task.IDubboDealSceneYFacade"
                   ref="dubboDealSceneYFacade" cluster="failfast"/>


    <!--问题工具查询-->
    <dubbo:service registry="central" retries="3" interface="com.gome.crp.calc.facade.dubbo.IDubboProblemFacade"
                   ref="dubboProblemFacadeImpl" cluster="failfast"/>

    <!--更新数据-->
    <dubbo:service registry="central" retries="3" interface="com.gome.crp.calc.facade.dubbo.IDubboUpdateFacade"
                   ref="dubboUpdateFacade" cluster="failfast"/>

    <!-- sap线上定时任务接口 -->
    <dubbo:service registry="central" retries="3"
                   interface="com.gome.crp.calc.facade.dubbo.task.IDubboSapOnlineFacade"
                   ref="dubboSapOnlineFacadeImpl" cluster="failfast"/>

    <!-- sap线下定时任务接口 -->
    <dubbo:service registry="central" retries="3"
                   interface="com.gome.crp.calc.facade.dubbo.task.IDubboSapOfflineFacade"
                   ref="dubboSapOfflineFacadeImpl" cluster="failfast"/>

    <!--缓存值变更接口-->
    <dubbo:service registry="central" retries="3"
                   interface="com.gome.crp.calc.facade.dubbo.task.IDubboGcacheFacade"
                   ref="dubboGcacheFacadeImpl" cluster="failfast" />

    <!--缓存值变更接口-->
    <dubbo:service registry="central" retries="3"
                   interface="com.gome.crp.calc.facade.dubbo.task.IDubboCalcOrderResult15PercentFacade"
                   ref="dubboCalcOrderResult15PercentFacadeImpl" cluster="failfast" />
                   
                   
    <!-- 定时推送账户服务 -->
    <dubbo:service registry="central" retries="3"
                   interface="com.gome.crp.calc.facade.dubbo.task.IDubboSendAccountFcade"
                   ref="dubboSendAccountFcadeImpl" cluster="failfast"/>          
                   

	<!-- 没有挂账定时任务 -->
    <dubbo:service registry="central" retries="0"
                   interface="com.gome.crp.calc.facade.dubbo.task.IDubboNoPaymentFacade"
                   ref="iDubboNoPaymentFacade" cluster="failfast"/>

    <!-- 后门任务 -->
    <dubbo:service registry="central" retries="0"
                   interface="com.gome.crp.calc.facade.dubbo.doctor.IDubboBackDoorFacade"
                   ref="dubboBackDoorFacadeImpl" cluster="failfast"/>

</beans>
