<?xml version="1.0" encoding="UTF-8"?>
<beans xmlns="http://www.springframework.org/schema/beans"
    xmlns:xsi="http://www.w3.org/2001/XMLSchema-instance" xmlns:dubbo="http://code.alibabatech.com/schema/dubbo"
    xsi:schemaLocation="http://www.springframework.org/schema/beans
    http://www.springframework.org/schema/beans/spring-beans.xsd  
    http://code.alibabatech.com/schema/dubbo  
    http://code.alibabatech.com/schema/dubbo/dubbo.xsd">

    <!-- name： 服务应用名称 -->
    <dubbo:application name="${spring.application.name}" logger="slf4j"/>
    <!-- 多注册中心配置 -->
    <!-- protocol：注册中心类型，address：注册中心暴露服务地址 -->
   	<dubbo:registry id="productZK" protocol="${dubbo.registry.protocol}" address="${dubbo.registry.product_address}" />

	<dubbo:reference id="iUserInfoFacade" interface="com.gome.userCenter.facade.userservice.profile.IUserInfoFacade" group="gomeShop" check="false" timeout="3000" registry="productZK" />
	<dubbo:reference id="iUserSsoFacade" interface="com.gome.sso.facade.IUserSsoFacade" check="false" timeout="3000" registry="productZK" />
	<dubbo:reference id="iEmailMobileFacade" interface="com.gome.userCenter.facade.userservice.profile.IEmailMobileFacade" group="gomeShop" check="false" timeout="3000" registry="productZK" />
	<dubbo:reference id="iUserBaseProfileFacade" interface="com.gome.userBase.facade.base.IUserBaseProfileFacade" group="gomeShop" check="false" timeout="3000" registry="productZK" />
	<dubbo:reference registry="productZK" version="3.0.0" interface="cn.com.gome.user.service.QueryUserInfoFacade" id="queryUserInfoFacade" check="false" timeout="3000"/>
	<dubbo:reference version="3.0.0" interface="com.gomeo2o.facade.vshop.service.VshopFacade" id="vshopFacade" check="false" retries="0" timeout="3000" registry="productZK"/>
	<dubbo:reference version="3.0.0" interface="com.gomeo2o.facade.vshop.service.VshopInfoDescFacade" id="vshopInfoDescFacade" check="false" retries="0" timeout="3000" registry="productZK"/>
	<dubbo:reference registry="productZK"  interface="com.gome.userBase.facade.weChat.IGomeShopWeChatFacade" id="gomeShopWeChatFacade" group="gomeShop" check="false" timeout="3000"/>
	<!-- 美店信息 -->
	<dubbo:reference  registry="productZK" id="vshopInfoExternalFacade" interface="com.gomeo2o.facade.vshop.service.VshopInfoExternalFacade" check="false" timeout="3000" retries="0"/>
	<dubbo:reference  registry="productZK" id="ISNSLoginFacade" interface="com.gome.userCenter.facade.login.ISNSLoginFacade" check="false" timeout="3000" retries="0"/>
	<dubbo:reference  registry="productZK" id="newOrderService" interface="com.gome.meidian.service.INewOrderService" check="false" timeout="3000" retries="0"/>
	<dubbo:reference  registry="productZK" id="userRelationService" interface="com.gome.meidian.service.IUserRelationService" check="false" timeout="3000" retries="0"/>
	<dubbo:reference  registry="productZK" id="commonUploadService" interface="cn.com.gome.gis.dubbo.CommonUploadService" check="false" timeout="10000" retries="0"/>
	<dubbo:reference  registry="productZK" id="orderShopServiceImpl" interface="com.gome.meidian.service.IOrderShopService" check="false" timeout="3000" retries="0"/>
</beans>