<?xml version="1.0" encoding="UTF-8"?>
<beans xmlns="http://www.springframework.org/schema/beans"  
    xmlns:xsi="http://www.w3.org/2001/XMLSchema-instance" xmlns:dubbo="http://code.alibabatech.com/schema/dubbo"  
    xsi:schemaLocation="http://www.springframework.org/schema/beans  
    http://www.springframework.org/schema/beans/spring-beans.xsd  
    http://code.alibabatech.com/schema/dubbo  
    http://code.alibabatech.com/schema/dubbo/dubbo.xsd">  

    <!-- name： 服务应用名称 -->  
    <!-- <dubbo:application name="${spring.application.name}" logger="slf4j"/>-->
    <!-- 多注册中心配置 -->
    <!-- protocol：注册中心类型，address：注册中心暴露服务地址 -->  
   	 <!--<dubbo:registry id="productZK" protocol="${dubbo.registry.protocol}" address="${dubbo.registry.product_address}" />-->
   	<dubbo:protocol name="dubbo" port="20880" />

	<bean id="userInfoManager" class="com.gome.meidian.user.manager.UserInfoManager" />
	<dubbo:service ref="userInfoManager" interface="com.gome.meidian.user.manager.IUserInfoManager" timeout="3000" >
		<dubbo:method name="addUserInfoByInviteUser" retries="0" />
		<dubbo:method name="modifyUserInfo" retries="0" />
		<dubbo:method name="findByQuery" retries="0" />
		<dubbo:method name="findCountUserInfo" retries="0" />
	</dubbo:service>
	
	<bean id="roleManager" class="com.gome.meidian.user.manager.RoleManager" />
	<dubbo:service ref="roleManager" interface="com.gome.meidian.user.manager.IRoleManager" timeout="3000" />
	
	<bean id="userRelationManager" class="com.gome.meidian.user.manager.UserRelationManager" />
	<dubbo:service ref="userRelationManager" interface="com.gome.meidian.user.manager.IUserRelationManager" timeout="3000"  >
		<dubbo:method name="addUserRelation" retries="0" />
		<dubbo:method name="deleteUserRelation" retries="0" />
		<dubbo:method name="updateUserRelation" retries="0" />
	</dubbo:service>
	
	<bean id="userRoleManager" class="com.gome.meidian.user.manager.UserRoleManager" />
	<dubbo:service ref="userRoleManager" interface="com.gome.meidian.user.manager.IUserRoleManager" timeout="3000" >
		<dubbo:method name="addUserRole" retries="0" />
		<dubbo:method name="modifyUserRole" retries="0" />
	</dubbo:service>
   <!--绑定记录关系提供-->
	<dubbo:service ref="mShopShareRecordManager" interface="com.gome.meidian.user.manager.IMShopShareRecordManager" timeout="3000">
		<dubbo:method name="addMshopShareRecord" retries="0"/>
		<dubbo:method name="userAuthorization" retries="0"/>
		<dubbo:method name="updateUserRecord" retries="0"/>
		<dubbo:method name="queryUniqueIdListByUpUserId" retries="0"/>
	</dubbo:service>

   <!--绑定会员关系提供-->
    <dubbo:service ref="userShareBindingManager" interface="com.gome.meidian.user.manager.IUserShareBindingManager" timeout="3000">
        <dubbo:method name="changeMLeader" retries="0" timeout="5000" />
		<dubbo:method name="changeVShop" retries="0"   timeout="5000"/>
		<dubbo:method name="changePianZong" retries="0" timeout="5000"/>
		<dubbo:method name="authorizationPrivacy" retries="0" timeout="5000"/>
		<dubbo:method name="uploadQrCode" retries="0" timeout="5000"/>
    </dubbo:service>
    
	<dubbo:service ref="mshopOwnerInfoManager" interface="com.gome.meidian.user.manager.IMShopOwnerInfoManager" timeout="3000"/>
	<dubbo:service ref="mshopWeChatInfoManager" interface="com.gome.meidian.user.manager.IMshopWeChatInfoManager" timeout="3000"/>


	<bean id="absenteeismCountManager" class="com.gome.meidian.user.manager.AbsenteeismCountManager" />
	<dubbo:service ref="absenteeismCountManager" interface="com.gome.meidian.user.manager.IAbsenteeismCountManager" timeout="3000" >
		<dubbo:method name="findAbsenteeismCountByUserId" retries="0" />
		<dubbo:method name="updateAbsenteeismCountByUserId" retries="0" />
	</dubbo:service>


	<bean id="userGomeInfoManager" class="com.gome.meidian.user.manager.UserGomeInfoManager" />
	<dubbo:service ref="userGomeInfoManager" interface="com.gome.meidian.user.manager.IUserGomeInfoManager" timeout="3000" >
		<dubbo:method name="isNewUser" retries="0" />
	</dubbo:service>
	<!--用户权益-->
	<dubbo:service ref="basicEquitiesNumberManager" interface="com.gome.meidian.user.manager.IUserBasicEquitiesNumberManager"/>
	<dubbo:service ref="userRightsManager" interface="com.gome.meidian.user.manager.IUserRightsManager"/>
	<dubbo:service ref="layerCmsManager" interface="com.gome.meidian.user.manager.ILayerCmsConfigManager"/>

	<dubbo:service ref="wechatPushMessageManager" interface="com.gome.meidian.user.manager.WechatManager" timeout="3000" />
	<dubbo:service ref="userFormIdManager" interface="com.gome.meidian.user.manager.IUserFormIdManager" timeout="3000" />
	<!-- 接收gjob的调用，处理不同的定时任务 -->
	<dubbo:service ref="gjobManager" interface="com.gome.meidian.user.gjob.IGjobManager" timeout="3000" async="true"/>
	<!--小美萌店用户关系-->
	<dubbo:service ref="meidianBindingRelationManager" interface="com.gome.meidian.user.manager.IMeidianBindingRelationManager" />
	<!--员工绑定开通美店-->
	<dubbo:service ref="openVshopManager" interface="com.gome.meidian.user.manager.IOpenVshopManager" timeout="3000"/>

</beans>
