<?xml version="1.0" encoding="UTF-8"?>
<beans xmlns="http://www.springframework.org/schema/beans"  
    xmlns:xsi="http://www.w3.org/2001/XMLSchema-instance" xmlns:dubbo="http://code.alibabatech.com/schema/dubbo"  
    xsi:schemaLocation="http://www.springframework.org/schema/beans  
    http://www.springframework.org/schema/beans/spring-beans.xsd  
    http://code.alibabatech.com/schema/dubbo  
    http://code.alibabatech.com/schema/dubbo/dubbo.xsd">  

    <!-- name： 服务应用名称 -->  
    <dubbo:application name="${dubbo.application.name}" logger="slf4j"/>  
    <!-- 多注册中心配置 -->
    <!-- protocol：注册中心类型，address：注册中心暴露服务地址 -->  
   	<dubbo:registry id="productZK" protocol="${dubbo.registry.protocol}" address="${dubbo.registry.product_address}" default="true" />
   	<!--  大数据搜索注册中心 -->
   	<dubbo:registry id="bigDataZK" protocol="${dubbo.registry.protocol}" address="${dubbo.registry.bigdata_address}"  />
   	
	<!-- 凑单 -->
   	<dubbo:reference id="gorderInfoForAppResource" interface="com.gomeplus.bs.interfaces.gorder.service.GorderInfoForAppResource" check="false" timeout="3000" retries="0" registry="productZK" />
   	<dubbo:reference id="gorderInfoForAppResourceMuti" interface="com.gomeplus.bs.interfaces.gorder.service.GorderInfoForAppResourceMuti" check="false" timeout="3000" retries="0" registry="productZK" />
   	<dubbo:reference id="gorderInfoForAppNewResource" interface="com.gomeplus.bs.interfaces.gorder.service.newGorder.GorderInfoForAppNewResource" check="false" timeout="3000" retries="0" registry="productZK" />
   
   	<!-- 商品详情 -->
    <dubbo:reference id="productInfoService" interface="com.gome.stage.interfaces.item.IProductInfoService" group="item" check="false" timeout="3000" retries="0" registry="productZK"/>
    <dubbo:reference id="prodSpecService" interface="com.gome.tapho.interfaces.spec.IProdSpecService"  group="tapho" check="false" timeout="3000" retries="0" registry="productZK" />
    <dubbo:reference id="priceService" interface="com.gome.stage.interfaces.item.IPriceService" group="wireless" check="false" timeout="3000" retries="0" registry="productZK" />
    <dubbo:reference id="accessGoodsService" interface="com.gome.stage.service.IAccessGoodsService"  group="access" check="false" timeout="3000" retries="0" registry="productZK"/>
    <dubbo:reference id ="prodDetailService" interface="com.gome.frontSe.interfaces.IProdDetailService" group="detail" check="false" cluster="failfast" timeout="3000" retries="0" registry="productZK"/>
	
	<!-- 美店价格 -->
    <dubbo:reference id ="iGomeVipPriceService" interface="com.gome.stage.interfaces.item.IGomeVipPriceService" group="mvip" check="false" timeout="3000" retries="0" registry="productZK"/>
   	
   	<!-- cms 凑单专区 -->
   	<dubbo:reference id="promJsonCacheService" interface="com.gome.mobile.common.business.promcms.service.cms.PromJsonCacheService" check="false" timeout="3000" retries="0" registry="productZK" />
	
	<!-- 获取SCN信息 -->
	<dubbo:reference id="iUserSsoFacade" interface="com.gome.sso.facade.IUserSsoFacade" check="false" lazy="true" timeout="3000" cluster="failfast" group="gomeShop" retries="0" registry="productZK"/>
	<!-- 根据userId查询用户信息stId -->
	<dubbo:reference id="queryUserInfoFacade" interface="cn.com.gome.user.service.QueryUserInfoFacade" check="false" timeout="3000" version="3.0.0" retries="0" registry="productZK"/>
	<!-- 获取昵称 -->
	<dubbo:reference id="iUserInfoFacade" interface="com.gome.userCenter.facade.userservice.profile.IUserInfoFacade" check="false" group="gomeShop" timeout="3000" retries="0" registry="productZK"/>
	<!-- 根据userId查询mId -->
	<dubbo:reference id="vshopFacade" interface="com.gomeo2o.facade.vshop.service.VshopFacade" check="false" timeout="3000" version="3.0.0" retries="0" registry="productZK"/>
	<dubbo:reference id="vshopInfoLabelFacade" interface="com.gomeo2o.facade.vshop.service.VshopInfoLabelFacade" check="false" timeout="3000" version="3.0.0" retries="0" registry="productZK"/>
    <!-- 获取员工归属店 -->
	<dubbo:reference id="iGomeStaffInfoFacade" interface="com.gome.userBase.facade.staff.IGomeStaffInfoFacade" check="false" lazy="true" timeout="3000" cluster="failfast" group="gomeShop" retries="0" registry="productZK"/>
	
	<!-- 获取返利kid -->
    <dubbo:reference id="iDubboBuyersService" interface="cn.com.gome.rebate.dubbo.service.app.IDubboBuyersService" check="false" timeout="3000" retries="0" registry="productZK" version="3.0.0"/>
	<!-- 根据三级地址查询渠道美店及数字门店信息集合  -->
    <dubbo:reference id="vshopChannelExternalFacade" interface="com.gomeo2o.facade.vshop.service.VshopChannelExternalFacade" check="false" cluster="failfast" timeout="3000" retries="0" registry="productZK"/>
	<!-- 库存 -->
	<dubbo:reference id="atpAreaQueryClient" interface="com.gome.feitian.atp.client.AtpAreaQueryClient" check="false" timeout="3000" retries="0" registry="productZK" version="1.0.0"/>
	<!-- 领红蓝券 -->
	<dubbo:reference id="gomeFetchCouponsInnoService" interface="com.gome.bg.interfaces.coupons.service.GomeFetchCouponsInnoService" check="true" timeout="3000" retries="0" registry="productZK"/>
	<!-- 领美券 -->
	<dubbo:reference id="gomeFetchFuseCouponInnoService" interface="com.gome.bg.interfaces.fusecoupon.service.GomeFetchFuseCouponInnoService" check="false" timeout="3000" retries="0" registry="productZK"/>
	<!-- pop券详情 -->
	<dubbo:reference id="iCouponAndBatchManager" interface="com.gome.coupon.interfaces.dubbo.ICouponAndBatchManager" check="false" timeout="3000" retries="0" registry="productZK" group="npop-coupon-front"/>
	<!-- 领 pop券 -->
	<dubbo:reference id="iPromotionAndCouponManager" interface="com.gome.coupon.interfaces.dubbo.IPromotionAndCouponManager" check="false" timeout="3000" retries="0" registry="productZK" group="npop-coupon-front"/>
	<!-- 券详情 -->
	<dubbo:reference id="queryGomePromService" interface="com.gome.promotion.handle.client.service.QueryGomePromService" check="false" timeout="3000" retries="0" registry="productZK" />
	<!-- 返利 -->
	<dubbo:reference id="iGomeRebateService" interface="com.gome.stage.interfaces.item.IGomeRebateService" check="false" timeout="3000" retries="0" registry="productZK"/>
	<!-- 购买返 -->
	<dubbo:reference id="iDubboRebatePlanService" interface="cn.com.gome.rebate.dubbo.service.man.IDubboRebatePlanService" check="false" timeout="3000" retries="0" registry="productZK" version="3.0.0" />
	<dubbo:reference id="iDubboSellersService" interface="cn.com.gome.rebate.dubbo.service.app.IDubboSellersService" check="false" timeout="3000" retries="0" registry="productZK" version="3.0.0" />
	<!-- 美店信息 -->
	<dubbo:reference id="vshopInfoExternalFacade" interface="com.gomeo2o.facade.vshop.service.VshopInfoExternalFacade" check="false" timeout="3000" retries="0" registry="productZK"/>
	<dubbo:reference id="vshopVipFacade" interface="com.gomeo2o.facade.vshop.service.VshopVipFacade" check="false" timeout="3000" retries="0" registry="productZK"/>

	<!-- 风控  美店抢券 start -->
	<dubbo:reference id="iriskService" interface="com.gome.architect.risk.service.IRiskService"  group="${dubbo.group.risk}"  check="false" timeout="3000" retries="0" registry="productZK"/>
	<!-- 订单相关 -->
	<dubbo:reference id="orderQueryService" interface="com.gome.oms.searchorders.service.order.OrderQueryService" version="1.0.0"  check="false" timeout="3000" retries="0" registry="productZK"/>

	<!--美店cms-->
	<dubbo:reference  id="pageInfoResource" interface="com.gomeplus.bs.interfaces.cms2.service.business.PageInfoResource" check="false" cluster="failfast" timeout="3000" retries="0" registry="productZK" />
	<dubbo:reference  id="suspendIconResource" interface="com.gomeplus.bs.interfaces.cms2.service.business.SuspendIconResource" check="false" cluster="failfast" timeout="3000" retries="0" registry="productZK" />
	<dubbo:reference  id="allPurPage" interface="com.gomeplus.bs.interfaces.cms2.vo.business.pm.page.AllPurPage" check="false" cluster="failfast" timeout="3000" retries="0" registry="productZK" />

	<!--微信三方登录-->
	<dubbo:reference id="iSNSLoginFacade" interface="com.gome.userCenter.facade.login.ISNSLoginFacade" check="false" lazy="true" timeout="3000" cluster="failfast" group="gomeShop" retries="0" registry="productZK"/>
	<!--用户信息存储-->
	<dubbo:reference id="iUserInfoManager" interface="com.gome.meidian.user.manager.IUserInfoManager" check="false" lazy="true" timeout="3000" cluster="failfast" retries="0" registry="productZK"/>
	<dubbo:reference id="iUserRelationManager" interface="com.gome.meidian.user.manager.IUserRelationManager" check="false" lazy="true" timeout="3000" cluster="failfast" retries="0" registry="productZK"/>
	<dubbo:reference id="iUserRoleManager"  interface="com.gome.meidian.user.manager.IUserRoleManager" check="false" lazy="true" timeout="3000" cluster="failfast" retries="0" registry="productZK"/>
	<dubbo:reference id="iEmailMobileFacade" interface="com.gome.userCenter.facade.userservice.profile.IEmailMobileFacade" group="gomeShop" check="false" timeout="3000" retries="0" registry="productZK" />
	<!--激活手机号-->
	<dubbo:reference id="iUpdateProfileFacade"  interface="com.gome.userCenter.facade.userservice.profile.IUpdateProfileFacade" check="false" lazy="true" timeout="3000" cluster="failfast" group="gomeShop" retries="0" registry="productZK"/>
	<!-- 账号密码登录 -->
	<dubbo:reference  id="iUserLoginFacade" registry="productZK" retries="0" interface="com.gome.userCenter.facade.login.IUserLoginFacade" check="false" cluster="failfast"/>
	<!-- 修改手机 -->
	<dubbo:reference  id="iCSCUserFacade" registry="productZK" retries="0" interface="com.gome.userCenter.facade.userservice.othergroup.ICSCUserFacade" check="false" cluster="failfast"/>
	<!-- 手机号快登 -->
	<dubbo:reference  id="iQuickLoginFacade" registry="productZK" retries="0" interface="com.gome.userCenter.facade.login.IQuickLoginFacade"  group="gomeShop" check="false" cluster="failfast"/>
	<dubbo:reference id="iUserBaseProfileFacade"  interface="com.gome.userBase.facade.base.IUserBaseProfileFacade" check="false" lazy="true" timeout="3000" cluster="failfast"  group="gomeShop" retries="0" registry="productZK"/>
	<!-- 用户注册 -分组gomeShop -->
	<dubbo:reference id="IUserRegisterFacade" interface="com.gome.userCenter.facade.register.IUserRegisterFacade" check="false" group="gomeShop" timeout="3000" retries="0" registry="productZK"/>
	<!-- 发送短信验证码和校验 -无分组-->
	<dubbo:reference id="ISendSmsFacade" interface="com.gome.loom.facade.ISendSmsFacade" check="false" timeout="5000" retries="0" registry="productZK"/>
	<dubbo:reference id="IVcodeFacade" interface="com.gome.loom.facade.IVcodeFacade" check="false" timeout="3000" retries="0" registry="productZK"/>
<!-- 	<dubbo:reference  id="cmsMShopBusiness" interface="com.gomeplus.bs.interfaces.cms2.service.business.CmsMShopBusiness" check="false" cluster="failfast" timeout="3000" retries="0" registry="productZK" /> -->
	
	<!-- 店主相关 -->
	<dubbo:reference id="vshopInvitationRelationFacade" interface="com.gomeo2o.facade.vshop.service.VshopInvitationRelationFacade" check="false" cluster="failfast" timeout="3000" retries="0" registry="productZK" version="3.0.0" />
	<dubbo:reference id="mshopTaskInfoResource" interface="com.gomeplus.bs.interfaces.mshop.task.service.MshopTaskInfoResource" check="false" cluster="failfast" timeout="3000" retries="0" registry="productZK" />
	<dubbo:reference id="taskOrderResource" interface="com.gomeplus.bs.interfaces.mshop.task.service.TaskOrderResource" check="false" cluster="failfast" timeout="3000" retries="0" registry="productZK" />
	<dubbo:reference id="taskResource" interface="com.gomeplus.bs.interfaces.mshop.task.service.TaskPayResource" check="false" cluster="failfast" timeout="3000" retries="0" registry="productZK" />
	<dubbo:reference id="vshopInvitationRelationResource" interface="com.gomeplus.bs.interfaces.mshop.task.service.VshopInvitationRelationResource" check="false" cluster="failfast" timeout="3000" retries="0" registry="productZK" />
	<dubbo:reference id="taskInfoStatusMonitorResource" interface="com.gomeplus.bs.interfaces.mshop.task.service.TaskInfoStatusMonitorResource" check="false" cluster="failfast" timeout="3000" retries="0" registry="productZK" />
	<dubbo:reference id="taskJoinResource" interface="com.gomeplus.bs.interfaces.mshop.task.service.TaskJoinResource" check="false" cluster="failfast" timeout="3000" retries="0" registry="productZK" />
	<dubbo:reference id="mshopRaceOrderDataServiceImpl" interface="com.gomeplus.bs.interfaces.mshop.task.service.MshopRaceOrderDataService" check="false" timeout="3000" retries="0" registry="productZK" />
	<dubbo:reference id="mshopTMemberServiceImpl" interface="com.gomeplus.bs.interfaces.mshop.task.service.MshopTMemberService" check="false" timeout="3000" retries="0" registry="productZK" />
	<dubbo:reference id="iMShopShareRecordManager" interface="com.gome.meidian.user.manager.IMShopShareRecordManager" check="false" cluster="failfast" timeout="3000" retries="0" registry="productZK" />
	
	<!-- 节能补贴（政府） -->
	<dubbo:reference id="iSkuEnergyAllowanceService" interface="com.gome.stage.interfaces.item.ISkuEnergyAllowanceService" check="false" timeout="3000" retries="0" registry="productZK"/>
    <!-- 节能优惠（优惠） -->
    <dubbo:reference id="energySavingSubsidiesClient" interface="com.gome.pangu.promotiondata.client.EnergySavingSubsidiesClient" check="false" timeout="3000" retries="0" registry="productZK" />
	<!-- 获取门店信息 -->
	<dubbo:reference id="gomeStoreClient" interface="com.gome.dragon.mds.client.gomestore.GomeStoreClient" check="false" cluster="failfast" timeout="3000" retries="0" registry="productZK" />
	<dubbo:reference id="gomeStoreFullClient" interface="com.gome.dragon.mds.client.gcc.GomeStoreFullClient" check="false" cluster="failfast" timeout="3000" retries="0" registry="productZK" />
	
	<!-- 大数据搜索接口 -->
	<dubbo:reference id="appService" interface="org.gome.search.dubbo.idl.AppService" check="false" cluster="failfast" timeout="3000" retries="0" registry="bigDataZK" version="1.0.0" />

	<!-- 联营店铺信息接口 -->
    <dubbo:reference  id="shopService" interface="com.gome.stage.interfaces.item.IShopService" check="false"  timeout="3000" retries="0" registry="productZK"  group="item"/>

	<!-- 预售 -->
	<dubbo:reference id="promotionPresellService" interface="com.gome.pangu.promotiondata.client.PromotionPresellService" check="false" cluster="failfast" timeout="3000" retries="0" registry="productZK" />
	
	<!-- 用户信息 -->
	<dubbo:reference id="iOrderShopService" interface="com.gome.meidian.service.IOrderShopService" check="false" cluster="failfast" timeout="3000" retries="0" registry="productZK" />

	<!-- 延保 -->
	<dubbo:reference id="iGomeIncrementServiceClient" interface="com.gome.promotion.gome.warranty.client.IGomeIncrementServiceClient" check="false" cluster="failfast" timeout="3000" retries="0" registry="productZK" />

	<!-- 图片上传服务 -->
	<dubbo:reference id="uploadImageInfoService" interface="cn.com.gome.gis.dubbo.UploadImageInfoService" check="false" cluster="failfast" timeout="10000" retries="0" registry="productZK"/>

	<!-- 万人团接口 -->
	<dubbo:reference id="iProductInteractionInfoManager" interface="com.gome.meidian.product.manager.IProductInteractionInfoManager" check="false" cluster="failfast" timeout="3000" retries="0" registry="productZK" />
	<dubbo:reference id="iProductUserCollectionManager" interface="com.gome.meidian.product.manager.IProductUserCollectionManager" check="false" cluster="failfast" timeout="3000" retries="0" registry="productZK" />
	<dubbo:reference id="iProductBaseInfoManager" interface="com.gome.meidian.product.manager.IProductBaseInfoManager" check="false" cluster="failfast" timeout="3000" retries="0" registry="productZK" />
	<dubbo:reference id="iMeidianGoodsAppraiseQueryService" interface="com.gome.appraise.meidian.service.IMeidianGoodsAppraiseQueryService" check="false" timeout="3000" retries="0" registry="productZK" />
	<dubbo:reference id="iMeidianGoodsAppraiseWriteService" interface="com.gome.appraise.meidian.service.IMeidianGoodsAppraiseWriteService" check="false" timeout="3000" retries="0" registry="productZK" />
	
	<!-- 集客 -->
	<dubbo:reference id="collectCustomerTicketService" interface="com.gome.bg.interfaces.collectcustomer.service.CollectCustomerTicketService" check="false" cluster="failfast" timeout="3000" retries="0" registry="productZK" />
	<dubbo:reference id="iGomeJikeOperationFacade" interface="com.gome.memberJikeCenter.facade.IGomeJikeOperationFacade" check="false" cluster="failfast" timeout="3000" retries="0" registry="productZK" />
	<!-- 集客发短信长url转换为短url -->
	<dubbo:reference id="shortUrlService" interface="com.gome.sum.client.ShortUrlService" check="false" cluster="failfast" timeout="3000" retries="0" registry="productZK" />
	<!-- 集客发短信长url转换为短url 最新版-->
	<dubbo:reference id="shortUrlDubboService" interface="com.gome.sum.client.ShortUrlDubboService" check="false" cluster="failfast" timeout="3000" retries="0" registry="productZK" />
    <!-- 店主信息页 -->
    <!-- 订单及销售额信息 -->
    <dubbo:reference id="iNewOrderService"  interface="com.gome.meidian.service.INewOrderService" check="false" cluster="failfast" timeout="3000" retries="0" registry="productZK" />
    <!-- 店主信息 -->
    <dubbo:reference id="iMShopOwnerInfoManager" interface="com.gome.meidian.user.manager.IMShopOwnerInfoManager" check="false" cluster="failfast" timeout="3000" retries="0" registry="productZK"  />
    <dubbo:reference id="iMshopWeChatInfoManager" interface="com.gome.meidian.user.manager.IMshopWeChatInfoManager" check="false" cluster="failfast" timeout="3000" retries="0" registry="productZK"  />
	<!--导师-顾问-当前人存储/变更服务-->
	<dubbo:reference id="iUserShareBindingManager" interface="com.gome.meidian.user.manager.IUserShareBindingManager" check="false" cluster="failfast" timeout="3000" retries="0" registry="productZK"  />
    <!--group=GCoin-live-->
    <!-- dubbo:reference  id="accountFacadeService" interface="cn.com.gome.gcoin.dubbo.AccountFacadeService"   check="false" cluster="failfast" timeout="5000" group="GCoin-live" retries="0" registry="productZK"/ -->
    <dubbo:reference  id="accountFacadeService" interface="cn.com.gome.gcoin.dubbo.AccountFacadeService"   check="false" cluster="failfast" timeout="400" group="${accountFacadeService.group}" retries="0" registry="productZK"/>
    
    <dubbo:reference id="accessShopService" interface="com.gome.stage.service.IAccessShopService" check="false" cluster="failfast" group="access" timeout="3000"  registry="productZK" />

	<!-- 瓜分团 -->
	<dubbo:reference id="gorderInfoForAppCarveResource" interface="com.gomeplus.bs.interfaces.gorder.service.newGorder.GorderInfoForAppCarveResource" check="false" cluster="failfast" timeout="3000" retries="0" registry="productZK" >
		<dubbo:method name="attendCarveGroup" timeout="6000" />
	</dubbo:reference>
    <dubbo:reference id="queryOnlineUserInfoFacade"  interface="cn.com.gome.user.service.QueryOnlineUserInfoFacade"   check="false" cluster="failfast" timeout="3000" retries="0" registry="productZK"  version="3.0.0"/>
    <!-- 大数据用户访问地址 -->
    <dubbo:reference id="footprintService" interface="com.gome.rec.footprint.service.FootprintService" check="false" cluster="failfast" timeout="3000" retries="0" registry="productZK"/>
    
	<!-- 红劵转赠 -->
    <dubbo:reference id="redCouponService" interface="com.gome.pangu.redcoupon.dubbo.service.RedCouponService" check="false" cluster="failfast" timeout="3000" retries="0" registry="productZK" version="1.0"/>
	<!-- 美蓝劵转赠 -->
    <dubbo:reference id="fpBlueCouponService" interface="com.gome.pangu.bluecoupon.dubbo.service.FpBlueCouponService" check="false" cluster="failfast" timeout="3000" retries="0" registry="productZK" version="2.0"/>
	<!-- 查美劵 -->
    <dubbo:reference id="fpBlueCouponQueryService" interface="com.gome.pangu.bluecoupon.dubbo.service.FpBlueCouponQueryService" check="false" cluster="failfast" timeout="3000" retries="0" registry="productZK" version="2.0"/>
	<!-- 查蓝劵 -->
    <dubbo:reference id="blueCouponQueryService" interface="com.gome.pangu.bluecoupon.dubbo.service.BlueCouponQueryService" check="false" cluster="failfast" timeout="3000" retries="0" registry="productZK" version="2.0"/>
	<!-- 查红劵 -->
    <dubbo:reference id="redCouponQueryService" interface="com.gome.pangu.redcoupon.dubbo.service.RedCouponQueryService" check="false" cluster="failfast" timeout="3000" retries="0" registry="productZK" version="1.0"/>
     	
    <!-- 助力团 -->
    <dubbo:reference id="gorderInfoForAppHelpResource" interface="com.gomeplus.bs.interfaces.gorder.service.newGorder.GorderInfoForAppHelpResource" check="false" cluster="failfast" timeout="3000" retries="0" registry="productZK" />
	<dubbo:reference id="gorderInfoForAppHelpGroupResource" interface="com.gomeplus.bs.interfaces.gorder.service.newGorder.GorderInfoForAppHelpGroupResource" check="false" cluster="failfast" timeout="3000" retries="0" registry="productZK" />
	<!--美店新老客户 -->
	<dubbo:reference id="iUserGomeInfoManager" interface="com.gome.meidian.user.manager.IUserGomeInfoManager" check="false" lazy="true" timeout="3000" cluster="failfast" retries="0" registry="productZK"/>
	<!-- 组团接口 -->
	<dubbo:reference id="selectGroupInfoResource" interface="com.gomeplus.bs.interfaces.gorder.service.SelectGroupInfoResource" check="false" lazy="true" timeout="3000" cluster="failfast" retries="0" registry="productZK"/>

	<dubbo:reference id="layerCmsConfigManager" interface="com.gome.meidian.user.manager.ILayerCmsConfigManager" check="false" lazy="true" timeout="3000" cluster="failfast" retries="0" registry="productZK"/>
	<!-- 素材分享（商品服务） -->
	<dubbo:reference id="iMaterialShareManager" interface="com.gome.meidian.product.manager.IMaterialShareManager" check="false" timeout="3000" cluster="failfast" retries="0" registry="productZK"/>
	
	<!-- 促销语 -->
	<dubbo:reference id="gomePromotionForDetailClient" interface="com.gome.pangu.promotiondata.client.GomePromotionForDetailClient" check="false" timeout="3000" cluster="failfast" retries="0" registry="productZK"/>
	<dubbo:reference id="proPromInterfaceManager" interface="com.coo8.promotion.business.interfaces.interfaces.IProPromtionInterfaceManager" check="false" timeout="3000" group="npop-coupon-front" cluster="failfast" retries="0" registry="productZK"/>
	<!-- 商品分类信息 -->
	<dubbo:reference id="gomeBombMultipleSkuService" interface="com.gome.stage.item.GomeBombMultipleSkuService" check="false" timeout="3000" cluster="failfast" retries="0" registry="productZK"/>
	<!-- 商详页领券 -->
	<dubbo:reference id="couponPromotionClient" interface="com.gome.pangu.promotiondata.client.CouponPromotionClient" check="false" timeout="3000" cluster="failfast" retries="0" registry="productZK"/>
	 	
	<dubbo:reference id="userFormIdManager" interface="com.gome.meidian.user.manager.IUserFormIdManager" check="false" lazy="true" timeout="3000" cluster="failfast" retries="0" registry="productZK"/>
	
	<!-- GFS上传图片服务 date：2019-10-31 by zfj -->
	<dubbo:reference id="commonUploadService" interface="cn.com.gome.gis.dubbo.CommonUploadService" check="false" lazy="true" timeout="3000" cluster="failfast" retries="0" registry="productZK" />
	<dubbo:reference registry="productZK"  interface="com.gome.userBase.facade.weChat.IGomeShopWeChatFacade" id="gomeShopWeChatFacade" group="gomeShop" check="false" timeout="3000"/>
	<dubbo:reference registry="productZK"  interface="com.gome.meidian.service.ISaleRaceService" id="userRaceService"  check="false" timeout="3000"/>

	<!-- 价格 -->
	<dubbo:reference id="iGomeUnifiedPriceService" interface="com.gome.stage.interfaces.price.IGomeUnifiedPriceService" check="false" timeout="3000" cluster="failfast" retries="0" group="mvip" registry="productZK" />
	<!--小美萌店-->
	<dubbo:reference id="meidianBindingRelationManager" interface="com.gome.meidian.user.manager.IMeidianBindingRelationManager" check="false" timeout="3000" cluster="failfast" retries="0"  registry="productZK"/>
	<dubbo:reference id="grantRebateService" interface="com.gome.meidian.service.IGrantRebateService" check="false" timeout="3000" cluster="failfast" retries="0"  registry="productZK"/>
	<!--小美帮帮创建员工推广员-->
	<dubbo:reference id="iPromoterDubbo" interface="com.gomeplus.bs.interfaces.bone.dubbo.IPromoterDubbo" check="false" timeout="3000" cluster="failfast" retries="0"  registry="productZK" version="3.0.0"/>
	<!--小美帮帮创建推广员方案-->
	<dubbo:reference id="iPromotionPlanDubbo" interface="com.gomeplus.bs.interfaces.bone.dubbo.IPromotionPlanDubbo" check="false" timeout="3000" cluster="failfast" retries="0"  registry="productZK" version="3.0.0"/>
</beans>
