<?xml version="1.0"?>
<configuration>
	<include resource="org/springframework/boot/logging/logback/base.xml"/>
	<!-- ch.qos.logback.core.ConsoleAppender 控制台输出 -->
	<!-- 	<appender name="console" class="ch.qos.logback.core.ConsoleAppender"> -->
	<!-- 		<encoder> -->
	<!-- 			<pattern>[%-5level] [%thread] %X{client} %X{trace_id} %d{HH:mm:ss} %logger => %msg%n</pattern> -->
	<!-- 		</encoder> -->
	<!-- 	</appender> -->
	
	<!-- 开发环境 -->
	<springProfile name="dev">
		
		<!-- 系统日志文件输出 -->
		<appender name="file"
		  class="ch.qos.logback.core.rolling.RollingFileAppender">
			<!-- 临时保存日志文件 -->
			<File>${LOG_PATH}/meidian-system.log</File>
			<!-- 日志记录器的滚动策略，按日期 -->
			<rollingPolicy class="ch.qos.logback.core.rolling.TimeBasedRollingPolicy">
				<!-- 归档日志文件 -->
				<FileNamePattern>${LOG_PATH}/meidian-system.%d{yyyy-MM-dd}.log</FileNamePattern>
				<!-- 保留一天 -->
				<maxHistory>1</maxHistory>
			</rollingPolicy>
			<!-- 日志文件的格式 -->
			<encoder class="ch.qos.logback.classic.encoder.PatternLayoutEncoder">
	            <pattern>[%-5level] [%thread] %X{client} %X{trace_id} %d{HH:mm:ss} %logger{36} => %msg%n</pattern>
	            <charset>utf-8</charset>
	        </encoder>
		</appender>
	
		<!-- 操作记录日志文件,警告 -->
		<appender name="file-operation"
			class="ch.qos.logback.core.rolling.RollingFileAppender">
			<File>${LOG_PATH}/meidian-operation.log</File>
	        <filter class="ch.qos.logback.classic.filter.LevelFilter">
	            <level>WARN</level>
	            <onMatch>ACCEPT</onMatch>
	            <onMismatch>DENY</onMismatch>
	        </filter>
			<rollingPolicy class="ch.qos.logback.core.rolling.TimeBasedRollingPolicy">
				<FileNamePattern>${LOG_PATH}/meidian-operation.%d{yyyy-MM-dd}.log</FileNamePattern>
				<maxHistory>1</maxHistory>
			</rollingPolicy>
			<encoder class="ch.qos.logback.classic.encoder.PatternLayoutEncoder">
	            <pattern>[%-5level] [%thread] %X{client} %X{trace_id} %d{HH:mm:ss} %logger{36} => %msg%n</pattern>
	            <charset>utf-8</charset>
	        </encoder>
		</appender>
		
		<!-- 操作记录日志文件，error -->
		<appender name="file-error"
			class="ch.qos.logback.core.rolling.RollingFileAppender">
			<File>${LOG_PATH}/meidian-error.log</File>
			<filter class="ch.qos.logback.classic.filter.LevelFilter">
				<level>ERROR</level>
				<onMatch>ACCEPT</onMatch>
				<onMismatch>DENY</onMismatch>
			</filter>
			<rollingPolicy class="ch.qos.logback.core.rolling.TimeBasedRollingPolicy">
				<FileNamePattern>${LOG_PATH}/meidian-error.%d{yyyy-MM-dd}.log</FileNamePattern>
				<maxHistory>1</maxHistory>
			</rollingPolicy>
			<encoder class="ch.qos.logback.classic.encoder.PatternLayoutEncoder">
	            <pattern>[%-5level] [%thread] %X{client} %X{trace_id} %d{HH:mm:ss} %logger{36} => %msg%n</pattern>
	            <charset>utf-8</charset>
	        </encoder>
		</appender>
		
	
	   
		<!-- 操作记录日志文件，debug -->
		<appender name="file-debug" class="ch.qos.logback.core.rolling.RollingFileAppender">
			<File>${LOG_PATH}/meidian-debug.log</File>
			<filter class="ch.qos.logback.classic.filter.LevelFilter">
				<level>DEBUG</level>
				<onMatch>ACCEPT</onMatch>
				<onMismatch>DENY</onMismatch>
			</filter>
			<rollingPolicy class="ch.qos.logback.core.rolling.TimeBasedRollingPolicy">
				<fileNamePattern>${LOG_PATH}/meidian-debug.%d{yyyy-MM-dd}.log</fileNamePattern>
				<maxHistory>1</maxHistory>
			</rollingPolicy>
			<encoder class="ch.qos.logback.classic.encoder.PatternLayoutEncoder">
	            <pattern>[%-5level] [%thread] %X{client} %X{trace_id} %d{HH:mm:ss} %logger{36} => %msg%n</pattern>
	            <charset>utf-8</charset>
	        </encoder>
		</appender>
		
		<!-- 操作记录日志文件，info -->
		<appender name="file-msg" class="ch.qos.logback.core.rolling.RollingFileAppender">
			<File>${LOG_PATH}/meidian-msg.log</File>
			<filter class="ch.qos.logback.classic.filter.LevelFilter">
				<level>INFO</level>
				<onMatch>ACCEPT</onMatch>
				<onMismatch>DENY</onMismatch>
			</filter>
			<rollingPolicy class="ch.qos.logback.core.rolling.TimeBasedRollingPolicy">
				<fileNamePattern>${LOG_PATH}/meidian-msg.%d{yyyy-MM-dd}.log</fileNamePattern>
				<maxHistory>1</maxHistory>
			</rollingPolicy>
			<encoder class="ch.qos.logback.classic.encoder.PatternLayoutEncoder">
	            <pattern>%msg%n</pattern>
	            <charset>utf-8</charset>
	        </encoder>
		</appender>

	     <!-- 异步输出 当我们配置了AsyncAppender，系统启动时会初始化一条名为"AsyncAppender-Worker-ASYNC"的线程
			当Logging Event进入AsyncAppender后，AsyncAppender会调用appender方法，appender方法中再将event填入Buffer（使用的Buffer为BlockingQueue，具体实现为ArrayBlockingQueye）前，会先判断当前Buffer的容量以及丢弃日志特性是否开启，当消费能力不如生产能力时，AsyncAppender会将超出Buffer容量的Logging Event的级别进行丢弃，作为消费速度一旦跟不上生产速度导致Buffer溢出处理的一种方式。
			上面的线程的作用，就是从Buffer中取出Event，交给对应的appender进行后面的日志推送
			从上面的描述我们可以看出，AsyncAppender并不处理日志，只是将日志缓冲到一个BlockingQueue里面去，并在内部创建一个工作线程从队列头部获取日志，之后将获取的日志循环记录到附加的其他appender上去，从而达到不阻塞主线程的效果。因此AsyncAppender仅仅充当的是事件转发器，必须引用另外一个appender来做事
    		discardingThreshold，假如等于20则表示，表示当还剩20%容量时，将丢弃TRACE、DEBUG、INFO级别的Event，只保留WARN与ERROR级别的Event，为了保留所有的events，可以将这个值设置为0，默认值为queueSize/5
    		queueSize比较好理解，BlockingQueue的最大容量，默认为256
    		includeCallerData表示是否提取调用者数据，这个值被设置为true的代价是相当昂贵的，为了提升性能，默认当event被加入BlockingQueue时，event关联的调用者数据不会被提取，只有线程名这些比较简单的数据
    		appender-ref表示AsyncAppender使用哪个具体的<appender>进行日志输出
			--> 
			
			
	    
		 <!-- 异步写日志，效率提升30% -->	     
	     <appender name ="async-file" class= "ch.qos.logback.classic.AsyncAppender">  
	         <!-- 默认情况下，当阻塞队列剩余20%的容量时，它将删除级别跟踪、调试和信息事件，则会丢弃TRACT、DEBUG、INFO级别的日志，只保留级别警告和错误事件。要保留所有事件，请将discardingthreshold设置为0，0不丢失日志.默认的,如果队列的80%已满不丢失日志, -->  
	         <discardingThreshold>20</discardingThreshold>  
	         <!-- 更改默认的队列的深度,该值会影响性能.默认值为256 -->  
	         <queueSize>20</queueSize>  
	         <!-- 添加附加的appender,最多只能添加一个 -->  
	         <appender-ref ref ="file"/>  
	     </appender>
	     <appender name ="async-debug" class= "ch.qos.logback.classic.AsyncAppender">  
	         <discardingThreshold>20</discardingThreshold>  
	         <queueSize>20</queueSize>  
	         <appender-ref ref ="file-debug"/>  
	     </appender>
	     <appender name ="async-error" class= "ch.qos.logback.classic.AsyncAppender">  
	         <discardingThreshold>20</discardingThreshold>  
	         <queueSize>20</queueSize>  
	         <appender-ref ref ="file-error"/>  
	     </appender>
	     <appender name ="async-operation" class= "ch.qos.logback.classic.AsyncAppender">  
	         <discardingThreshold>20</discardingThreshold>  
	         <queueSize>20</queueSize>  
	         <appender-ref ref ="file-operation"/>  
	     </appender>
	     <appender name ="async-msg" class= "ch.qos.logback.classic.AsyncAppender">  
	         <discardingThreshold>20</discardingThreshold>  
	         <queueSize>20</queueSize>  
	         <appender-ref ref ="file-msg"/>  
	     </appender>
		<!-- 定制日志级别，优先级高 -->
		<logger name="org.springframework.core" level="info"/>
		<logger name="org.springframework.beans" level="info"/>
		<logger name="org.springframework.context" level="info"/>
		<logger name="org.springframework.web" level="info"/>
		<logger name="org.springframework.web.filter.CommonsRequestLoggingFilter" level="DEBUG"/>
		<logger name="org.springframework.web.servlet.mvc.method.annotation.RequestResponseBodyMethodProcessor" level="DEBUG"/>
		<logger name="org.springframework.boot" level="info" />
		<logger name="org.springframework.aop" level="info" />
		<logger name="org.springframework.jmx" level="info" />
		<logger name="org.springframework.jdbc" level="info" />
		<logger name="org.springframework.transaction" level="info" />
		<logger name="ch.qos.logback" level="ERROR" />
		<logger name="org.activiti" level="info" />
		<logger name="org.hibernate.validator" level="info" />
		<logger name="org.apache.shiro" level="info"/>
		<logger name="org.apache.ibatis" level="info"/>
		<logger name="org.mybatis" level="info"/>
		
		<logger name="com.alibaba.dubbo" level="info"/>
		<logger name="org.apache.zookeeper" level="info"/>
		<logger name="com.gome.meidian" level="debug"/>
		
		<!-- 日志级别 -->
		<root level="debug">
			<!-- <appender-ref ref="console" /> -->
<!--
 			<appender-ref ref="file-msg" />
 		    <appender-ref ref="file" />
			<appender-ref ref="file-debug" />
	        <appender-ref ref="file-error" />
	        <appender-ref ref="file-operation" />
-->
	        <appender-ref ref="async-file" />
 		    <appender-ref ref="async-debug" />
			<appender-ref ref="async-error" />
	        <appender-ref ref="async-operation" />
	        <appender-ref ref="async-msg" />
		</root>
	</springProfile>
	
	<!-- 测试环境 -->
	<springProfile name="test">
	
		<!-- 系统日志文件输出 -->
		<appender name="file"
			class="ch.qos.logback.core.rolling.RollingFileAppender">
			<!-- 临时保存日志文件 -->
			<File>${LOG_PATH}/meidian-system.log</File>
			<!-- 日志记录器的滚动策略，按日期 -->
			<rollingPolicy class="ch.qos.logback.core.rolling.TimeBasedRollingPolicy">
				<!-- 归档日志文件 -->
				<FileNamePattern>${LOG_PATH}/meidian-system.%d{yyyy-MM-dd}.log</FileNamePattern>
				<!-- 保留一天 -->
				<maxHistory>1</maxHistory>
			</rollingPolicy>
			<!-- 日志文件的格式 -->
			<encoder class="ch.qos.logback.classic.encoder.PatternLayoutEncoder">
	            <pattern>[%-5level] [%thread] %X{client} %X{trace_id} %d{HH:mm:ss} %logger{36} => %msg%n</pattern>
	            <charset>utf-8</charset>
	        </encoder>
		</appender>
	
		<!-- 操作记录日志文件,警告 -->
		<appender name="file-operation"
			class="ch.qos.logback.core.rolling.RollingFileAppender">
			<File>${LOG_PATH}/meidian-operation.log</File>
	        <filter class="ch.qos.logback.classic.filter.LevelFilter">
	            <level>WARN</level>
	            <onMatch>ACCEPT</onMatch>
	            <onMismatch>DENY</onMismatch>
	        </filter>
			<rollingPolicy class="ch.qos.logback.core.rolling.TimeBasedRollingPolicy">
				<FileNamePattern>${LOG_PATH}/meidian-operation.%d{yyyy-MM-dd}.log</FileNamePattern>
				<maxHistory>1</maxHistory>
			</rollingPolicy>
			<encoder class="ch.qos.logback.classic.encoder.PatternLayoutEncoder">
	            <pattern>[%-5level] [%thread] %X{client} %X{trace_id} %d{HH:mm:ss} %logger{36} => %msg%n</pattern>
	            <charset>utf-8</charset>
	        </encoder>
		</appender>
		
		<!-- 操作记录日志文件，error -->
		<appender name="file-error"
			class="ch.qos.logback.core.rolling.RollingFileAppender">
			<File>${LOG_PATH}/meidian-error.log</File>
			<filter class="ch.qos.logback.classic.filter.LevelFilter">
				<level>ERROR</level>
				<onMatch>ACCEPT</onMatch>
				<onMismatch>DENY</onMismatch>
			</filter>
			<rollingPolicy class="ch.qos.logback.core.rolling.TimeBasedRollingPolicy">
				<FileNamePattern>${LOG_PATH}/meidian-error.%d{yyyy-MM-dd}.log</FileNamePattern>
				<maxHistory>1</maxHistory>
			</rollingPolicy>
			<encoder class="ch.qos.logback.classic.encoder.PatternLayoutEncoder">
	            <pattern>[%-5level] [%thread] %X{client} %X{trace_id} %d{HH:mm:ss} %logger{36} => %msg%n</pattern>
	            <charset>utf-8</charset>
	        </encoder>
		</appender>
	
		<!-- 操作记录日志文件，debug -->
		<appender name="file-debug" class="ch.qos.logback.core.rolling.RollingFileAppender">
			<File>${LOG_PATH}/meidian-debug.log</File>
			<filter class="ch.qos.logback.classic.filter.LevelFilter">
				<level>DEBUG</level>
				<onMatch>ACCEPT</onMatch>
				<onMismatch>DENY</onMismatch>
			</filter>
			<rollingPolicy class="ch.qos.logback.core.rolling.TimeBasedRollingPolicy">
				<fileNamePattern>${LOG_PATH}/meidian-debug.%d{yyyy-MM-dd}.log</fileNamePattern>
				<maxHistory>1</maxHistory>
			</rollingPolicy>
			<encoder class="ch.qos.logback.classic.encoder.PatternLayoutEncoder">
	            <pattern>[%-5level] [%thread] %X{client} %X{trace_id} %d{HH:mm:ss} %logger{36} => %msg%n</pattern>
	            <charset>utf-8</charset>
	        </encoder>
		</appender>
		
		<!-- 操作记录日志文件，info -->
		<appender name="file-msg" class="ch.qos.logback.core.rolling.RollingFileAppender">
			<File>${LOG_PATH}/meidian-msg.log</File>
			<filter class="ch.qos.logback.classic.filter.LevelFilter">
				<level>INFO</level>
				<onMatch>ACCEPT</onMatch>
				<onMismatch>DENY</onMismatch>
			</filter>
			<rollingPolicy class="ch.qos.logback.core.rolling.TimeBasedRollingPolicy">
				<fileNamePattern>${LOG_PATH}/meidian-msg.%d{yyyy-MM-dd}.log</fileNamePattern>
				<maxHistory>1</maxHistory>
			</rollingPolicy>
			<encoder class="ch.qos.logback.classic.encoder.PatternLayoutEncoder">
	            <pattern>%msg%n</pattern>
	            <charset>utf-8</charset>
	        </encoder>
		</appender>
		
		<!-- 异步写日志，效率提升30% -->	     
	     <appender name ="async-file" class= "ch.qos.logback.classic.AsyncAppender">  
	         <!-- 默认情况下，当阻塞队列剩余20%的容量时，它将删除级别跟踪、调试和信息事件，则会丢弃TRACT、DEBUG、INFO级别的日志，只保留级别警告和错误事件。要保留所有事件，请将discardingthreshold设置为0，0不丢失日志.默认的,如果队列的80%已满不丢失日志, -->  
	         <discardingThreshold>20</discardingThreshold>  
	         <!-- 更改默认的队列的深度,该值会影响性能.默认值为256 -->  
	         <queueSize>20</queueSize>  
	         <!-- 添加附加的appender,最多只能添加一个 -->  
	         <appender-ref ref ="file"/>  
	     </appender>
	     <appender name ="async-debug" class= "ch.qos.logback.classic.AsyncAppender">  
	         <discardingThreshold>20</discardingThreshold>  
	         <queueSize>20</queueSize>  
	         <appender-ref ref ="file-debug"/>  
	     </appender>
	     <appender name ="async-error" class= "ch.qos.logback.classic.AsyncAppender">  
	         <discardingThreshold>20</discardingThreshold>  
	         <queueSize>20</queueSize>  
	         <appender-ref ref ="file-error"/>  
	     </appender>
	     <appender name ="async-operation" class= "ch.qos.logback.classic.AsyncAppender">  
	         <discardingThreshold>20</discardingThreshold>  
	         <queueSize>20</queueSize>  
	         <appender-ref ref ="file-operation"/>  
	     </appender>
	     <appender name ="async-msg" class= "ch.qos.logback.classic.AsyncAppender">  
	         <discardingThreshold>20</discardingThreshold>  
	         <queueSize>20</queueSize>  
	         <appender-ref ref ="file-msg"/>  
	     </appender>
		<!-- 定制日志级别，优先级高 -->
		<logger name="org.springframework.core" level="info"/>
		<logger name="org.springframework.beans" level="info"/>
		<logger name="org.springframework.context" level="info"/>
		<logger name="org.springframework.web" level="info"/>
		<logger name="org.springframework.web.filter.CommonsRequestLoggingFilter" level="DEBUG"/>
		<logger name="org.springframework.web.servlet.mvc.method.annotation.RequestResponseBodyMethodProcessor" level="DEBUG"/>
		<logger name="org.springframework.boot" level="info" />
		<logger name="org.springframework.aop" level="info" />
		<logger name="org.springframework.jmx" level="info" />
		<logger name="org.springframework.jdbc" level="info" />
		<logger name="org.springframework.transaction" level="info" />
		<logger name="ch.qos.logback" level="ERROR" />
		<logger name="org.activiti" level="info" />
		<logger name="org.hibernate.validator" level="info" />
		<logger name="org.apache.shiro" level="info"/>
		<logger name="org.apache.ibatis" level="info"/>
		<logger name="org.mybatis" level="info"/>
		
		<logger name="com.alibaba.dubbo" level="info"/>
		<logger name="org.apache.zookeeper" level="info"/>
		<logger name="com.gome.meidian" level="debug"/>
		
		<!-- 日志级别 -->
		<root level="info">
			<!-- <appender-ref ref="console" /> -->
<!--
			<appender-ref ref="file" />
			<appender-ref ref="file-debug" />
			<appender-ref ref="file-msg" />
	        <appender-ref ref="file-error" />
	        <appender-ref ref="file-operation" />
 -->
	       	<appender-ref ref="async-file" />
 		    <appender-ref ref="async-debug" />
			<appender-ref ref="async-error" />
	        <appender-ref ref="async-operation" />
	        <appender-ref ref="async-msg" />
		</root>
	</springProfile>
	
	<!-- 生产环境 -->
	<springProfile name="product">
	
		<!-- 系统日志文件输出 -->
		<appender name="file"
			class="ch.qos.logback.core.rolling.RollingFileAppender">
			<!-- 临时保存文件 -->
			<File>${LOG_PATH}/meidian-system.log</File>
			<!-- 日志记录器的滚动策略，按日期 -->
			<rollingPolicy class="ch.qos.logback.core.rolling.TimeBasedRollingPolicy">
				<!-- 归档文件 -->
				<FileNamePattern>${LOG_PATH}/meidian-system.%d{yyyy-MM-dd}.%i.log</FileNamePattern>
				<!-- 除按日期记录之外，还配置了日志文件不能超过200M，若超过200M，日志文件会以索引0开始，命名日志文件，例如log-error-2013-12-21.0.log -->
	            <timeBasedFileNamingAndTriggeringPolicy class="ch.qos.logback.core.rolling.SizeAndTimeBasedFNATP">
	                <maxFileSize>200MB</maxFileSize>
	            </timeBasedFileNamingAndTriggeringPolicy>
			</rollingPolicy>
			<!-- 追加方式记录日志 -->
			<append>true</append>
			<!-- 日志文件的格式 -->
			<encoder class="ch.qos.logback.classic.encoder.PatternLayoutEncoder">
	            <pattern>[%-5level] [%thread] %X{client} %X{trace_id} %d{HH:mm:ss} %logger{36} => %msg%n</pattern>
	            <charset>utf-8</charset>
	        </encoder>
		</appender>
	
		<!-- 操作记录日志文件,警告 -->
		<appender name="file-operation"
			class="ch.qos.logback.core.rolling.RollingFileAppender">
			<File>${LOG_PATH}/meidian-operation.log</File>
	        <filter class="ch.qos.logback.classic.filter.LevelFilter">
	            <level>WARN</level>
	            <onMatch>ACCEPT</onMatch>
	            <onMismatch>DENY</onMismatch>
	        </filter>
			<rollingPolicy class="ch.qos.logback.core.rolling.TimeBasedRollingPolicy">
				<FileNamePattern>${LOG_PATH}/meidian-operation.%d{yyyy-MM-dd}.%i.log</FileNamePattern>
	            <timeBasedFileNamingAndTriggeringPolicy class="ch.qos.logback.core.rolling.SizeAndTimeBasedFNATP">
	                <maxFileSize>200MB</maxFileSize>
	            </timeBasedFileNamingAndTriggeringPolicy>
			</rollingPolicy>
			<append>true</append>
			<encoder class="ch.qos.logback.classic.encoder.PatternLayoutEncoder">
	            <pattern>[%-5level] [%thread] %X{client} %X{trace_id} %d{HH:mm:ss} %logger{36} => %msg%n</pattern>
	            <charset>utf-8</charset>
	        </encoder>
		</appender>
		
		<!-- 操作记录日志文件，error -->
		<appender name="file-error"
			class="ch.qos.logback.core.rolling.RollingFileAppender">
			<File>${LOG_PATH}/meidian-error.log</File>
			<filter class="ch.qos.logback.classic.filter.LevelFilter">
				<level>ERROR</level>
				<onMatch>ACCEPT</onMatch>
				<onMismatch>DENY</onMismatch>
			</filter>
			<rollingPolicy class="ch.qos.logback.core.rolling.TimeBasedRollingPolicy">
				<FileNamePattern>${LOG_PATH}/meidian-error.%d{yyyy-MM-dd}.%i.log</FileNamePattern>
	            <timeBasedFileNamingAndTriggeringPolicy class="ch.qos.logback.core.rolling.SizeAndTimeBasedFNATP">
	                <maxFileSize>200MB</maxFileSize>
	            </timeBasedFileNamingAndTriggeringPolicy>
			</rollingPolicy>
			
			<append>true</append>
			<encoder class="ch.qos.logback.classic.encoder.PatternLayoutEncoder">
	            <pattern>[%-5level] [%thread] %X{client} %X{trace_id} %d{HH:mm:ss} %logger{36} => %msg%n</pattern>
	            <charset>utf-8</charset>
	        </encoder>
		</appender>
	
		<!-- 操作记录日志文件，debug -->
		<appender name="file-debug" class="ch.qos.logback.core.rolling.RollingFileAppender">
			<File>${LOG_PATH}/meidian-debug.log</File>
			<filter class="ch.qos.logback.classic.filter.LevelFilter">
				<level>DEBUG</level>
				<onMatch>ACCEPT</onMatch>
				<onMismatch>DENY</onMismatch>
			</filter>
			<rollingPolicy class="ch.qos.logback.core.rolling.TimeBasedRollingPolicy">
				<fileNamePattern>${LOG_PATH}/meidian-debug.%d{yyyy-MM-dd}.%i.log</fileNamePattern>
				<timeBasedFileNamingAndTriggeringPolicy class="ch.qos.logback.core.rolling.SizeAndTimeBasedFNATP">
	                <maxFileSize>200MB</maxFileSize>
	            </timeBasedFileNamingAndTriggeringPolicy>
			</rollingPolicy>
			<append>true</append>
			<encoder class="ch.qos.logback.classic.encoder.PatternLayoutEncoder">
	            <pattern>[%-5level] [%thread] %X{client} %X{trace_id} %d{HH:mm:ss} %logger{36} => %msg%n</pattern>
	            <charset>utf-8</charset>
	        </encoder>
		</appender>
		
		<!-- 操作记录日志文件，info -->
		<appender name="file-msg" class="ch.qos.logback.core.rolling.RollingFileAppender">
			<File>${LOG_PATH}/meidian-msg.log</File>
			<filter class="ch.qos.logback.classic.filter.LevelFilter">
				<level>INFO</level>
				<onMatch>ACCEPT</onMatch>
				<onMismatch>DENY</onMismatch>
			</filter>
			<rollingPolicy class="ch.qos.logback.core.rolling.TimeBasedRollingPolicy">
				<fileNamePattern>${LOG_PATH}/meidian-msg.%d{yyyy-MM-dd}.%i.log</fileNamePattern>
	            <timeBasedFileNamingAndTriggeringPolicy class="ch.qos.logback.core.rolling.SizeAndTimeBasedFNATP">
	                <maxFileSize>200MB</maxFileSize>
	            </timeBasedFileNamingAndTriggeringPolicy>
			</rollingPolicy>
	        <append>true</append>
	        <encoder class="ch.qos.logback.classic.encoder.PatternLayoutEncoder">
	            <pattern>%msg%n</pattern>
	            <charset>utf-8</charset>
	        </encoder>
		</appender>
		
		<!-- 异步写日志，效率提升30% -->	     
	     <appender name ="async-file" class= "ch.qos.logback.classic.AsyncAppender">  
	         <!-- 默认情况下，当阻塞队列剩余20%的容量时，它将删除级别跟踪、调试和信息事件，则会丢弃TRACT、DEBUG、INFO级别的日志，只保留级别警告和错误事件。要保留所有事件，请将discardingthreshold设置为0，0不丢失日志.默认的,如果队列的80%已满不丢失日志, -->  
	         <discardingThreshold>20</discardingThreshold>  
	         <!-- 更改默认的队列的深度,该值会影响性能.默认值为256 -->  
	         <queueSize>20</queueSize>  
	         <!-- 添加附加的appender,最多只能添加一个 -->  
	         <appender-ref ref ="file"/>  
	     </appender>
	     <appender name ="async-debug" class= "ch.qos.logback.classic.AsyncAppender">  
	         <discardingThreshold>20</discardingThreshold>  
	         <queueSize>20</queueSize>  
	         <appender-ref ref ="file-debug"/>  
	     </appender>
	     <appender name ="async-error" class= "ch.qos.logback.classic.AsyncAppender">  
	         <discardingThreshold>20</discardingThreshold>  
	         <queueSize>20</queueSize>  
	         <appender-ref ref ="file-error"/>  
	     </appender>
	     <appender name ="async-operation" class= "ch.qos.logback.classic.AsyncAppender">  
	         <discardingThreshold>20</discardingThreshold>  
	         <queueSize>20</queueSize>  
	         <appender-ref ref ="file-operation"/>  
	     </appender>
	     <appender name ="async-msg" class= "ch.qos.logback.classic.AsyncAppender">  
	         <discardingThreshold>20</discardingThreshold>  
	         <queueSize>20</queueSize>  
	         <appender-ref ref ="file-msg"/>  
	     </appender>
	     
		<!-- 定制日志级别，优先级高 -->
		<logger name="org.springframework.core" level="info"/>
		<logger name="org.springframework.beans" level="info"/>
		<logger name="org.springframework.context" level="info"/>
		<logger name="org.springframework.web" level="info"/>
		<logger name="org.springframework.web.filter.CommonsRequestLoggingFilter" level="info"/>
		<logger name="org.springframework.web.servlet.mvc.method.annotation.RequestResponseBodyMethodProcessor" level="info"/>
		<logger name="org.springframework.boot" level="info" />
		<logger name="org.springframework.aop" level="info" />
		<logger name="org.springframework.jmx" level="info" />
		<logger name="org.springframework.jdbc" level="info" />
		<logger name="org.springframework.transaction" level="info" />
		<logger name="ch.qos.logback" level="ERROR" />
		<logger name="org.activiti" level="info" />
		<logger name="org.hibernate.validator" level="info" />
		<logger name="org.apache.shiro" level="info"/>
		<logger name="org.apache.ibatis" level="info"/>
		<logger name="org.mybatis" level="info"/>
		
		<logger name="com.alibaba.dubbo" level="info"/>
		<logger name="org.apache.zookeeper" level="info"/>
		<logger name="com.gome.meidian" level="info"/>
		
		<!-- 日志级别 -->
		<root level="error">
			<!-- <appender-ref ref="console" /> -->
<!--
			<appender-ref ref="file" />
			<appender-ref ref="file-debug" />
			<appender-ref ref="file-msg" />
	        <appender-ref ref="file-error" />
	        <appender-ref ref="file-operation" />
-->
	       	<appender-ref ref="async-file" />
 		    <appender-ref ref="async-debug" />
			<appender-ref ref="async-error" />
	        <appender-ref ref="async-operation" />
	        <appender-ref ref="async-msg" />
		</root>
	</springProfile>

</configuration>
