<?xml version="1.0" encoding="UTF-8"?>
<!DOCTYPE shardingConfig PUBLIC "-//shardbatis.googlecode.com//DTD Shardbatis 2.0//EN"
  "http://shardbatis.googlecode.com/dtd/shardbatis-config.dtd">
<shardingConfig>
        <!--
                ignoreList可选配置
                ignoreList配置的mapperId会被分表参加忽略解析,不会对sql进行修改
        -->
        <ignoreList>
        	<value></value>
    	</ignoreList>
        <!-- 
                parseList可选配置
               	 如果配置了parseList,只有在parseList范围内并且不再ignoreList内的sql才会被解析和修改
        -->
        <parseList>
        		<value>com.gomeo2o.service.vshop.dao.impl.VshopDistributionItemDaoImpl.queryProductCountByVshopId</value>
                <value>com.gomeo2o.service.vshop.dao.impl.VshopDistributionItemDaoImpl.queryListProductByCategoryId</value>
                <value>com.gomeo2o.service.vshop.dao.impl.VshopDistributionItemDaoImpl.queryListProductByStatus</value>
                <value>com.gomeo2o.service.vshop.dao.impl.VshopDistributionItemDaoImpl.queryProductCountByStatus</value>
                <value>com.gomeo2o.service.vshop.dao.impl.VshopDistributionItemDaoImpl.queryItemCountByCategoryId</value>
        		<value>com.gomeo2o.service.vshop.dao.impl.VshopDistributionItemDaoImpl.updateProductCategory</value>
        		<value>com.gomeo2o.service.vshop.dao.impl.VshopDistributionItemDaoImpl.queryListProductByVshopId</value>
        		<value>com.gomeo2o.service.vshop.dao.impl.VshopDistributionItemDaoImpl.updateDistributionItemByMQ</value>
        		<value>com.gomeo2o.service.vshop.dao.impl.VshopDistributionItemDaoImpl.checkProduct</value>
                <value>com.gomeo2o.service.vshop.dao.impl.VshopDistributionItemDaoImpl.queryProductByProductId</value>
                <value>com.gomeo2o.service.vshop.dao.impl.VshopDistributionItemDaoImpl.updateProductaddByDongJie</value>
                <value>com.gomeo2o.service.vshop.dao.impl.VshopDistributionItemDaoImpl.update</value>
                <value>com.gomeo2o.service.vshop.dao.impl.VshopDistributionItemDaoImpl.insert</value>
                <value>com.gomeo2o.service.vshop.dao.impl.VshopDistributionItemDaoImpl.updateProductIdentificationByVshopId</value>
                <value>com.gomeo2o.service.vshop.dao.impl.VshopDistributionItemDaoImpl.deleteDistributionItem</value>
        		<value>com.gomeo2o.service.vshop.dao.impl.VshopDistributionItemDaoImpl.updateDistributionItems</value>
        		<value>com.gomeo2o.service.vshop.dao.impl.VshopDistributionItemDaoImpl.queryItemsInMShop</value>
        		<value>com.gomeo2o.service.vshop.dao.impl.VshopDistributionItemDaoImpl.deleteDistributionItems</value>
        		<value>com.gomeo2o.service.vshop.dao.impl.VshopDistributionItemDaoImpl.queryItemQuantityByCriteria</value>
        		<value>com.gomeo2o.service.vshop.dao.impl.VshopDistributionItemDaoImpl.queryListProductByCriteria</value>
        		<value>com.gomeo2o.service.vshop.dao.impl.VshopDistributionItemDaoImpl.queryDistributionItemCountCount</value>
				<value>com.gomeo2o.service.vshop.dao.impl.VshopDistributionItemDaoImpl.queryListProducts</value>
        </parseList>
        <!-- 
               	 配置分表策略
        -->
        <strategy tableName="vshop_distribution_item_vshopid" strategyClass="com.gomeo2o.sharding.ShardStrategyImpl"/>      
</shardingConfig>