<?xml version="1.0" encoding="UTF-8" ?>
<!DOCTYPE configuration
    PUBLIC "-//mybatis.org//DTD Config 3.0//EN"
    "http://mybatis.org/dtd/mybatis-3-config.dtd">

<configuration>

	<!-- 类型别名是为 Java类型命名一个短的名字。 它只和 XML配置有关,只用来减少类完全 限定名的多余部分 -->
	<typeAliases>
		<typeAlias alias="VshopCategory" type="com.gomeo2o.facade.vshop.entity.VshopCategory" />
		<typeAlias alias="VshopInfo" type="com.gomeo2o.facade.vshop.entity.VshopInfo" />
		<typeAlias alias="VshopInfoDesc" type="com.gomeo2o.facade.vshop.entity.VshopInfoDesc" />
		<typeAlias alias="VshopInfoLabel" type="com.gomeo2o.facade.vshop.entity.VshopInfoLabel" />
		<typeAlias alias="VshopDistributionItem" type="com.gomeo2o.facade.vshop.entity.VshopDistributionItem" />
		<typeAlias alias="VshopTsMarkert" type="com.gomeo2o.facade.vshop.entity.VshopTsMarkert" />
		<typeAlias alias="VshopOnItemCount" type="com.gomeo2o.facade.vshop.entity.VshopOnItemCount" />
		<typeAlias alias="MshopPushMessage" type="com.gomeo2o.facade.vshop.entity.MshopPushMessage" />
		<typeAlias alias="MshopCloneItemSchedule" type="com.gomeo2o.facade.vshop.entity.MshopCloneItemSchedule" />
		<typeAlias alias="VshopStores" type="com.gomeo2o.facade.vshop.entity.VshopStores" />
		<typeAlias alias="VshopInvitationRelation" type="com.gomeo2o.facade.vshop.entity.VshopInvitationRelation" />
		<typeAlias alias="VshopSensitiveWordsEditRecord" type="com.gomeo2o.facade.vshop.entity.VshopSensitiveWordsEditRecord" />
		<typeAlias alias="VshopVipRelationship" type="com.gomeo2o.facade.vshop.entity.VshopVipRelationship" />
		<typeAlias alias="VshopVipTeamMemberInfo" type="com.gomeo2o.facade.vshop.entity.VshopVipTeamMemberInfo" />
		<!-- 渠道美店相关表 -->
		<typeAlias alias="VshopChannelInfo" type="com.gomeo2o.facade.vshop.entity.VshopChannelInfo" />
		<typeAlias alias="VshopChannelMerchantInfo" type="com.gomeo2o.facade.vshop.entity.VshopChannelMerchantInfo" />
		<typeAlias alias="VshopChannelMerchantChangeRecord" type="com.gomeo2o.facade.vshop.entity.VshopChannelMerchantChangeRecord" />
		<typeAlias alias="VshopChannelOrderInfo" type="com.gomeo2o.facade.vshop.entity.VshopChannelOrderInfo" />
		<typeAlias alias="VshopChannelResumeInfo" type="com.gomeo2o.facade.vshop.entity.VshopChannelResumeInfo" />
		
	</typeAliases>
	
	<plugins>  
<!--        <plugin interceptor="com.google.code.shardbatis.plugin.ShardPlugin">  -->
        <plugin interceptor="com.gomeo2o.config.ShardPlugin">
                <property name="shardingConfig" value="spring/shard_config.xml"/>
        </plugin>  
    </plugins>
</configuration>