<?xml version="1.0" encoding="UTF-8" ?>
<!DOCTYPE mapper PUBLIC "-//mybatis.org//DTD Mapper 3.0//EN" "http://mybatis.org/dtd/mybatis-3-mapper.dtd" >
<mapper namespace="com.gome.meidian.mapper.order.MeidianBangbangCalcTypeMapper">
    <resultMap id="BaseResultMap" type="com.gome.meidian.vo.MeidianBangbangCalcType">
        <id column="id" property="id" jdbcType="BIGINT"/>
        <result column="user_id" property="userId" jdbcType="BIGINT"/>
        <result column="up_user_id" property="upUserId" jdbcType="BIGINT"/>
        <result column="count" property="count" jdbcType="INTEGER"/>
        <result column="first_order_price" property="firstOrderPrice" jdbcType="BIGINT"/>
        <result column="first_order_sale_price" property="firstOrderSalePrice" jdbcType="BIGINT"/>
        <result column="first_order_submitted_date" property="firstOrderSubmittedDate" jdbcType="TIMESTAMP"/>
        <result column="first_order_pay_date" property="firstOrderPayDate" jdbcType="TIMESTAMP"/>
        <result column="cumulate_order_price" property="cumulateOrderPrice" jdbcType="BIGINT"/>
        <result column="cumulate_order_sale_price" property="cumulateOrderSalePrice" jdbcType="BIGINT"/>
        <result column="last_order_price" property="lastOrderPrice" jdbcType="BIGINT"/>
        <result column="last_order_sale_price" property="lastOrderSalePrice" jdbcType="BIGINT"/>
        <result column="last_order_submitted_date" property="lastOrderSubmittedDate" jdbcType="TIMESTAMP"/>
        <result column="last_order_pay_date" property="lastOrderPayDate" jdbcType="TIMESTAMP"/>
        <result column="insert_time" property="insertTime" jdbcType="TIMESTAMP"/>
        <result column="update_time" property="updateTime" jdbcType="TIMESTAMP"/>
    </resultMap>
    <sql id="Base_Column_List">
    id, user_id, up_user_id, count, first_order_price, first_order_sale_price, first_order_submitted_date,
    first_order_pay_date, cumulate_order_price, cumulate_order_sale_price, last_order_price,
    last_order_sale_price, last_order_submitted_date, last_order_pay_date, insert_time, update_time
  </sql>
    <sql id="Example_Where_Clause">
        <where>
            <if test="id != null">
                and id = #{id,jdbcType=BIGINT}
            </if>
            <if test="upUserId != null">
                and up_user_id = #{upUserId,jdbcType=BIGINT}
            </if>
            <if test="userId != null">
                and user_id = #{userId,jdbcType=BIGINT}
            </if>
            <if test="userIds != null">
                AND user_id IN
                <foreach collection="userIds" item="userId" open="(" close=")" separator=",">
                    #{userId}
                </foreach>
            </if>
            <if test="count != null ">
                AND count > #{count,jdbcType=INTEGER}
            </if>
        </where>
    </sql>
    <sql id="Example_Sort_Clause">
        <if test="sort == 'firstOrderPayDate' ">
            ORDER BY first_order_pay_date DESC
        </if>
        <if test="sort == 'lastOrderPayDate' ">
            ORDER BY last_order_pay_date DESC
        </if>
    </sql>

    <select id="selectOne" resultMap="BaseResultMap" parameterType="java.util.Map">
        SELECT
        <include refid="Base_Column_List"/>
        FROM meidian_bangbang_calc_type
        <include refid="Example_Where_Clause"/>
        limit 1
    </select>

    <select id="selectCount" parameterType="java.util.Map" resultType="java.lang.Integer">
        SELECT
        count(user_id)
        FROM meidian_bangbang_calc_type
        <include refid="Example_Where_Clause"/>
    </select>

    <select id="selectList" parameterType="java.util.Map" resultMap="BaseResultMap">
        SELECT
        <include refid="Base_Column_List"/>
        FROM meidian_bangbang_calc_type
        <include refid="Example_Where_Clause"/>
        <include refid="Example_Sort_Clause"/>
        <if test="pageIndex != null and pageSize !=null ">
            limit #{pageIndex},#{pageSize}
        </if>
    </select>

    <delete id="delete" parameterType="java.lang.Long">
    delete from meidian_bangbang_calc_type
    where id = #{id,jdbcType=BIGINT}
  </delete>

    <insert id="insert" parameterType="com.gome.meidian.vo.MeidianBangbangCalcType">
        insert into meidian_bangbang_calc_type
        <trim prefix="(" suffix=")" suffixOverrides=",">
            <if test="id != null">
                id,
            </if>
            <if test="userId != null">
                user_id,
            </if>
            <if test="upUserId != null">
                up_user_id,
            </if>
            <if test="count != null">
                count,
            </if>
            <if test="firstOrderPrice != null">
                first_order_price,
            </if>
            <if test="firstOrderSalePrice != null">
                first_order_sale_price,
            </if>
            <if test="firstOrderSubmittedDate != null">
                first_order_submitted_date,
            </if>
            <if test="firstOrderPayDate != null">
                first_order_pay_date,
            </if>
            <if test="cumulateOrderPrice != null">
                cumulate_order_price,
            </if>
            <if test="cumulateOrderSalePrice != null">
                cumulate_order_sale_price,
            </if>
            <if test="lastOrderPrice != null">
                last_order_price,
            </if>
            <if test="lastOrderSalePrice != null">
                last_order_sale_price,
            </if>
            <if test="lastOrderSubmittedDate != null">
                last_order_submitted_date,
            </if>
            <if test="lastOrderPayDate != null">
                last_order_pay_date,
            </if>
            <if test="insertTime != null">
                insert_time,
            </if>
            <if test="updateTime != null">
                update_time,
            </if>
        </trim>
        <trim prefix="values (" suffix=")" suffixOverrides=",">
            <if test="id != null">
                #{id,jdbcType=BIGINT},
            </if>
            <if test="userId != null">
                #{userId,jdbcType=BIGINT},
            </if>
            <if test="upUserId != null">
                #{upUserId,jdbcType=BIGINT},
            </if>
            <if test="count != null">
                #{count,jdbcType=INTEGER},
            </if>
            <if test="firstOrderPrice != null">
                #{firstOrderPrice,jdbcType=BIGINT},
            </if>
            <if test="firstOrderSalePrice != null">
                #{firstOrderSalePrice,jdbcType=BIGINT},
            </if>
            <if test="firstOrderSubmittedDate != null">
                #{firstOrderSubmittedDate,jdbcType=TIMESTAMP},
            </if>
            <if test="firstOrderPayDate != null">
                #{firstOrderPayDate,jdbcType=TIMESTAMP},
            </if>
            <if test="cumulateOrderPrice != null">
                #{cumulateOrderPrice,jdbcType=BIGINT},
            </if>
            <if test="cumulateOrderSalePrice != null">
                #{cumulateOrderSalePrice,jdbcType=BIGINT},
            </if>
            <if test="lastOrderPrice != null">
                #{lastOrderPrice,jdbcType=BIGINT},
            </if>
            <if test="lastOrderSalePrice != null">
                #{lastOrderSalePrice,jdbcType=BIGINT},
            </if>
            <if test="lastOrderSubmittedDate != null">
                #{lastOrderSubmittedDate,jdbcType=TIMESTAMP},
            </if>
            <if test="lastOrderPayDate != null">
                #{lastOrderPayDate,jdbcType=TIMESTAMP},
            </if>
            <if test="insertTime != null">
                #{insertTime,jdbcType=TIMESTAMP},
            </if>
            <if test="updateTime != null">
                #{updateTime,jdbcType=TIMESTAMP},
            </if>
        </trim>
    </insert>

    <update id="update" parameterType="com.gome.meidian.vo.MeidianBangbangCalcType">
        update meidian_bangbang_calc_type
        <set>
            <if test="userId != null">
                user_id = #{userId,jdbcType=BIGINT},
            </if>
            <if test="upUserId != null">
                up_user_id = #{upUserId,jdbcType=BIGINT},
            </if>
            <if test="count != null">
                count = #{count,jdbcType=INTEGER},
            </if>
            <if test="firstOrderPrice != null">
                first_order_price = #{firstOrderPrice,jdbcType=BIGINT},
            </if>
            <if test="firstOrderSalePrice != null">
                first_order_sale_price = #{firstOrderSalePrice,jdbcType=BIGINT},
            </if>
            <if test="firstOrderSubmittedDate != null">
                first_order_submitted_date = #{firstOrderSubmittedDate,jdbcType=TIMESTAMP},
            </if>
            <if test="firstOrderPayDate != null">
                first_order_pay_date = #{firstOrderPayDate,jdbcType=TIMESTAMP},
            </if>
            <if test="cumulateOrderPrice != null">
                cumulate_order_price = #{cumulateOrderPrice,jdbcType=BIGINT},
            </if>
            <if test="cumulateOrderSalePrice != null">
                cumulate_order_sale_price = #{cumulateOrderSalePrice,jdbcType=BIGINT},
            </if>
            <if test="lastOrderPrice != null">
                last_order_price = #{lastOrderPrice,jdbcType=BIGINT},
            </if>
            <if test="lastOrderSalePrice != null">
                last_order_sale_price = #{lastOrderSalePrice,jdbcType=BIGINT},
            </if>
            <if test="lastOrderSubmittedDate != null">
                last_order_submitted_date = #{lastOrderSubmittedDate,jdbcType=TIMESTAMP},
            </if>
            <if test="lastOrderPayDate != null">
                last_order_pay_date = #{lastOrderPayDate,jdbcType=TIMESTAMP},
            </if>
            <if test="insertTime != null">
                insert_time = #{insertTime,jdbcType=TIMESTAMP},
            </if>
            <if test="updateTime != null">
                update_time = #{updateTime,jdbcType=TIMESTAMP},
            </if>
        </set>
        where id = #{id,jdbcType=BIGINT}
    </update>

</mapper>