<?xml version="1.0" encoding="UTF-8" ?>
<!DOCTYPE mapper PUBLIC "-//mybatis.org//DTD Mapper 3.0//EN" "http://mybatis.org/dtd/mybatis-3-mapper.dtd" >
<mapper namespace="com.gome.meidian.mapper.order.MeidianBangbangMsgMapper">
    <resultMap id="BaseResultMap" type="com.gome.meidian.vo.MeidianBangbangMsg">
        <id column="id" property="id" jdbcType="BIGINT"/>
        <result column="profile_id" property="profileId" jdbcType="VARCHAR"/>
        <result column="order_id" property="orderId" jdbcType="VARCHAR"/>
        <result column="shipping_group_id" property="shippingGroupId" jdbcType="VARCHAR"/>
        <result column="gome_state" property="gomeState" jdbcType="VARCHAR"/>
        <result column="msg_id" property="msgId" jdbcType="VARCHAR"/>
        <result column="insert_time" property="insertTime" jdbcType="TIMESTAMP"/>
        <result column="msg_body" property="msgBody" jdbcType="LONGVARCHAR"/>
    </resultMap>

    <sql id="Base_Column_List">
    id, profile_id, order_id, shipping_group_id, gome_state, msg_id, insert_time ,msg_body
  </sql>
    <select id="selectByPrimaryKey" resultMap="BaseResultMap" parameterType="java.lang.Long">
        select
        <include refid="Base_Column_List"/>
        from meidian_bangbang_msg
        where id = #{id,jdbcType=BIGINT}
    </select>

    <delete id="delete" parameterType="java.lang.Long">
    delete from meidian_bangbang_msg
    where id = #{id,jdbcType=BIGINT}
  </delete>

    <insert id="insert" parameterType="com.gome.meidian.vo.MeidianBangbangMsg">
        insert into meidian_bangbang_msg
        <trim prefix="(" suffix=")" suffixOverrides=",">
            <if test="id != null">
                id,
            </if>
            <if test="profileId != null">
                profile_id,
            </if>
            <if test="orderId != null">
                order_id,
            </if>
            <if test="shippingGroupId != null">
                shipping_group_id,
            </if>
            <if test="gomeState != null">
                gome_state,
            </if>
            <if test="msgId != null">
                msg_id,
            </if>
            <if test="insertTime != null">
                insert_time,
            </if>
            <if test="msgBody != null">
                msg_body,
            </if>
        </trim>
        <trim prefix="values (" suffix=")" suffixOverrides=",">
            <if test="id != null">
                #{id,jdbcType=BIGINT},
            </if>
            <if test="profileId != null">
                #{profileId,jdbcType=VARCHAR},
            </if>
            <if test="orderId != null">
                #{orderId,jdbcType=VARCHAR},
            </if>
            <if test="shippingGroupId != null">
                #{shippingGroupId,jdbcType=VARCHAR},
            </if>
            <if test="gomeState != null">
                #{gomeState,jdbcType=VARCHAR},
            </if>
            <if test="msgId != null">
                #{msgId,jdbcType=VARCHAR},
            </if>
            <if test="insertTime != null">
                #{insertTime,jdbcType=TIMESTAMP},
            </if>
            <if test="msgBody != null">
                #{msgBody,jdbcType=LONGVARCHAR},
            </if>
        </trim>
    </insert>

    <update id="update" parameterType="com.gome.meidian.vo.MeidianBangbangMsg">
        update meidian_bangbang_msg
        <set>
            <if test="profileId != null">
                profile_id = #{profileId,jdbcType=VARCHAR},
            </if>
            <if test="orderId != null">
                order_id = #{orderId,jdbcType=VARCHAR},
            </if>
            <if test="shippingGroupId != null">
                shipping_group_id = #{shippingGroupId,jdbcType=VARCHAR},
            </if>
            <if test="gomeState != null">
                gome_state = #{gomeState,jdbcType=VARCHAR},
            </if>
            <if test="msgId != null">
                msg_id = #{msgId,jdbcType=VARCHAR},
            </if>
            <if test="insertTime != null">
                insert_time = #{insertTime,jdbcType=TIMESTAMP},
            </if>
            <if test="msgBody != null">
                msg_body = #{msgBody,jdbcType=LONGVARCHAR},
            </if>
        </set>
        where id = #{id,jdbcType=BIGINT}
    </update>

</mapper>