<?xml version="1.0" encoding="UTF-8" ?>
<!DOCTYPE mapper PUBLIC "-//mybatis.org//DTD Mapper 3.0//EN" "http://mybatis.org/dtd/mybatis-3-mapper.dtd" >
<mapper namespace="com.gome.meidian.mapper.order.MeidianBangbangCalcProfitMapper">
    <resultMap id="BaseResultMap" type="com.gome.meidian.vo.MeidianBangbangCalcProfit">
        <id column="id" property="id" jdbcType="BIGINT"/>
        <result column="up_user_id" property="upUserId" jdbcType="BIGINT"/>
        <result column="user_id" property="userId" jdbcType="BIGINT"/>
        <result column="order_id" property="orderId" jdbcType="VARCHAR"/>
        <result column="insert_time" property="insertTime" jdbcType="TIMESTAMP"/>
    </resultMap>
    <sql id="Base_Column_List">
    id, up_user_id, user_id, order_id, insert_time
  </sql>

    <sql id="Example_Where_Clause">
        <where>
            <if test="id != null">
                and id = #{id,jdbcType=BIGINT}
            </if>
            <if test="upUserId != null">
                and up_user_id = #{upUserId,jdbcType=BIGINT}
            </if>
            <if test="userId != null">
                and user_id = #{userId,jdbcType=BIGINT}
            </if>
            <if test="orderId != null">
                and order_id = #{orderId,jdbcType=VARCHAR}
            </if>
        </where>
    </sql>

    <select id="selectByBiz" resultMap="BaseResultMap" parameterType="java.util.Map">
        select
        <include refid="Base_Column_List"/>
        from meidian_bangbang_calc_profit
        <include refid="Example_Where_Clause"/>
    </select>

    <delete id="delete" parameterType="java.lang.Long">
    delete from meidian_bangbang_calc_profit
    where id = #{id,jdbcType=BIGINT}
  </delete>

    <insert id="insert" parameterType="com.gome.meidian.vo.MeidianBangbangCalcProfit">
        insert into meidian_bangbang_calc_profit
        <trim prefix="(" suffix=")" suffixOverrides=",">
            <if test="id != null">
                id,
            </if>
            <if test="upUserId != null">
                up_user_id,
            </if>
            <if test="userId != null">
                user_id,
            </if>
            <if test="orderId != null">
                order_id,
            </if>
            <if test="insertTime != null">
                insert_time,
            </if>
        </trim>
        <trim prefix="values (" suffix=")" suffixOverrides=",">
            <if test="id != null">
                #{id,jdbcType=BIGINT},
            </if>
            <if test="upUserId != null">
                #{upUserId,jdbcType=BIGINT},
            </if>
            <if test="userId != null">
                #{userId,jdbcType=BIGINT},
            </if>
            <if test="orderId != null">
                #{orderId,jdbcType=VARCHAR},
            </if>
            <if test="insertTime != null">
                #{insertTime,jdbcType=TIMESTAMP},
            </if>
        </trim>
    </insert>

    <update id="update" parameterType="com.gome.meidian.vo.MeidianBangbangCalcProfit">
        update meidian_bangbang_calc_profit
        <set>
            <if test="upUserId != null">
                up_user_id = #{upUserId,jdbcType=BIGINT},
            </if>
            <if test="userId != null">
                user_id = #{userId,jdbcType=BIGINT},
            </if>
            <if test="orderId != null">
                order_id = #{orderId,jdbcType=VARCHAR},
            </if>
            <if test="insertTime != null">
                insert_time = #{insertTime,jdbcType=TIMESTAMP},
            </if>
        </set>
        where id = #{id,jdbcType=BIGINT}
    </update>

</mapper>