<?xml version="1.0" encoding="UTF-8" ?>
<!DOCTYPE mapper PUBLIC "-//mybatis.org//DTD Mapper 3.0//EN" "http://mybatis.org/dtd/mybatis-3-mapper.dtd" >
<mapper namespace="com.gome.meidian.mapper.order.MeidianCpaOrderMapper">

    <resultMap id="BaseResultMap" type="com.gome.meidian.vo.MeidianCpaOrder">
        <id column="id" property="id" jdbcType="BIGINT"/>
        <result column="user_id" property="userId" jdbcType="BIGINT"/>
        <result column="order_id" property="orderId" jdbcType="VARCHAR"/>
        <result column="delivery_id" property="deliveryId" jdbcType="VARCHAR"/>
        <result column="status" property="status" jdbcType="INTEGER"/>
        <result column="price" property="price" jdbcType="BIGINT"/>
        <result column="init_price" property="initPrice" jdbcType="BIGINT"/>
        <result column="site" property="site" jdbcType="VARCHAR"/>
        <result column="order_time" property="orderTime" jdbcType="TIMESTAMP"/>
        <result column="insert_time" property="insertTime" jdbcType="TIMESTAMP"/>
        <result column="update_time" property="updateTime" jdbcType="TIMESTAMP"/>
    </resultMap>

    <sql id="Example_Where_Clause">
        <where>
            <if test="id != null">
                and id = #{id,jdbcType=BIGINT}
            </if>
            <if test="orderId != null">
                and order_id = #{orderId,jdbcType=VARCHAR}
            </if>
            <if test="deliveryId != null">
                and delivery_id = #{deliveryId,jdbcType=VARCHAR}
            </if>
            <if test="status != null">
                and status = #{status,jdbcType=INTEGER}
            </if>
            <if test="userId != null">
                and user_id = #{userId,jdbcType=BIGINT}
            </if>
        </where>

    </sql>

    <sql id="Base_Column_List">
     id, user_id, order_id, delivery_id, status, price, init_price, site, order_time,
    insert_time, update_time
  </sql>

    <select id="selectListByBiz" resultMap="BaseResultMap" parameterType="java.util.Map">
        select
        <include refid="Base_Column_List"/>
        from meidian_cpa_order
        <include refid="Example_Where_Clause"/>
        ORDER BY insert_time ASC
    </select>

    <select id="selectDeliveryIdListByBiz" resultType="java.lang.String" parameterType="java.util.Map">
        select
        delivery_id
        from meidian_cpa_order
        <include refid="Example_Where_Clause"/>
        ORDER BY insert_time ASC
    </select>

    <select id="selectSumPriceByBiz" resultType="java.lang.Long" parameterType="java.util.Map">
        select
        IFNULL(SUM( price ) ,0) as sumPrice
        from meidian_cpa_order
        <include refid="Example_Where_Clause"/>
    </select>

    <select id="selectOneByBiz" resultMap="BaseResultMap" parameterType="java.util.Map">
        select
        <include refid="Base_Column_List"/>
        from meidian_cpa_order
        <include refid="Example_Where_Clause"/>
        ORDER BY insert_time ASC limit 1
    </select>

    <delete id="delete" parameterType="java.lang.Long">
    delete from meidian_cpa_order
    where id = #{id,jdbcType=BIGINT}
  </delete>

    <insert id="insert" parameterType="com.gome.meidian.vo.MeidianCpaOrder">
        insert into meidian_cpa_order
        <trim prefix="(" suffix=")" suffixOverrides=",">
            <if test="id != null">
                id,
            </if>
            <if test="userId != null">
                user_id,
            </if>
            <if test="orderId != null">
                order_id,
            </if>
            <if test="deliveryId != null">
                delivery_id,
            </if>
            <if test="status != null">
                status,
            </if>
            <if test="price != null">
                price,
            </if>
            <if test="initPrice != null">
                init_price,
            </if>
            <if test="site != null">
                site,
            </if>
            <if test="orderTime != null">
                order_time,
            </if>
            <if test="insertTime != null">
                insert_time,
            </if>
            <if test="updateTime != null">
                update_time,
            </if>
        </trim>
        <trim prefix="values (" suffix=")" suffixOverrides=",">
            <if test="id != null">
                #{id,jdbcType=BIGINT},
            </if>
            <if test="userId != null">
                #{userId,jdbcType=BIGINT},
            </if>
            <if test="orderId != null">
                #{orderId,jdbcType=VARCHAR},
            </if>
            <if test="deliveryId != null">
                #{deliveryId,jdbcType=VARCHAR},
            </if>
            <if test="status != null">
                #{status,jdbcType=INTEGER},
            </if>
            <if test="price != null">
                #{price,jdbcType=BIGINT},
            </if>
            <if test="initPrice != null">
                #{initPrice,jdbcType=BIGINT},
            </if>
            <if test="site != null">
                #{site,jdbcType=VARCHAR},
            </if>
            <if test="orderTime != null">
                #{orderTime,jdbcType=TIMESTAMP},
            </if>
            <if test="insertTime != null">
                #{insertTime,jdbcType=TIMESTAMP},
            </if>
            <if test="updateTime != null">
                #{updateTime,jdbcType=TIMESTAMP},
            </if>
        </trim>
    </insert>

    <update id="update" parameterType="com.gome.meidian.vo.MeidianCpaOrder">
        update meidian_cpa_order
        <set>
            <if test="userId != null">
                user_id = #{userId,jdbcType=BIGINT},
            </if>
            <if test="orderId != null">
                order_id = #{orderId,jdbcType=VARCHAR},
            </if>
            <if test="deliveryId != null">
                delivery_id = #{deliveryId,jdbcType=VARCHAR},
            </if>
            <if test="status != null">
                status = #{status,jdbcType=INTEGER},
            </if>
            <if test="price != null">
                price = #{price,jdbcType=BIGINT},
            </if>
            <if test="initPrice != null">
                init_price = #{initPrice,jdbcType=BIGINT},
            </if>
            <if test="site != null">
                site = #{site,jdbcType=VARCHAR},
            </if>
            <if test="orderTime != null">
                order_time = #{orderTime,jdbcType=TIMESTAMP},
            </if>
            <if test="insertTime != null">
                insert_time = #{insertTime,jdbcType=TIMESTAMP},
            </if>
            <if test="updateTime != null">
                update_time = #{updateTime,jdbcType=TIMESTAMP},
            </if>
        </set>
        where id = #{id,jdbcType=BIGINT}
    </update>
</mapper>