<?xml version="1.0" encoding="UTF-8" ?>
<!DOCTYPE mapper PUBLIC "-//mybatis.org//DTD Mapper 3.0//EN" "http://mybatis.org/dtd/mybatis-3-mapper.dtd" >
<mapper namespace="com.gome.meidian.mapper.order.MeidianBangbangOrderMapper" >
  <resultMap id="BaseResultMap" type="com.gome.meidian.vo.MeidianBangbangOrder" >
    <id column="id" property="id" jdbcType="BIGINT" />
    <result column="order_id" property="orderId" jdbcType="VARCHAR" />
    <result column="return_order_id" property="returnOrderId" jdbcType="VARCHAR" />
    <result column="profile_id" property="profileId" jdbcType="VARCHAR" />
    <result column="order_price" property="orderPrice" jdbcType="BIGINT" />
    <result column="order_sale_price" property="orderSalePrice" jdbcType="BIGINT" />
    <result column="submitted_date" property="submittedDate" jdbcType="TIMESTAMP" />
    <result column="pay_date" property="payDate" jdbcType="TIMESTAMP" />
    <result column="order_type" property="orderType" jdbcType="VARCHAR" />
    <result column="insert_time" property="insertTime" jdbcType="TIMESTAMP" />
    <result column="update_time" property="updateTime" jdbcType="TIMESTAMP" />
  </resultMap>
  <sql id="Base_Column_List" >
    id, order_id, return_order_id, profile_id, order_price, order_sale_price,
    submitted_date, pay_date, order_type, insert_time, update_time
  </sql>

  <sql id="Example_Where_Clause">
    <where>
      <if test="id != null">
        and id = #{id,jdbcType=BIGINT}
      </if>
      <if test="orderId != null">
        and order_id = #{orderId,jdbcType=VARCHAR}
      </if>
      <if test="profileId != null">
        and profile_id = #{profileId,jdbcType=VARCHAR}
      </if>
    </where>
  </sql>

  <select id="selectOne" resultMap="BaseResultMap" parameterType="java.util.Map" >
    select 
    <include refid="Base_Column_List" />
    from meidian_bangbang_order
    <include refid="Example_Where_Clause" />
    limit 1
  </select>
  <delete id="delete" parameterType="java.lang.Long" >
    delete from meidian_bangbang_order
    where id = #{id,jdbcType=BIGINT}
  </delete>

  <insert id="insert" parameterType="com.gome.meidian.vo.MeidianBangbangOrder" >
    insert into meidian_bangbang_order
    <trim prefix="(" suffix=")" suffixOverrides="," >
      <if test="id != null" >
        id,
      </if>
      <if test="orderId != null" >
        order_id,
      </if>
      <if test="returnOrderId != null" >
        return_order_id,
      </if>
      <if test="profileId != null" >
        profile_id,
      </if>
      <if test="orderPrice != null" >
        order_price,
      </if>
      <if test="orderSalePrice != null" >
        order_sale_price,
      </if>
      <if test="submittedDate != null" >
        submitted_date,
      </if>
      <if test="payDate != null" >
        pay_date,
      </if>
      <if test="orderType != null" >
        order_type,
      </if>
      <if test="insertTime != null" >
        insert_time,
      </if>
      <if test="updateTime != null" >
        update_time,
      </if>
    </trim>
    <trim prefix="values (" suffix=")" suffixOverrides="," >
      <if test="id != null" >
        #{id,jdbcType=BIGINT},
      </if>
      <if test="orderId != null" >
        #{orderId,jdbcType=VARCHAR},
      </if>
      <if test="returnOrderId != null" >
        #{returnOrderId,jdbcType=VARCHAR},
      </if>
      <if test="profileId != null" >
        #{profileId,jdbcType=VARCHAR},
      </if>
      <if test="orderPrice != null" >
        #{orderPrice,jdbcType=BIGINT},
      </if>
      <if test="orderSalePrice != null" >
        #{orderSalePrice,jdbcType=BIGINT},
      </if>
      <if test="submittedDate != null" >
        #{submittedDate,jdbcType=TIMESTAMP},
      </if>
      <if test="payDate != null" >
        #{payDate,jdbcType=TIMESTAMP},
      </if>
      <if test="orderType != null" >
        #{orderType,jdbcType=VARCHAR},
      </if>
      <if test="insertTime != null" >
        #{insertTime,jdbcType=TIMESTAMP},
      </if>
      <if test="updateTime != null" >
        #{updateTime,jdbcType=TIMESTAMP},
      </if>
    </trim>
  </insert>
  <update id="update" parameterType="com.gome.meidian.vo.MeidianBangbangOrder" >
    update meidian_bangbang_order
    <set >
      <if test="orderId != null" >
        order_id = #{orderId,jdbcType=VARCHAR},
      </if>
      <if test="returnOrderId != null" >
        return_order_id = #{returnOrderId,jdbcType=VARCHAR},
      </if>
      <if test="profileId != null" >
        profile_id = #{profileId,jdbcType=VARCHAR},
      </if>
      <if test="orderPrice != null" >
        order_price = #{orderPrice,jdbcType=BIGINT},
      </if>
      <if test="orderSalePrice != null" >
        order_sale_price = #{orderSalePrice,jdbcType=BIGINT},
      </if>
      <if test="submittedDate != null" >
        submitted_date = #{submittedDate,jdbcType=TIMESTAMP},
      </if>
      <if test="payDate != null" >
        pay_date = #{payDate,jdbcType=TIMESTAMP},
      </if>
      <if test="orderType != null" >
        order_type = #{orderType,jdbcType=VARCHAR},
      </if>
      <if test="insertTime != null" >
        insert_time = #{insertTime,jdbcType=TIMESTAMP},
      </if>
      <if test="updateTime != null" >
        update_time = #{updateTime,jdbcType=TIMESTAMP},
      </if>
    </set>
    where id = #{id,jdbcType=BIGINT}
  </update>

</mapper>