<?xml version="1.0" encoding="UTF-8" ?>
<!DOCTYPE mapper PUBLIC "-//mybatis.org//DTD Mapper 3.0//EN" "http://mybatis.org/dtd/mybatis-3-mapper.dtd" >
<mapper namespace="com.gome.meidian.mapper.order.MeidianGrantRebateMapper">
    <resultMap id="BaseResultMap" type="com.gome.meidian.vo.MeidianGrantRebate">
        <id column="id" property="id" jdbcType="BIGINT"/>
        <result column="puser_id" property="puserId" jdbcType="BIGINT"/>
        <result column="user_id" property="userId" jdbcType="BIGINT"/>
        <result column="order_id" property="orderId" jdbcType="VARCHAR"/>
        <result column="order_price" property="orderPrice" jdbcType="BIGINT"/>
        <result column="order_init_price" property="orderInitPrice" jdbcType="BIGINT"/>
        <result column="order_time" property="orderTime" jdbcType="TIMESTAMP"/>
        <result column="effect_time" property="effectTime" jdbcType="TIMESTAMP"/>
        <result column="rebate_price" property="rebatePrice" jdbcType="BIGINT"/>
        <result column="rebate_status" property="rebateStatus" jdbcType="VARCHAR"/>
        <result column="rebate_time" property="rebateTime" jdbcType="TIMESTAMP"/>
        <result column="business_code" property="businessCode" jdbcType="VARCHAR"/>
        <result column="is_delete" property="isDelete" jdbcType="INTEGER"/>
        <result column="failure_status" property="failureStatus" jdbcType="INTEGER"/>
        <result column="binding_time" property="bindingTime" jdbcType="TIMESTAMP"/>
        <result column="insert_time" property="insertTime" jdbcType="TIMESTAMP"/>
        <result column="update_time" property="updateTime" jdbcType="TIMESTAMP"/>
    </resultMap>

    <sql id="Base_Column_List">
      id, puser_id, user_id, order_id, order_price, order_init_price, order_time, effect_time,
    rebate_price, rebate_status, rebate_time, business_code, is_delete, failure_status, binding_time,
    insert_time, update_time
  </sql>

    <sql id="Example_Where_Clause">
        <where>
            <if test="id != null">
                and id = #{id,jdbcType=BIGINT}
            </if>
            <if test="puserId != null">
                and puser_id = #{puserId,jdbcType=BIGINT}
            </if>
            <if test="userId != null">
                and user_id = #{userId,jdbcType=BIGINT}
            </if>
            <if test="orderId != null">
                and order_id = #{orderId,jdbcType=VARCHAR}
            </if>
            <if test="rebateStatus != null">
                and rebate_status = #{rebateStatus,jdbcType=VARCHAR}
            </if>
            <if test="businessCode != null">
                and business_code = #{businessCode,jdbcType=VARCHAR}
            </if>
            <if test="isDelete != null">
                and is_delete = #{isDelete,jdbcType=INTEGER}
            </if>
        </where>

    </sql>

    <select id="selectListByBiz" resultMap="BaseResultMap" parameterType="java.util.Map">
        select
        <include refid="Base_Column_List"/>
        from meidian_grant_rebate
        <include refid="Example_Where_Clause"/>
        ORDER BY insert_time ASC
    </select>

    <select id="selectOneByBiz" resultMap="BaseResultMap" parameterType="java.util.Map">
        select
        <include refid="Base_Column_List"/>
        from meidian_grant_rebate
        <include refid="Example_Where_Clause"/>
        ORDER BY insert_time ASC limit 1
    </select>

    <delete id="delete" parameterType="java.lang.Long">
    delete from meidian_grant_rebate
    where id = #{id,jdbcType=BIGINT}
  </delete>

    <insert id="insert" parameterType="com.gome.meidian.vo.MeidianGrantRebate">
        insert into meidian_grant_rebate
        <trim prefix="(" suffix=")" suffixOverrides=",">
            <if test="id != null">
                id,
            </if>
            <if test="puserId != null">
                puser_id,
            </if>
            <if test="userId != null">
                user_id,
            </if>
            <if test="orderId != null">
                order_id,
            </if>
            <if test="orderPrice != null">
                order_price,
            </if>
            <if test="orderInitPrice != null">
                order_init_price,
            </if>
            <if test="orderTime != null">
                order_time,
            </if>
            <if test="effectTime != null">
                effect_time,
            </if>
            <if test="rebatePrice != null">
                rebate_price,
            </if>
            <if test="rebateStatus != null">
                rebate_status,
            </if>
            <if test="rebateTime != null">
                rebate_time,
            </if>
            <if test="businessCode != null">
                business_code,
            </if>
            <if test="isDelete != null">
                is_delete,
            </if>
            <if test="failureStatus != null">
                failure_status,
            </if>
            <if test="bindingTime != null">
                binding_time,
            </if>
            <if test="insertTime != null">
                insert_time,
            </if>
            <if test="updateTime != null">
                update_time,
            </if>
        </trim>
        <trim prefix="values (" suffix=")" suffixOverrides=",">
            <if test="id != null">
                #{id,jdbcType=BIGINT},
            </if>
            <if test="puserId != null">
                #{puserId,jdbcType=BIGINT},
            </if>
            <if test="userId != null">
                #{userId,jdbcType=BIGINT},
            </if>
            <if test="orderId != null">
                #{orderId,jdbcType=VARCHAR},
            </if>
            <if test="orderPrice != null">
                #{orderPrice,jdbcType=BIGINT},
            </if>
            <if test="orderInitPrice != null">
                #{orderInitPrice,jdbcType=BIGINT},
            </if>
            <if test="orderTime != null">
                #{orderTime,jdbcType=TIMESTAMP},
            </if>
            <if test="effectTime != null">
                #{effectTime,jdbcType=TIMESTAMP},
            </if>
            <if test="rebatePrice != null">
                #{rebatePrice,jdbcType=BIGINT},
            </if>
            <if test="rebateStatus != null">
                #{rebateStatus,jdbcType=VARCHAR},
            </if>
            <if test="rebateTime != null">
                #{rebateTime,jdbcType=TIMESTAMP},
            </if>
            <if test="businessCode != null">
                #{businessCode,jdbcType=VARCHAR},
            </if>
            <if test="isDelete != null">
                #{isDelete,jdbcType=INTEGER},
            </if>
            <if test="failureStatus != null">
                #{failureStatus,jdbcType=INTEGER},
            </if>
            <if test="bindingTime != null">
                #{bindingTime,jdbcType=TIMESTAMP},
            </if>
            <if test="insertTime != null">
                #{insertTime,jdbcType=TIMESTAMP},
            </if>
            <if test="updateTime != null">
                #{updateTime,jdbcType=TIMESTAMP},
            </if>
        </trim>
    </insert>

    <update id="update" parameterType="com.gome.meidian.vo.MeidianGrantRebate">
        update meidian_grant_rebate
        <set>
            <if test="puserId != null">
                puser_id = #{puserId,jdbcType=BIGINT},
            </if>
            <if test="userId != null">
                user_id = #{userId,jdbcType=BIGINT},
            </if>
            <if test="orderId != null">
                order_id = #{orderId,jdbcType=VARCHAR},
            </if>
            <if test="orderPrice != null">
                order_price = #{orderPrice,jdbcType=BIGINT},
            </if>
            <if test="orderInitPrice != null">
                order_init_price = #{orderInitPrice,jdbcType=BIGINT},
            </if>
            <if test="orderTime != null">
                order_time = #{orderTime,jdbcType=TIMESTAMP},
            </if>
            <if test="effectTime != null">
                effect_time = #{effectTime,jdbcType=TIMESTAMP},
            </if>
            <if test="rebatePrice != null">
                rebate_price = #{rebatePrice,jdbcType=BIGINT},
            </if>
            <if test="rebateStatus != null">
                rebate_status = #{rebateStatus,jdbcType=VARCHAR},
            </if>
            <if test="rebateTime != null">
                rebate_time = #{rebateTime,jdbcType=TIMESTAMP},
            </if>
            <if test="businessCode != null">
                business_code = #{businessCode,jdbcType=VARCHAR},
            </if>
            <if test="isDelete != null">
                is_delete = #{isDelete,jdbcType=INTEGER},
            </if>
            <if test="failureStatus != null">
                failure_status = #{failureStatus,jdbcType=INTEGER},
            </if>
            <if test="bindingTime != null">
                binding_time = #{bindingTime,jdbcType=TIMESTAMP},
            </if>
            <if test="insertTime != null">
                insert_time = #{insertTime,jdbcType=TIMESTAMP},
            </if>
            <if test="updateTime != null">
                update_time = #{updateTime,jdbcType=TIMESTAMP},
            </if>
        </set>
        where id = #{id,jdbcType=BIGINT}
    </update>

    <select id="selectPredictionIncome" resultType="java.lang.Integer">
        select IFNULL(sum(rebate_price),0) AS rebate_price
        from meidian_grant_rebate
        where puser_id = #{puserId,jdbcType=BIGINT}
        and is_delete = 1 and binding_time between #{startDate,jdbcType=TIMESTAMP} and #{endDate,jdbcType=TIMESTAMP}
    </select>

    <!--根据userId 集合查询对应的奖励-->
    <select id="selectPredictionIncomeByUserIdList" resultType="java.util.Map" parameterType="java.util.List">
        select user_id as userId,IFNULL(rebate_price,0) as rebatePrice
        from meidian_grant_rebate
        where is_delete = 1 and user_id in
        <foreach collection="userIdList" item="user_id" open="(" separator="," close=")">
            #{user_id}
        </foreach>
    </select>

    <!--根据获取返利的puserIdList查询每个puserId对应的总预估收益-->
    <select id="predictionIncomeByPuserIdList" resultType="java.util.Map" parameterType="java.util.List">
        select puser_id as puserId,IFNULL(sum(rebate_price),0) as rebatePrice
        from meidian_grant_rebate
        where is_delete = 1 and puser_id in
        <foreach collection="puserIdList" item="puser_id" open="(" separator="," close=")">
            #{puser_id}
        </foreach>
        group by puser_id
    </select>

    <!--查找每天的预计收益-->
    <select id="selectPredictionIncomeWithEveryday" resultType="java.util.Map">
        select DATE_FORMAT(binding_time,'%y-%m-%d')  as data,IFNULL(sum(rebate_price),0) as val
        from meidian_grant_rebate
        WHERE
        puser_id = #{puserId} AND
        binding_time BETWEEN #{startDate} AND #{endDate} AND
        is_delete = 1
        GROUP BY DATE_FORMAT(binding_time,'%y-%m-%d')  order by data asc
    </select>

    <select id="selectRebateUserCount" parameterType="java.util.Map" resultType="java.lang.Integer">
        select count(*)
        from meidian_grant_rebate
        WHERE
        is_delete = #{isDelete}
        AND
        <![CDATA[effect_time <= #{effectEndTime} ]]>
        AND
        rebate_status in
        <foreach collection="rebateStatus" separator="," open="(" close=")" item="rebateStatus">
            #{rebateStatus}
        </foreach>

    </select>

    <select id="selectRebateUserList" resultMap="BaseResultMap" parameterType="java.util.Map">
        select
        <include refid="Base_Column_List"/>
        from meidian_grant_rebate
        WHERE
        is_delete = #{isDelete} AND
        <![CDATA[effect_time <= #{effectEndTime}]]> AND
        rebate_status in
        <foreach collection="rebateStatus" separator="," open="(" close=")" item="rebateStatus">
            #{rebateStatus}
        </foreach>
        ORDER BY effect_time DESC ,id ASC
        limit #{pageIndex},#{pageSize}
    </select>

</mapper>