<?xml version="1.0" encoding="UTF-8" ?>
<!DOCTYPE mapper PUBLIC "-//mybatis.org//DTD Mapper 3.0//EN" "http://mybatis.org/dtd/mybatis-3-mapper.dtd" >
<mapper namespace="com.gome.meidian.mapper.order.MeidianCpaDistinctMapper">

    <resultMap id="BaseResultMap" type="com.gome.meidian.vo.MeidianCpaDistinct">
        <id column="id" property="id" jdbcType="BIGINT"/>
        <result column="user_id" property="userId" jdbcType="BIGINT"/>
        <result column="first_time" property="firstTime" jdbcType="TIMESTAMP"/>
        <result column="insert_time" property="insertTime" jdbcType="TIMESTAMP"/>
        <result column="update_time" property="updateTime" jdbcType="TIMESTAMP"/>
    </resultMap>

    <sql id="Example_Where_Clause">
        <where>
            <if test="id != null">
                and id = #{id,jdbcType=BIGINT}
            </if>
            <if test="userId != null">
                and user_id = #{userId,jdbcType=BIGINT}
            </if>
        </where>

    </sql>

    <sql id="Base_Column_List">
      id, user_id, first_time,insert_time, update_time
    </sql>

    <delete id="delete" parameterType="java.lang.Long">
      delete from meidian_cpa_distinct where id = #{id,jdbcType=BIGINT}
    </delete>

    <insert id="insert" parameterType="com.gome.meidian.vo.MeidianCpaDistinct">
        insert into meidian_cpa_distinct
        <trim prefix="(" suffix=")" suffixOverrides=",">
            <if test="id != null">
                id,
            </if>
            <if test="userId != null">
                user_id,
            </if>
            <if test="firstTime != null">
                first_time,
            </if>
            <if test="insertTime != null">
                insert_time,
            </if>
            <if test="updateTime != null">
                update_time,
            </if>
        </trim>
        <trim prefix="values (" suffix=")" suffixOverrides=",">
            <if test="id != null">
                #{id,jdbcType=BIGINT},
            </if>
            <if test="userId != null">
                #{userId,jdbcType=BIGINT},
            </if>
            <if test="firstTime != null">
                #{firstTime,jdbcType=TIMESTAMP},
            </if>
            <if test="insertTime != null">
                #{insertTime,jdbcType=TIMESTAMP},
            </if>
            <if test="updateTime != null">
                #{updateTime,jdbcType=TIMESTAMP},
            </if>
        </trim>
    </insert>

    <update id="update" parameterType="com.gome.meidian.vo.MeidianCpaDistinct">
        update meidian_cpa_distinct
        <set>
            <if test="userId != null">
                user_id = #{userId,jdbcType=BIGINT},
            </if>
            <if test="firstTime != null">
                first_time = #{orderTime,jdbcType=TIMESTAMP},
            </if>
            <if test="insertTime != null">
                insert_time = #{insertTime,jdbcType=TIMESTAMP},
            </if>
            <if test="updateTime != null">
                update_time = #{updateTime,jdbcType=TIMESTAMP},
            </if>
        </set>
        where id = #{id,jdbcType=BIGINT}
    </update>

    <select id="selectUserIdListNonFirst" resultType="java.lang.Long">
        select user_id from meidian_cpa_distinct where is_first = 0 and TO_DAYS(now()) - TO_DAYS(insert_time) = 1
    </select>

    <select id="selectUserIdListNonFirstByDate" resultType="java.lang.Long">
        select user_id from meidian_cpa_distinct where is_first = 0 and insert_time BETWEEN #{startDate} AND #{endDate}
    </select>

</mapper>