<?xml version="1.0" encoding="UTF-8" ?>
<!DOCTYPE mapper PUBLIC "-//mybatis.org//DTD Mapper 3.0//EN" "http://mybatis.org/dtd/mybatis-3-mapper.dtd" >
<mapper namespace="com.gome.meidian.mapper.order.MeidianOrderMsgMapper">
    <resultMap id="BaseResultMap" type="com.gome.meidian.vo.MeidianOrderMsg">
        <id column="id" property="id" jdbcType="BIGINT"/>
        <result column="order_id" property="orderId" jdbcType="VARCHAR"/>
        <result column="delivery_id" property="deliveryId" jdbcType="VARCHAR"/>
        <result column="status" property="status" jdbcType="INTEGER"/>
        <result column="msg_id" property="msgId" jdbcType="VARCHAR"/>
        <result column="msg_body" property="msgBody" jdbcType="LONGVARCHAR"/>
        <result column="insert_time" property="insertTime" jdbcType="TIMESTAMP"/>
    </resultMap>

    <sql id="Base_Column_List">
    id, order_id, delivery_id, status, msg_id, msg_body, insert_time
  </sql>

    <sql id="Example_Where_Clause">
        <where>
            <if test="id != null">
                and id = #{id,jdbcType=BIGINT}
            </if>
            <if test="orderId != null">
                and order_id = #{orderId,jdbcType=VARCHAR}
            </if>
            <if test="deliveryId != null">
                and delivery_id = #{deliveryId,jdbcType=VARCHAR}
            </if>
            <if test="status != null">
                and status = #{status,jdbcType=INTEGER}
            </if>
        </where>
    </sql>

    <select id="selectListByBiz" resultMap="BaseResultMap" parameterType="java.util.Map">
        select
        <include refid="Base_Column_List"/>
        from meidian_order_msg
        <include refid="Example_Where_Clause"/>
        ORDER BY insert_time ASC
    </select>

    <select id="selectOneByBiz" resultMap="BaseResultMap" parameterType="java.util.Map">
        select
        <include refid="Base_Column_List"/>
        from meidian_order_msg
        <include refid="Example_Where_Clause"/>
        ORDER BY insert_time ASC limit 1
    </select>

    <delete id="delete" parameterType="java.lang.Long">
    delete from meidian_order_msg
    where id = #{id,jdbcType=BIGINT}
  </delete>

    <insert id="insert" parameterType="com.gome.meidian.vo.MeidianOrderMsg">
        insert into meidian_order_msg
        <trim prefix="(" suffix=")" suffixOverrides=",">
            <if test="id != null">
                id,
            </if>
            <if test="orderId != null">
                order_id,
            </if>
            <if test="deliveryId != null">
                delivery_id,
            </if>
            <if test="status != null">
                status,
            </if>
            <if test="msgId != null">
                msg_id,
            </if>
            <if test="msgBody != null">
                msg_body,
            </if>
            <if test="insertTime != null">
                insert_time,
            </if>
        </trim>
        <trim prefix="values (" suffix=")" suffixOverrides=",">
            <if test="id != null">
                #{id,jdbcType=BIGINT},
            </if>
            <if test="orderId != null">
                #{orderId,jdbcType=VARCHAR},
            </if>
            <if test="deliveryId != null">
                #{deliveryId,jdbcType=VARCHAR},
            </if>
            <if test="status != null">
                #{status,jdbcType=INTEGER},
            </if>
            <if test="msgId != null">
                #{msgId,jdbcType=VARCHAR},
            </if>
            <if test="msgBody != null">
                #{msgBody,jdbcType=LONGVARCHAR},
            </if>
            <if test="insertTime != null">
                #{insertTime,jdbcType=TIMESTAMP},
            </if>
        </trim>
    </insert>

    <update id="update" parameterType="com.gome.meidian.vo.MeidianOrderMsg">
        update meidian_order_msg
        <set>
            <if test="orderId != null">
                order_id = #{orderId,jdbcType=VARCHAR},
            </if>
            <if test="deliveryId != null">
                delivery_id = #{deliveryId,jdbcType=VARCHAR},
            </if>
            <if test="status != null">
                status = #{status,jdbcType=INTEGER},
            </if>
            <if test="msgId != null">
                msg_id = #{msgId,jdbcType=VARCHAR},
            </if>
            <if test="msgBody != null">
                msg_body = #{msgBody,jdbcType=LONGVARCHAR},
            </if>
            <if test="insertTime != null">
                insert_time = #{insertTime,jdbcType=TIMESTAMP},
            </if>
        </set>
        where id = #{id,jdbcType=BIGINT}
    </update>

</mapper>