<?xml version="1.0" encoding="UTF-8" ?>
<!DOCTYPE mapper PUBLIC "-//mybatis.org//DTD Mapper 3.0//EN" "http://mybatis.org/dtd/mybatis-3-mapper.dtd" >
<mapper namespace="com.gomeplus.bs.service.channel.OrderBasedTaskMapper" >

    <resultMap id="BaseResultMap" type="com.gome.meidian.entity.OrderBasedTask" >
        <id column="task_id" property="taskId" jdbcType="BIGINT" />
        <id column="sku_id" property="skuId" jdbcType="VARCHAR" />
        <result column="start_time" property="startTime" jdbcType="DATE" />
        <result column="end_time" property="endTime" jdbcType="DATE" />
        <result column="product_abbreviation" property="productAbbreviation" jdbcType="VARCHAR" />
        <result column="share_quota" property="shareQuota" jdbcType="BIGINT" />
        <result column="uv_quota" property="uvQuota" jdbcType="BIGINT" />
        <result column="sales_quota" property="salesQuota" jdbcType="BIGINT" />
        <result column="create_time" property="createTime" jdbcType="TIMESTAMP" />
        <result column="update_time" property="updateTime" jdbcType="TIMESTAMP" />
        <result column="version" property="version" jdbcType="INTEGER" />
    </resultMap>

    <sql id="Base_Column_List" >
        task_id, sku_id, start_time, end_time, product_abbreviation, share_quota, uv_quota, 
        sales_quota, create_time, update_time, version
    </sql>



    <insert id="insert" parameterType="com.gome.meidian.entity.OrderBasedTask" >
        insert into order_based_task (task_id, sku_id, start_time, 
            end_time, product_abbreviation, share_quota, 
            uv_quota, sales_quota, create_time, 
            update_time, version)
        values (#{taskId,jdbcType=BIGINT}, #{skuId,jdbcType=VARCHAR}, #{startTime,jdbcType=DATE}, 
            #{endTime,jdbcType=DATE}, #{productAbbreviation,jdbcType=VARCHAR}, #{shareQuota,jdbcType=BIGINT}, 
            #{uvQuota,jdbcType=BIGINT}, #{salesQuota,jdbcType=BIGINT}, #{createTime,jdbcType=TIMESTAMP}, 
            #{updateTime,jdbcType=TIMESTAMP}, #{version,jdbcType=INTEGER})
    </insert>

    <insert id="insertSelective" parameterType="com.gome.meidian.entity.OrderBasedTask" >
        insert into order_based_task
        <trim prefix="(" suffix=")" suffixOverrides="," >
            <if test="taskId != null" >
                task_id,
            </if>
            <if test="skuId != null" >
                sku_id,
            </if>
            <if test="startTime != null" >
                start_time,
            </if>
            <if test="endTime != null" >
                end_time,
            </if>
            <if test="productAbbreviation != null" >
                product_abbreviation,
            </if>
            <if test="shareQuota != null" >
                share_quota,
            </if>
            <if test="uvQuota != null" >
                uv_quota,
            </if>
            <if test="salesQuota != null" >
                sales_quota,
            </if>
            <if test="createTime != null" >
                create_time,
            </if>
            <if test="updateTime != null" >
                update_time,
            </if>
            <if test="version != null" >
                version,
            </if>
        </trim>
        <trim prefix="values (" suffix=")" suffixOverrides="," >
            <if test="taskId != null" >
                #{taskId,jdbcType=BIGINT},
            </if>
            <if test="skuId != null" >
                #{skuId,jdbcType=VARCHAR},
            </if>
            <if test="startTime != null" >
                #{startTime,jdbcType=DATE},
            </if>
            <if test="endTime != null" >
                #{endTime,jdbcType=DATE},
            </if>
            <if test="productAbbreviation != null" >
                #{productAbbreviation,jdbcType=VARCHAR},
            </if>
            <if test="shareQuota != null" >
                #{shareQuota,jdbcType=BIGINT},
            </if>
            <if test="uvQuota != null" >
                #{uvQuota,jdbcType=BIGINT},
            </if>
            <if test="salesQuota != null" >
                #{salesQuota,jdbcType=BIGINT},
            </if>
            <if test="createTime != null" >
                #{createTime,jdbcType=TIMESTAMP},
            </if>
            <if test="updateTime != null" >
                #{updateTime,jdbcType=TIMESTAMP},
            </if>
            <if test="version != null" >
                #{version,jdbcType=INTEGER},
            </if>
        </trim>
    </insert>

    <update id="updateByPrimaryKeySelective" parameterType="com.gome.meidian.entity.OrderBasedTask" >
        update order_based_task
        <set >
            <if test="startTime != null" >
                start_time = #{startTime,jdbcType=DATE},
            </if>
            <if test="endTime != null" >
                end_time = #{endTime,jdbcType=DATE},
            </if>
            <if test="productAbbreviation != null" >
                product_abbreviation = #{productAbbreviation,jdbcType=VARCHAR},
            </if>
            <if test="shareQuota != null" >
                share_quota = #{shareQuota,jdbcType=BIGINT},
            </if>
            <if test="uvQuota != null" >
                uv_quota = #{uvQuota,jdbcType=BIGINT},
            </if>
            <if test="salesQuota != null" >
                sales_quota = #{salesQuota,jdbcType=BIGINT},
            </if>
            <if test="createTime != null" >
                create_time = #{createTime,jdbcType=TIMESTAMP},
            </if>
            <if test="updateTime != null" >
                update_time = #{updateTime,jdbcType=TIMESTAMP},
            </if>
            <if test="version != null" >
                version = #{version,jdbcType=INTEGER},
            </if>
        </set>
        where task_id = #{taskId,jdbcType=BIGINT}
          and sku_id = #{skuId,jdbcType=VARCHAR}
    </update>

    <update id="updateByPrimaryKey" parameterType="com.gome.meidian.entity.OrderBasedTask" >
        update order_based_task
        set start_time = #{startTime,jdbcType=DATE},
            end_time = #{endTime,jdbcType=DATE},
            product_abbreviation = #{productAbbreviation,jdbcType=VARCHAR},
            share_quota = #{shareQuota,jdbcType=BIGINT},
            uv_quota = #{uvQuota,jdbcType=BIGINT},
            sales_quota = #{salesQuota,jdbcType=BIGINT},
            create_time = #{createTime,jdbcType=TIMESTAMP},
            update_time = #{updateTime,jdbcType=TIMESTAMP},
            version = #{version,jdbcType=INTEGER}
        where task_id = #{taskId,jdbcType=BIGINT}
          and sku_id = #{skuId,jdbcType=VARCHAR}
    </update>
</mapper>