<?xml version="1.0" encoding="UTF-8" ?>
<!DOCTYPE mapper PUBLIC "-//mybatis.org//DTD Mapper 3.0//EN" "http://mybatis.org/dtd/mybatis-3-mapper.dtd" >
<mapper namespace="com.gomeplus.bs.service.channel.OrderImportUvDataMapper" >

    <resultMap id="BaseResultMap" type="com.gome.meidian.entity.OrderImportUvData" >
        <id column="id" property="id" jdbcType="BIGINT" />
        <result column="mid" property="mid" jdbcType="BIGINT" />
        <result column="sku_id" property="skuId" jdbcType="VARCHAR" />
        <result column="record_time" property="recordTime" jdbcType="DATE" />
        <result column="share_quantity" property="shareQuantity" jdbcType="BIGINT" />
        <result column="uv_quantity" property="uvQuantity" jdbcType="BIGINT" />
        <result column="create_time" property="createTime" jdbcType="TIMESTAMP" />
        <result column="update_time" property="updateTime" jdbcType="TIMESTAMP" />
        <result column="version" property="version" jdbcType="INTEGER" />
    </resultMap>

    <sql id="Base_Column_List" >
        id, mid, sku_id, record_time, share_quantity, uv_quantity, create_time, update_time, 
        version
    </sql>

    <select id="selectByPrimaryKey" resultMap="BaseResultMap" parameterType="java.lang.Long" >
        select 
        <include refid="Base_Column_List" />
        from order_import_uv_data
        where id = #{id,jdbcType=BIGINT}
    </select>


    <insert id="insert" parameterType="com.gome.meidian.entity.OrderImportUvData" >
        insert into order_import_uv_data (id, mid, sku_id, 
            record_time, share_quantity, uv_quantity, 
            create_time, update_time, version
            )
        values (#{id,jdbcType=BIGINT}, #{mid,jdbcType=BIGINT}, #{skuId,jdbcType=VARCHAR}, 
            #{recordTime,jdbcType=DATE}, #{shareQuantity,jdbcType=BIGINT}, #{uvQuantity,jdbcType=BIGINT}, 
            #{createTime,jdbcType=TIMESTAMP}, #{updateTime,jdbcType=TIMESTAMP}, #{version,jdbcType=INTEGER}
            )
    </insert>

    <insert id="insertSelective" parameterType="com.gome.meidian.entity.OrderImportUvData" >
        insert into order_import_uv_data
        <trim prefix="(" suffix=")" suffixOverrides="," >
            <if test="id != null" >
                id,
            </if>
            <if test="mid != null" >
                mid,
            </if>
            <if test="skuId != null" >
                sku_id,
            </if>
            <if test="recordTime != null" >
                record_time,
            </if>
            <if test="shareQuantity != null" >
                share_quantity,
            </if>
            <if test="uvQuantity != null" >
                uv_quantity,
            </if>
            <if test="createTime != null" >
                create_time,
            </if>
            <if test="updateTime != null" >
                update_time,
            </if>
            <if test="version != null" >
                version,
            </if>
        </trim>
        <trim prefix="values (" suffix=")" suffixOverrides="," >
            <if test="id != null" >
                #{id,jdbcType=BIGINT},
            </if>
            <if test="mid != null" >
                #{mid,jdbcType=BIGINT},
            </if>
            <if test="skuId != null" >
                #{skuId,jdbcType=VARCHAR},
            </if>
            <if test="recordTime != null" >
                #{recordTime,jdbcType=DATE},
            </if>
            <if test="shareQuantity != null" >
                #{shareQuantity,jdbcType=BIGINT},
            </if>
            <if test="uvQuantity != null" >
                #{uvQuantity,jdbcType=BIGINT},
            </if>
            <if test="createTime != null" >
                #{createTime,jdbcType=TIMESTAMP},
            </if>
            <if test="updateTime != null" >
                #{updateTime,jdbcType=TIMESTAMP},
            </if>
            <if test="version != null" >
                #{version,jdbcType=INTEGER},
            </if>
        </trim>
    </insert>

    <update id="updateByPrimaryKeySelective" parameterType="com.gome.meidian.entity.OrderImportUvData" >
        update order_import_uv_data
        <set >
            <if test="mid != null" >
                mid = #{mid,jdbcType=BIGINT},
            </if>
            <if test="skuId != null" >
                sku_id = #{skuId,jdbcType=VARCHAR},
            </if>
            <if test="recordTime != null" >
                record_time = #{recordTime,jdbcType=DATE},
            </if>
            <if test="shareQuantity != null" >
                share_quantity = #{shareQuantity,jdbcType=BIGINT},
            </if>
            <if test="uvQuantity != null" >
                uv_quantity = #{uvQuantity,jdbcType=BIGINT},
            </if>
            <if test="createTime != null" >
                create_time = #{createTime,jdbcType=TIMESTAMP},
            </if>
            <if test="updateTime != null" >
                update_time = #{updateTime,jdbcType=TIMESTAMP},
            </if>
            <if test="version != null" >
                version = #{version,jdbcType=INTEGER},
            </if>
        </set>
        where id = #{id,jdbcType=BIGINT}
    </update>

    <update id="updateByPrimaryKey" parameterType="com.gome.meidian.entity.OrderImportUvData" >
        update order_import_uv_data
        set mid = #{mid,jdbcType=BIGINT},
            sku_id = #{skuId,jdbcType=VARCHAR},
            record_time = #{recordTime,jdbcType=DATE},
            share_quantity = #{shareQuantity,jdbcType=BIGINT},
            uv_quantity = #{uvQuantity,jdbcType=BIGINT},
            create_time = #{createTime,jdbcType=TIMESTAMP},
            update_time = #{updateTime,jdbcType=TIMESTAMP},
            version = #{version,jdbcType=INTEGER}
        where id = #{id,jdbcType=BIGINT}
    </update>
</mapper>