<?xml version="1.0" encoding="UTF-8" ?>
<!DOCTYPE mapper PUBLIC "-//mybatis.org//DTD Mapper 3.0//EN" "http://mybatis.org/dtd/mybatis-3-mapper.dtd" >
<mapper namespace="com.gomeplus.bs.service.channel.OrderBranchTaskMapper" >

    <resultMap id="BaseResultMap" type="com.gome.meidian.entity.OrderBranchTask" >
        <id column="task_id" property="taskId" jdbcType="BIGINT" />
        <id column="sku_id" property="skuId" jdbcType="VARCHAR" />
        <result column="branch_code" property="branchCode" jdbcType="VARCHAR" />
        <result column="branch_name" property="branchName" jdbcType="VARCHAR" />
        <result column="share_quota" property="shareQuota" jdbcType="BIGINT" />
        <result column="uv_quota" property="uvQuota" jdbcType="BIGINT" />
        <result column="sales_quota" property="salesQuota" jdbcType="BIGINT" />
        <result column="create_time" property="createTime" jdbcType="TIMESTAMP" />
        <result column="update_time" property="updateTime" jdbcType="TIMESTAMP" />
        <result column="version" property="version" jdbcType="INTEGER" />
    </resultMap>

    <sql id="Base_Column_List" >
        task_id, sku_id, branch_code, branch_name, share_quota, uv_quota, sales_quota, create_time, 
        update_time, version
    </sql>

    <insert id="insert" parameterType="com.gome.meidian.entity.OrderBranchTask" >
        insert into order_branch_task (task_id, sku_id, branch_code, 
            branch_name, share_quota, uv_quota, 
            sales_quota, create_time, update_time, 
            version)
        values (#{taskId,jdbcType=BIGINT}, #{skuId,jdbcType=VARCHAR}, #{branchCode,jdbcType=VARCHAR}, 
            #{branchName,jdbcType=VARCHAR}, #{shareQuota,jdbcType=BIGINT}, #{uvQuota,jdbcType=BIGINT}, 
            #{salesQuota,jdbcType=BIGINT}, #{createTime,jdbcType=TIMESTAMP}, #{updateTime,jdbcType=TIMESTAMP}, 
            #{version,jdbcType=INTEGER})
    </insert>

    <insert id="insertSelective" parameterType="com.gome.meidian.entity.OrderBranchTask" >
        insert into order_branch_task
        <trim prefix="(" suffix=")" suffixOverrides="," >
            <if test="taskId != null" >
                task_id,
            </if>
            <if test="skuId != null" >
                sku_id,
            </if>
            <if test="branchCode != null" >
                branch_code,
            </if>
            <if test="branchName != null" >
                branch_name,
            </if>
            <if test="shareQuota != null" >
                share_quota,
            </if>
            <if test="uvQuota != null" >
                uv_quota,
            </if>
            <if test="salesQuota != null" >
                sales_quota,
            </if>
            <if test="createTime != null" >
                create_time,
            </if>
            <if test="updateTime != null" >
                update_time,
            </if>
            <if test="version != null" >
                version,
            </if>
        </trim>
        <trim prefix="values (" suffix=")" suffixOverrides="," >
            <if test="taskId != null" >
                #{taskId,jdbcType=BIGINT},
            </if>
            <if test="skuId != null" >
                #{skuId,jdbcType=VARCHAR},
            </if>
            <if test="branchCode != null" >
                #{branchCode,jdbcType=VARCHAR},
            </if>
            <if test="branchName != null" >
                #{branchName,jdbcType=VARCHAR},
            </if>
            <if test="shareQuota != null" >
                #{shareQuota,jdbcType=BIGINT},
            </if>
            <if test="uvQuota != null" >
                #{uvQuota,jdbcType=BIGINT},
            </if>
            <if test="salesQuota != null" >
                #{salesQuota,jdbcType=BIGINT},
            </if>
            <if test="createTime != null" >
                #{createTime,jdbcType=TIMESTAMP},
            </if>
            <if test="updateTime != null" >
                #{updateTime,jdbcType=TIMESTAMP},
            </if>
            <if test="version != null" >
                #{version,jdbcType=INTEGER},
            </if>
        </trim>
    </insert>

    <update id="updateByPrimaryKeySelective" parameterType="com.gome.meidian.entity.OrderBranchTask" >
        update order_branch_task
        <set >
            <if test="branchCode != null" >
                branch_code = #{branchCode,jdbcType=VARCHAR},
            </if>
            <if test="branchName != null" >
                branch_name = #{branchName,jdbcType=VARCHAR},
            </if>
            <if test="shareQuota != null" >
                share_quota = #{shareQuota,jdbcType=BIGINT},
            </if>
            <if test="uvQuota != null" >
                uv_quota = #{uvQuota,jdbcType=BIGINT},
            </if>
            <if test="salesQuota != null" >
                sales_quota = #{salesQuota,jdbcType=BIGINT},
            </if>
            <if test="createTime != null" >
                create_time = #{createTime,jdbcType=TIMESTAMP},
            </if>
            <if test="updateTime != null" >
                update_time = #{updateTime,jdbcType=TIMESTAMP},
            </if>
            <if test="version != null" >
                version = #{version,jdbcType=INTEGER},
            </if>
        </set>
        where task_id = #{taskId,jdbcType=BIGINT}
          and sku_id = #{skuId,jdbcType=VARCHAR}
    </update>

    <update id="updateByPrimaryKey" parameterType="com.gome.meidian.entity.OrderBranchTask" >
        update order_branch_task
        set branch_code = #{branchCode,jdbcType=VARCHAR},
            branch_name = #{branchName,jdbcType=VARCHAR},
            share_quota = #{shareQuota,jdbcType=BIGINT},
            uv_quota = #{uvQuota,jdbcType=BIGINT},
            sales_quota = #{salesQuota,jdbcType=BIGINT},
            create_time = #{createTime,jdbcType=TIMESTAMP},
            update_time = #{updateTime,jdbcType=TIMESTAMP},
            version = #{version,jdbcType=INTEGER}
        where task_id = #{taskId,jdbcType=BIGINT}
          and sku_id = #{skuId,jdbcType=VARCHAR}
    </update>
</mapper>