<?xml version="1.0" encoding="UTF-8"?>
<beans xmlns="http://www.springframework.org/schema/beans"
       xmlns:xsi="http://www.w3.org/2001/XMLSchema-instance" xmlns:dubbo="http://code.alibabatech.com/schema/dubbo"
       xsi:schemaLocation="http://www.springframework.org/schema/beans
    http://www.springframework.org/schema/beans/spring-beans.xsd
    http://code.alibabatech.com/schema/dubbo
    http://code.alibabatech.com/schema/dubbo/dubbo.xsd">
    <!-- 使用zookeeper注册中心暴露服务地址 -->
    <dubbo:application name="${spring.application.name}" />
    <dubbo:registry id="new_central" address="${dubbo.registry.address}" protocol="${dubbo.registry.protocol}" timeout="30000" />

    <!-- 门店信息 start-->
    <dubbo:reference registry="new_central"  id="staffMshopFacade" interface="com.gome.mobile.commerce.member.staff.facade.StaffMshopFacade"  timeout="1000" check="false"  version="1.0.0"/>
    <!-- 门店信息 end-->
    <dubbo:reference registry="new_central"  id="swfService" interface="cn.com.gome.swf.dubbo.SwfService"  timeout="1000" check="false" />
    <dubbo:reference registry="new_central"  id="queryUserInfoFacade" interface="cn.com.gome.user.service.QueryUserInfoFacade"  timeout="1000" check="false" version="30010" />
    <!-- IMpush消息 -->
    <dubbo:reference registry="new_central"  id="messageService" interface="com.gomeplus.im.dubbo.interfaces.IMessageService"  retries="3" timeout="10000" check="false" version="1.0" />
    <!-- 优惠券 -->
    <dubbo:reference registry="new_central"  id="redCouponRuleService" interface="com.gome.pangu.redcoupon.dubbo.service.RedCouponRuleService"  retries="0" timeout="5000" check="false" version="1.0"/>
    <dubbo:reference registry="new_central"  id="queryGomePromService" interface="com.gome.promotion.handle.client.service.QueryGomePromService" retries="0" timeout="5000" check="false"/>
    <dubbo:reference registry="new_central"  id="budgetClient"  interface="com.gome.pangu.promotionapply.client.budget.BudgetClient"  timeout="5000" check="false" retries="0" cluster="failfast"  />
    <dubbo:reference registry="new_central"  id="PromotionQueryService"  interface="com.gome.pangu.promotiondata.client.PromotionQueryService" timeout="5000" check="false" retries="0" cluster="failfast"  />
    <!-- 在线user -->
<!--    <dubbo:reference registry="central,new_central"  id="iAccessMemberService" interface="com.gome.stage.service.IAccessMemberService" retries="0" timeout="5000" check="false"/>-->
    <dubbo:reference registry="new_central"  id="iGomeStaffInfoFacade"  interface="com.gome.userBase.facade.staff.IGomeStaffInfoFacade" check="false"  lazy="true" cluster="failfast" timeout="10000"/>
    <!-- 数字门店 -->
    <dubbo:reference registry="new_central"  id="gomeStoreFullClient" interface="com.gome.dragon.mds.client.gcc.GomeStoreFullClient"  check="false"  lazy="true" cluster="failfast" timeout="10000"/>
    <!-- 用户信息同步 -->
    <dubbo:reference registry="new_central"  id="iUserInfoManager"  interface="com.gome.meidian.user.manager.IUserInfoManager" check="false"  lazy="true" cluster="failfast" timeout="10000"/>
</beans>