<?xml version="1.0" encoding="UTF-8"?>
<beans xmlns="http://www.springframework.org/schema/beans"
       xmlns:xsi="http://www.w3.org/2001/XMLSchema-instance" xmlns:dubbo="http://code.alibabatech.com/schema/dubbo"
       xsi:schemaLocation="http://www.springframework.org/schema/beans
    http://www.springframework.org/schema/beans/spring-beans.xsd
    http://code.alibabatech.com/schema/dubbo
    http://code.alibabatech.com/schema/dubbo/dubbo.xsd">
    <!-- 使用zookeeper注册中心暴露服务地址 -->
    <dubbo:registry  address="${dubbo.registry.address}" protocol="${dubbo.registry.protocol}" timeout="30000" />
    <dubbo:protocol name="dubbo"  port="${dubbo.registry.port}" />

    <!-- 美店专门给外部系统提供的服务接口，不添加版本号 -->
    <dubbo:service  interface="com.gomeo2o.facade.vshop.service.VshopInfoExternalFacade" ref="vshopInfoExternalFacade"  retries="0" cluster="failfast"/>
    <dubbo:service  interface="com.gomeo2o.facade.vshop.service.VshopChannelExternalFacade" ref="vshopChannelExternalFacade"  retries="0" cluster="failfast"/>

    <!-- 美店服务接口 -->
    <dubbo:service  version="${dubbo.version}"  interface="com.gomeo2o.facade.vshop.service.VshopFacade" ref="vshopFacade"  retries="0" cluster="failfast"/>
    <!-- 美店vip服务 -->
    <dubbo:service  version="${dubbo.version}"  interface="com.gomeo2o.facade.vshop.service.VshopVipFacade" ref="vshopVipFacade"  retries="0" cluster="failfast"/>
    <dubbo:service  version="${dubbo.version}"  interface="com.gomeo2o.facade.vshop.service.VshopStoresFacade" ref="vshopStoresFacade"  retries="0" cluster="failfast"/>
    <dubbo:service  version="${dubbo.version}"  interface="com.gomeo2o.facade.vshop.service.VshopExternalFacade" ref="vshopExternalFacade"  retries="0" cluster="failfast"/>
    <!-- 美店推送消息接口 -->
    <dubbo:service  version="${dubbo.version}" interface="com.gomeo2o.facade.vshop.service.VshopMessageFacade" ref="vshopMessageFacade"  retries="0" cluster="failfast"/>
    <!-- 美店一键复制商品接口 -->
    <dubbo:service  version="${dubbo.version}" interface="com.gomeo2o.facade.vshop.service.MshopScheduleFacade" ref="mshopScheduleFacade"  retries="0" cluster="failfast"/>
    <!-- 美店邀请关系 -->
    <dubbo:service  version="${dubbo.version}" interface="com.gomeo2o.facade.vshop.service.VshopInvitationRelationFacade" ref="vshopInvitationRelationFacade"  retries="0" cluster="failfast"/>
    <!-- 美店敏感词修改记录 -->
    <dubbo:service  version="${dubbo.version}" interface="com.gomeo2o.facade.vshop.service.VshopSensitiveWordsEditRecordFacade" ref="vshopSensitiveWordsEditRecordFacade"  retries="0" cluster="failfast"/>
    <!-- 渠道美店接口 -->
    <dubbo:service  version="${dubbo.version}" interface="com.gomeo2o.facade.vshop.service.VshopChannelFacade" ref="vshopChannelFacade"  retries="0" cluster="failfast"/>
    <!--美店主门店信息同步接口-->
    <dubbo:service  version="${dubbo.version}" interface="com.gomeo2o.facade.vshop.service.VshopInfoDescFacade" ref="vshopInfoDescFacade"  retries="0" cluster="failfast"/>
    <!--百货店主提供接口-->
    <dubbo:service  version="${dubbo.version}" interface="com.gomeo2o.facade.vshop.service.VshopInfoLabelFacade" ref="vshopInfoLabelFacade"  retries="0" cluster="failfast"/>

</beans>