<?xml version="1.0" encoding="UTF-8"?>
<!DOCTYPE mapper PUBLIC "-//mybatis.org//DTD Mapper 3.0//EN" "http://mybatis.org/dtd/mybatis-3-mapper.dtd" >  
<mapper namespace="com.gome.meidian.user.mapper.AbsenteeismCountMapper">
    <resultMap type="com.gome.meidian.user.entity.AbsenteeismCount" id="absenteeismCount">
    	<result property="id" column="id" />
    	<result property="userId" column="user_id" />
    	<result property="sysGiveCount" column="sys_give_count" />
    	<result property="userBuyCount" column="user_buy_count" />
    	<result property="sysUtime" column="sys_utime" />
    	<result property="sysCtime" column="sys_ctime" />
    	<result property="buyCtime" column="buy_time" />
    	<result property="utime" column="utime" />
    	<result property="ctime" column="ctime" />
    </resultMap>

    <sql id="column"> id,user_id,
			sys_give_count,
			user_buy_count,
			sys_utime,
			sys_ctime,
			buy_ctime,
			utime,
			ctime 
	</sql>

	<insert id="add" keyProperty="id" useGeneratedKeys="true">
		INSERT INTO absenteeism_count (
			user_id,
			sys_give_count,
			user_buy_count,
			sys_utime,
			sys_ctime,
			buy_ctime,
			utime,
			ctime
		)
		VALUES
			(
				#{userId}, 
				#{sysGiveCount}, 
				#{userBuyCount}, 
				#{sysUtime}, 
				#{sysCtime}, 
				#{buyCtime}, 
				#{utime}, 
				#{ctime}
			)
	</insert>
    
    
    <update id="update">
		UPDATE absenteeism_count
		SET 
		    <if test="sysGiveCount != null">
		    	sys_give_count = #{sysGiveCount},
		    </if>
		    <if test="userBuyCount != null">
		    	user_buy_count = #{userBuyCount},
		    </if>
		    <if test="sysUtime != null">
		    	sys_utime = #{sysUtime},
		    </if>
		 	<if test="sysCtime != null">
		    	sys_ctime = #{sysCtime},
		    </if>
		    <if test="buyCtime != null">
		    	buy_ctime = #{buyCtime},
		    </if>
		    
		    utime = #{utime}
		WHERE
			user_id = #{userId}    
    </update>
    
 
 
     <select id="findByUserId" resultMap="absenteeismCount">
		SELECT
			<include refid="column"/>
		FROM
			absenteeism_count
		WHERE
			user_id = #{userId}    	
    </select>
    
    
    
    <update id="updateCount">
		UPDATE absenteeism_count
		SET 
		    <if test="sysGiveCount != null">
		    	sys_give_count = #{sysGiveCount},
		    </if>
		    <if test="userBuyCount != null">
		    	user_buy_count = #{userBuyCount},
		    </if>
		    
		    utime = #{utime}
		WHERE
			user_id = #{userId}    
    </update>
 

</mapper>