<?xml version="1.0" encoding="UTF-8"?>
<!DOCTYPE mapper PUBLIC "-//mybatis.org//DTD Mapper 3.0//EN" "http://mybatis.org/dtd/mybatis-3-mapper.dtd">
<mapper namespace="com.gome.meidian.user.mapper.equities.BasicEquitiesNumberMapper">
  <resultMap id="BaseResultMap" type="com.gome.meidian.user.dto.UserBasicEquitiesNumberDto">
    <id column="id" jdbcType="BIGINT" property="id" />
    <result column="type" jdbcType="INTEGER" property="type" />
    <result column="open_count" jdbcType="INTEGER" property="openCount" />
    <result column="join_count" jdbcType="INTEGER" property="joinCount" />
    <result column="reset_time" jdbcType="VARCHAR" property="resetTime" />
    <result column="insert_time" jdbcType="TIMESTAMP" property="insertTime" />
    <result column="update_time" jdbcType="TIMESTAMP" property="updateTime" />
    <result column="create_operator" jdbcType="VARCHAR" property="createOperator" />
    <result column="update_operator" jdbcType="VARCHAR" property="updateOperator" />
    <result column="reward_open_count" jdbcType="INTEGER" property="rewardOpenCount" />
    <result column="reward_join_count" jdbcType="INTEGER" property="rewardJoinCount" />
    <result column="total_open_count" jdbcType="INTEGER" property="totalOpenCount" />
    <result column="total_join_count" jdbcType="INTEGER" property="totalJoinCount" />
    <result column="reward_begin_time" jdbcType="TIMESTAMP" property="rewardBeginTime" />
    <result column="reward_end_time" jdbcType="TIMESTAMP" property="rewardEndTime" />
  </resultMap>
  <sql id="Base_Column_List">
    id, `type`, IFNULL(open_count,0) as open_count, IFNULL(join_count,0) as join_count , reset_time,
    DATE_FORMAT(insert_time,'%Y-%m-%d %T') as insert_time,
    DATE_FORMAT(update_time,'%Y-%m-%d %T') as update_time, create_operator,update_operator,
    IFNULL(reward_open_count,0) as reward_open_count, IFNULL(reward_join_count,0) as reward_join_count,
    reward_begin_time,reward_end_time
  </sql>
  <sql id="extCriteria">
    where 1=1
    <if test="id != null">
      AND id=#{id,jdbcType=BIGINT}
    </if>
    <if test="type != null">
      AND type=#{type,jdbcType=INTEGER}
    </if>
    <if test="createOperator != null">
      AND create_operator=#{createOperator,jdbcType=VARCHAR}
    </if>
    <if test="updateOperator != null">
      AND update_operator=#{updateOperator,jdbcType=VARCHAR}
    </if>
  </sql>

  <select id="queryAllListGroupBYType" resultMap="BaseResultMap" >
      select a.* from (
          select <include refid="Base_Column_List" />
              from user_basic_equities_number ORDER BY update_time DESC
          ) as a GROUP BY type
  </select>

  <select id="queryOneByParam" parameterType="com.gome.meidian.user.dto.UserBasicEquitiesNumberDto" resultMap="BaseResultMap">
    select
    <include refid="Base_Column_List" />
    from user_basic_equities_number
    <include refid="extCriteria" />
    order by update_time desc limit 1
  </select>



  <insert id="insert" parameterType="com.gome.meidian.user.dto.UserBasicEquitiesNumberDto" >
      insert into user_basic_equities_number
      <trim prefix="(" suffix=")" suffixOverrides="," >
          <if test="type != null" >
              type,
          </if>
          <if test="openCount != null" >
              open_count,
          </if>
          <if test="joinCount != null " >
              join_count,
          </if>
          <if test="resetTime != null " >
              reset_time,
          </if>
          <if test="insertTime != null " >
              insert_time,
          </if>
          <if test="updateTime != null " >
              update_time,
          </if>
          <if test="updateOperator != null " >
              update_operator,
          </if>
          <if test="createOperator != null " >
              create_operator,
          </if>
          <if test="rewardOpenCount != null " >
              reward_open_count,
          </if>
          <if test="rewardJoinCount != null " >
              reward_join_count,
          </if>
          <if test="rewardBeginTime != null " >
              reward_begin_time,
          </if>
          <if test="rewardEndTime != null " >
              reward_end_time
          </if>
      </trim>
      <trim prefix="values (" suffix=")" suffixOverrides="," >
          <if test="type != null " >
              #{type},
          </if>
          <if test="openCount != null " >
              #{openCount},
          </if>
          <if test="joinCount != null " >
              #{joinCount},
          </if>
          <if test="resetTime != null " >
              #{resetTime},
          </if>
          <if test="insertTime != null " >
              #{insertTime},
          </if>
          <if test="updateTime != null " >
              #{updateTime},
          </if>
          <if test="updateOperator != null " >
              #{updateOperator},
          </if>
          <if test="createOperator != null " >
              #{createOperator},
          </if>
          <if test="rewardOpenCount != null " >
              #{rewardOpenCount},
          </if>
          <if test="rewardJoinCount != null " >
              #{rewardJoinCount},
          </if>
          <if test="rewardBeginTime != null " >
              #{rewardBeginTime},
          </if>
          <if test="rewardEndTime != null " >
              #{rewardEndTime}
          </if>
      </trim>
  </insert>

  <update id="updateWithParam" parameterType="com.gome.meidian.user.dto.UserBasicEquitiesNumberDto">
    update user_basic_equities_number
    <set>
      <if test="rewardBeginTime != null">
        reward_begin_time = #{rewardBeginTime,jdbcType=TIMESTAMP},
      </if>
      <if test="rewardEndTime != null">
        reward_end_time = #{rewardEndTime,jdbcType=TIMESTAMP},
      </if>
      <if test="openCount != null">
        open_count = #{openCount,jdbcType=INTEGER},
      </if>
      <if test="joinCount != null">
        join_count = #{joinCount,jdbcType=INTEGER},
      </if>
      <if test="resetTime != null">
        reset_time = #{resetTime,jdbcType=VARCHAR},
      </if>
      <if test="insertTime != null">
        insert_time = #{insertTime,jdbcType=TIMESTAMP},
      </if>
      <if test="createOperator != null">
        create_operator = #{createOperator,jdbcType=VARCHAR},
      </if>
      <if test="updateOperator != null">
        update_operator = #{updateOperator,jdbcType=VARCHAR},
      </if>
      <if test="rewardOpenCount != null">
        reward_open_count = #{rewardOpenCount,jdbcType=VARCHAR},
      </if>
      <if test="rewardJoinCount != null">
        reward_join_count = #{rewardJoinCount,jdbcType=VARCHAR},
      </if>
      update_time = CURRENT_TIMESTAMP
    </set>
    <where>
      <if test="id != null">
        id = #{id,jdbcType=BIGINT}
      </if>
      <if test="type != null">
       and `type` = #{type,jdbcType=INTEGER}
      </if>
    </where>
  </update>



</mapper>