<?xml version="1.0" encoding="UTF-8"?>
<!DOCTYPE mapper PUBLIC "-//mybatis.org//DTD Mapper 3.0//EN" "http://mybatis.org/dtd/mybatis-3-mapper.dtd">
<mapper namespace="com.gome.meidian.user.mapper.equities.LayerCmsConfigMapper">
  <resultMap id="BaseResultMap" type="com.gome.meidian.user.dto.LayerCmsConfigDto">
    <id column="id" jdbcType="BIGINT" property="id" />
    <result column="identity" jdbcType="INTEGER" property="identity" />
    <result column="type" jdbcType="INTEGER" property="type" />
    <result column="name" jdbcType="VARCHAR" property="name" />
    <result column="path_url" jdbcType="VARCHAR" property="pathurl" />
    <result column="image" jdbcType="VARCHAR" property="image" />
    <result column="number" jdbcType="INTEGER" property="number" />
    <result column="frequency" jdbcType="INTEGER" property="frequency" />
    <result column="sort" jdbcType="INTEGER" property="sort" />
    <result column="disable" jdbcType="INTEGER" property="disable" />
  </resultMap>
  <sql id="Base_Column_List">
    id, `identity`, `type`, `name`, path_url, image, IFNULL(number,0) as number,
    IFNULL(frequency,0) as frequency,sort,disable
  </sql>
  <sql id="page">
    <if test="pageIndex != null and pageSize != null">
      limit #{pageIndex}, #{pageSize}
    </if>
  </sql>
  <sql id="sequence">
    <if test="isSort != null and isSort ==0 ">
      order by sort DESC
    </if>
  </sql>
  <sql id="extCriteria">
    where 1=1
    <if test="id != null">
      AND id=#{id,jdbcType=BIGINT}
    </if>
    <if test="identity != null">
      AND identity=#{identity,jdbcType=INTEGER}
    </if>
    <if test="type != null">
      AND type=#{type,jdbcType=INTEGER}
    </if>
    <if test="name != null">
      AND name=#{name,jdbcType=VARCHAR}
    </if>
    <if test="pathurl != null">
      AND path_url=#{pathurl,jdbcType=VARCHAR}
    </if>
    <if test="image != null">
      AND image=#{image,jdbcType=VARCHAR}
    </if>
    <if test="number != null">
      AND number=#{number,jdbcType=INTEGER}
    </if>
    <if test="frequency != null">
      AND frequency=#{frequency,jdbcType=INTEGER}
    </if>
    <if test="sort != null">
      AND sort=#{sort,jdbcType=INTEGER}
    </if>
    <if test="disable != null">
      AND disable=#{disable,jdbcType=INTEGER}
    </if>
  </sql>

  <select id="selectByPrimaryKey" parameterType="java.lang.Long" resultMap="BaseResultMap">
    select
    <include refid="Base_Column_List" />
    from layer_cms_config
    where id = #{id,jdbcType=BIGINT}
  </select>
  <select id="selectByParam"  resultMap="BaseResultMap">
    select
    <include refid="Base_Column_List" />
    from layer_cms_config
    <include refid="extCriteria" />
    <include refid="sequence"/>
    <include refid="page"/>
  </select>

  <select id="queryCountByParam" resultType="java.lang.Long">
    select count(1)
    from layer_cms_config
    <include refid="extCriteria"></include>
  </select>

  <delete id="deleteByPrimaryKey" parameterType="java.lang.Long">
    delete from layer_cms_config
    where id = #{id,jdbcType=BIGINT}
  </delete>
  <insert id="insert" keyColumn="id" keyProperty="id" parameterType="com.gome.meidian.user.dto.LayerCmsConfigDto" useGeneratedKeys="true">
    insert into layer_cms_config (`identity`, `type`, `name`,
      path_url, image, `number`,frequency,sort,disable
      )
    values (#{identity,jdbcType=INTEGER}, #{type,jdbcType=INTEGER}, #{name,jdbcType=VARCHAR}, 
      #{pathurl,jdbcType=VARCHAR}, #{image,jdbcType=VARCHAR}, #{number,jdbcType=INTEGER},
      #{frequency,jdbcType=INTEGER},#{sort,jdbcType=INTEGER},#{disable,jdbcType=INTEGER}
      )
  </insert>
  <insert id="insertSelective" keyColumn="id" keyProperty="id" parameterType="com.gome.meidian.user.dto.LayerCmsConfigDto" useGeneratedKeys="true">
    insert into layer_cms_config
    <trim prefix="(" suffix=")" suffixOverrides=",">
      <if test="identity != null">
        `identity`,
      </if>
      <if test="type != null">
        `type`,
      </if>
      <if test="name != null">
        `name`,
      </if>
      <if test="pathurl != null">
        path_url,
      </if>
      <if test="image != null">
        image,
      </if>
      <if test="number != null">
        `number`,
      </if>
      <if test="frequency != null">
        `frequency`,
      </if>
      <if test="sort != null">
        `sort`,
      </if>
      <if test="disable != null">
        `disable`,
      </if>
    </trim>
    <trim prefix="values (" suffix=")" suffixOverrides=",">
      <if test="identity != null">
        #{identity,jdbcType=INTEGER},
      </if>
      <if test="type != null">
        #{type,jdbcType=INTEGER},
      </if>
      <if test="name != null">
        #{name,jdbcType=VARCHAR},
      </if>
      <if test="pathurl != null">
        #{pathurl,jdbcType=VARCHAR},
      </if>
      <if test="image != null">
        #{image,jdbcType=VARCHAR},
      </if>
      <if test="number != null">
        #{number,jdbcType=INTEGER},
      </if>
      <if test="frequency != null">
        #{frequency,jdbcType=INTEGER},
      </if>
      <if test="sort != null">
        #{sort,jdbcType=INTEGER},
      </if>
      <if test="disable != null">
        #{disable,jdbcType=INTEGER},
      </if>
    </trim>
  </insert>
  <update id="updateByPrimaryKeySelective" parameterType="com.gome.meidian.user.dto.LayerCmsConfigDto">
    update layer_cms_config
    <set>
      <if test="identity != null">
        `identity` = #{identity,jdbcType=INTEGER},
      </if>
      <if test="type != null">
        `type` = #{type,jdbcType=INTEGER},
      </if>
      <if test="name != null">
        `name` = #{name,jdbcType=VARCHAR},
      </if>
      <if test="pathurl != null">
        path_url = #{pathurl,jdbcType=VARCHAR},
      </if>
      <if test="image != null">
        image = #{image,jdbcType=VARCHAR},
      </if>
      <if test="number != null">
        `number` = #{number,jdbcType=INTEGER},
      </if>
      <if test="frequency != null">
        `frequency` = #{frequency,jdbcType=INTEGER},
      </if>
      <if test="sort != null">
        `sort` = #{sort,jdbcType=INTEGER},
      </if>
      <if test="disable != null">
        `disable` = #{disable,jdbcType=INTEGER},
      </if>
    </set>
    where id = #{id,jdbcType=BIGINT}
  </update>
  <update id="updateByPrimaryKey" parameterType="com.gome.meidian.user.dto.LayerCmsConfigDto">
    update layer_cms_config
    set `identity` = #{identity,jdbcType=INTEGER},
      `type` = #{type,jdbcType=INTEGER},
      `name` = #{name,jdbcType=VARCHAR},
      path_url = #{pathurl,jdbcType=VARCHAR},
      image = #{image,jdbcType=VARCHAR},
      `number` = #{number,jdbcType=INTEGER},
      `frequency` = #{frequency,jdbcType=INTEGER},
      `sort` = #{sort,jdbcType=INTEGER},
       `disable` = #{disable,jdbcType=INTEGER}
    where id = #{id,jdbcType=BIGINT}
  </update>
</mapper>