<?xml version="1.0" encoding="UTF-8" ?>
<!DOCTYPE mapper PUBLIC "-//mybatis.org//DTD Mapper 3.0//EN" "http://mybatis.org/dtd/mybatis-3-mapper.dtd" >
<mapper namespace="com.gome.meidian.user.mapper.MeidianVshopSummaryMapper">
    <resultMap id="BaseResultMap" type="com.gome.meidian.user.entity.MeidianVshopSummary">
        <id column="user_id" property="userId" jdbcType="BIGINT"/>
        <result column="shop_num" property="shopNum" jdbcType="BIGINT"/>
        <result column="custom_num" property="customNum" jdbcType="BIGINT"/>
    </resultMap>

    <sql id="Base_Column_List">
    user_id, shop_num, custom_num
  </sql>

    <select id="selectByUserId" resultMap="BaseResultMap" parameterType="java.lang.Long">
        select
        <include refid="Base_Column_List"/>
        from meidian_vshop_summary
        where user_id = #{userId,jdbcType=BIGINT}
    </select>

    <select id="selectByUserIdList" resultMap="BaseResultMap" parameterType="java.lang.Long">
        select
        <include refid="Base_Column_List"/>
        from meidian_vshop_summary
        where  user_id in
        <foreach collection="userIdList" open="(" close=")" item="userId" separator="," >
            #{userId}
        </foreach>
    </select>

    <delete id="delete" parameterType="java.lang.Long">
    delete from meidian_vshop_summary
    where user_id = #{userId,jdbcType=BIGINT}
  </delete>

    <insert id="insert" parameterType="com.gome.meidian.user.entity.MeidianVshopSummary">
        insert into meidian_vshop_summary
        <trim prefix="(" suffix=")" suffixOverrides=",">
            <if test="userId != null">
                user_id,
            </if>
            <if test="shopNum != null">
                shop_num,
            </if>
            <if test="customNum != null">
                custom_num,
            </if>
        </trim>
        <trim prefix="values (" suffix=")" suffixOverrides=",">
            <if test="userId != null">
                #{userId,jdbcType=BIGINT},
            </if>
            <if test="shopNum != null">
                #{shopNum,jdbcType=BIGINT},
            </if>
            <if test="customNum != null">
                #{customNum,jdbcType=BIGINT},
            </if>
        </trim>
    </insert>

    <update id="update" parameterType="com.gome.meidian.user.entity.MeidianVshopSummary">
        update meidian_vshop_summary
        <set>
            <if test="shopNum != null">
                shop_num = #{shopNum,jdbcType=BIGINT},
            </if>
            <if test="customNum != null">
                custom_num = #{customNum,jdbcType=BIGINT},
            </if>
        </set>
        where user_id = #{userId,jdbcType=BIGINT}
    </update>


    <insert id="batchOperation" parameterType="java.util.List">
        REPLACE into meidian_vshop_summary
        (user_id, shop_num, custom_num)
        values
        <foreach collection="list" item="item" separator=",">
            ( #{item.userId,jdbcType=BIGINT},
            #{item.shopNum,jdbcType=BIGINT},
           #{item.customNum,jdbcType=BIGINT})
        </foreach>
    </insert>
</mapper>