<?xml version="1.0" encoding="UTF-8"?>
<!DOCTYPE mapper PUBLIC "-//mybatis.org//DTD Mapper 3.0//EN" "http://mybatis.org/dtd/mybatis-3-mapper.dtd" >
<mapper namespace="com.gome.meidian.user.mapper.MeidianReportUserIdentityMapper">

	<insert id="batchInsertMeidianReportUserIdentity" parameterType="java.util.List">
		insert into meidian_report_user_identity (`user_id`, `identity`, `insert_time`, `update_time`) values
		<foreach item="item" collection="list" separator=",">
			(#{item.userId}, #{item.identity}, #{item.insertTime}, #{item.updateTime})
		</foreach>
	</insert>
	
	<update id="updateMeidianReportUserIdentity" parameterType="com.gome.meidian.user.entity.MeidianReportUserIdentity">
		update meidian_report_user_identity
		set
	    `identity` = #{identity},
	    `update_time` = #{updateTime}
	    where
	    `user_id` = #{userId}
	</update>

    <select id="selectNotExistUserIdList" resultType="java.lang.Long">
        select b.user_id from
        (select distinct up_userid,top_leader_userid from meidian_share_binding) a
        right join meidian_report_user_identity b
        on a.up_userid = b.user_id
        where a.up_userid is null
    </select>

    <delete id="batchDeleteMeidianReportUserIdentity" parameterType="java.util.List">
        delete from meidian_report_user_identity
        where user_id in
        <foreach item="item" collection="list" separator=",">
            (#{item})
        </foreach>
    </delete>
</mapper>