<?xml version="1.0" encoding="UTF-8"?>
<!DOCTYPE mapper PUBLIC "-//mybatis.org//DTD Mapper 3.0//EN" "http://mybatis.org/dtd/mybatis-3-mapper.dtd">
<mapper namespace="com.gome.meidian.user.mapper.MeidianShareBindingCtxMapper">
  <resultMap id="BaseResultMap" type="com.gome.meidian.user.entity.MeidianShareBindingCtx">
    <id column="id" jdbcType="BIGINT" property="id" />
    <result column="user_id" jdbcType="BIGINT" property="userId" />
    <result column="ctx" jdbcType="VARCHAR" property="ctx" />
  </resultMap>
  <sql id="Base_Column_List">
    id, user_id, ctx
  </sql>
  <select id="selectByPrimaryKey" parameterType="java.lang.Long" resultMap="BaseResultMap">
    select
    <include refid="Base_Column_List" />
    from meidian_share_binding_ctx
    where id = #{id,jdbcType=BIGINT}
  </select>

  <insert id="insertSelective" parameterType="com.gome.meidian.user.entity.MeidianShareBindingCtx">
    insert into meidian_share_binding_ctx
    <trim prefix="(" suffix=")" suffixOverrides=",">
      <if test="userId != null">
        user_id,
      </if>
      <if test="ctx != null">
        ctx,
      </if>
    </trim>
    <trim prefix="values (" suffix=")" suffixOverrides=",">
      <if test="userId != null">
        #{userId,jdbcType=BIGINT},
      </if>
      <if test="ctx != null">
        #{ctx,jdbcType=VARCHAR},
      </if>
    </trim>
  </insert>

</mapper>