<?xml version="1.0" encoding="UTF-8"?>
<!DOCTYPE mapper PUBLIC "-//mybatis.org//DTD Mapper 3.0//EN" "http://mybatis.org/dtd/mybatis-3-mapper.dtd">
<mapper namespace="com.gome.meidian.user.mapper.MeidianBindingRelationMapper">
    <resultMap id="BaseResultMap" type="com.gome.meidian.user.dto.MeidianBindingRelationDto">
        <id column="id" jdbcType="BIGINT" property="id"/>
        <result column="user_id" jdbcType="BIGINT" property="userId"/>
        <result column="puser_id" jdbcType="BIGINT" property="puserId"/>
        <result column="channel" jdbcType="VARCHAR" property="channel"/>
        <result column="activity_id" jdbcType="VARCHAR" property="activityId"/>
        <result column="status" jdbcType="INTEGER" property="status"/>
        <result column="update_status_time" jdbcType="TIMESTAMP" property="updateStatusTime"/>
        <result column="insert_time" jdbcType="TIMESTAMP" property="insertTime"/>
        <result column="update_time" jdbcType="TIMESTAMP" property="updateTime"/>
        <result column="count" jdbcType="INTEGER" property="count"/>
        <result column="version" jdbcType="INTEGER" property="version"/>
    </resultMap>
    <sql id="Base_Column_List">
    id, user_id, puser_id, channel, activity_id, `status`, update_status_time, insert_time,
    update_time
    </sql>
    <insert id="addBindingRelation" useGeneratedKeys="true" keyProperty="id">
        INSERT INTO meidian_binding_relation
        <trim prefix="(" suffix=")" suffixOverrides=",">
            <if test="userId != null">
                user_id,
            </if>
            <if test="puserId != null">
                puser_id,
            </if>
            <if test="channel != null and channel != ''">
                channel,
            </if>
            <if test="activityId != null and activityId != ''">
                activity_id,
            </if>
            <if test="status != null">
                status,
            </if>
            <if test="updateStatusTime != null">
                update_status_time,
            </if>
            <if test="insertTime != null">
                insert_time,
            </if>
            <if test="updateTime != null">
                update_time,
            </if>
        </trim>
        <trim prefix="values (" suffix=")" suffixOverrides=",">
            <if test="userId != null">
                #{userId},
            </if>
            <if test="puserId != null">
                #{puserId},
            </if>
            <if test="channel != null and channel != ''">
                #{channel},
            </if>
            <if test="activityId != null and activityId != ''">
                #{activityId},
            </if>
            <if test="status != null">
                #{status},
            </if>
            <if test="updateStatusTime != null">
                #{updateStatusTime},
            </if>
            <if test="insertTime != null">
                #{insertTime},
            </if>
            <if test="updateTime != null">
                #{updateTime},
            </if>
        </trim>
    </insert>
    <select id="queryBindingRelationByUserId" resultMap="BaseResultMap" parameterType="java.lang.Long">
        SELECT
        *
        FROM
        meidian_binding_relation
        WHERE
        1=1
        <trim suffixOverrides=",">
            <if test="userId != null">
                and user_id = #{userId}
            </if>
        </trim>
    </select>

    <update id="updateRelationStatus">
        update meidian_binding_relation
        <set>
            <if test="status != null">status = #{status},</if>
            version = version + 1,
            update_status_time = NOW()
        </set>
        WHERE
        1 = 1
        <!--        <if test="id != null"> and id = #{id}</if>-->
        <if test="userId != null">and user_id = #{userId}</if>
    </update>

    <select id="selectByPrimaryKey" parameterType="java.lang.Long" resultMap="BaseResultMap">
        select
        <include refid="Base_Column_List"/>
        from meidian_binding_relation
        where id = #{id,jdbcType=BIGINT}
    </select>
    <update id="updateByPrimaryKeySelective" parameterType="com.gome.meidian.user.dto.MeidianBindingRelationDto">
        update meidian_binding_relation
        <set>
            <if test="userId != null">
                user_id = #{userId,jdbcType=BIGINT},
            </if>
            <if test="puserId != null">
                puser_id = #{puserId,jdbcType=BIGINT},
            </if>
            <if test="channel != null">
                channel = #{channel,jdbcType=VARCHAR},
            </if>
            <if test="activityId != null">
                activity_id = #{activityId,jdbcType=VARCHAR},
            </if>
            <if test="status != null">
                `status` = #{status,jdbcType=INTEGER},
            </if>
            <if test="updateStatusTime != null">
                update_status_time = #{updateStatusTime,jdbcType=TIMESTAMP},
            </if>
            <if test="insertTime != null">
                insert_time = #{insertTime,jdbcType=TIMESTAMP},
            </if>
            <if test="updateTime != null">
                update_time = #{updateTime,jdbcType=TIMESTAMP},
            </if>
        </set>
        where id = #{id,jdbcType=BIGINT}
    </update>
    <select id="getCountByStatus" parameterType="map" resultMap="BaseResultMap">
        select
        count(*) as count ,status
        from meidian_binding_relation
        WHERE 1=1
        <if test="puserId != null">and puser_id = #{puserId,jdbcType=BIGINT}</if>
        <if test="channel != null">and channel = #{channel,jdbcType=VARCHAR}</if>
        <if test="activityId != null">and activity_id = #{activityId,jdbcType=VARCHAR}</if>
        <if test="beginTime != null and endTime != null">and
            <![CDATA[insert_time >= #{beginTime} and insert_time <= #{endTime}]]>
        </if>
        group by status
    </select>
    <select id="getCountByPuserId" parameterType="map" resultMap="BaseResultMap">
        select
        puser_id as puserId ,count(*) as count
        from meidian_binding_relation
        WHERE 1=1
        <if test="channel != null">and channel = #{channel,jdbcType=VARCHAR}</if>
        <if test="activityId != null">and activity_id = #{activityId,jdbcType=VARCHAR}</if>
        <if test="status != null">and status = #{status,jdbcType=INTEGER}</if>
        <if test="beginTime != null and endTime != null">and
            <![CDATA[insert_time >= #{beginTime} and insert_time <= #{endTime}]]>
        </if>
        group by puser_id ORDER BY count desc
        <if test="pageSize != null">
          limit #{pageSize}
        </if>
    </select>

    <select id="getListByParam" parameterType="map" resultMap="BaseResultMap">
        select
        <include refid="Base_Column_List"/>
        from meidian_binding_relation
        WHERE 1=1
        <if test="userId != null">and user_id = #{userId,jdbcType=BIGINT}</if>
        <if test="puserId != null">and puser_id = #{puserId,jdbcType=BIGINT}</if>
        <if test="channel != null">and channel = #{channel,jdbcType=VARCHAR}</if>
        <if test="activityId != null">and activity_id = #{activityId,jdbcType=VARCHAR}</if>
        <if test="status != null">and `status` = #{status,jdbcType=INTEGER}</if>
        <if test="beginTime != null and endTime != null">and
            <![CDATA[insert_time >= #{beginTime} and insert_time <= #{endTime}]]>
        </if>
        order by insert_time desc
        <if test="pageIndex != null and pageSize != null">
            limit #{pageIndex},#{pageSize}
        </if>
    </select>
</mapper>