<?xml version="1.0" encoding="UTF-8"?>
<!DOCTYPE mapper PUBLIC "-//mybatis.org//DTD Mapper 3.0//EN" "http://mybatis.org/dtd/mybatis-3-mapper.dtd" >  
<mapper namespace="com.gome.meidian.user.mapper.UserMessageMapper">
  <resultMap id="BaseResultMap" type="com.gome.meidian.user.entity.MeidianUserMessage" >
    <id column="id" property="id" />
    <result column="user_id" property="userId" />
    <result column="order_id" property="orderId" />
    <result column="form_id" property="formId" />
    <result column="form_type" property="formType" />
    <result column="status" property="status" />
    <result column="create_time" property="createTime" />
    <result column="active_time" property="activeTime" />
    <result column="update_time" property="updateTime" />
  </resultMap>
  
  <insert id="insert" useGeneratedKeys="true" keyProperty="id" parameterType="com.gome.meidian.user.entity.MeidianUserMessage" >
    insert into meidian_user_message 
    <trim prefix="(" suffix=")" suffixOverrides="," >
      <if test="id != null" >
        id,
      </if>
      <if test="userId != null" >
        user_id,
      </if>
      <if test="orderId != null" >
        order_id,
      </if>
      <if test="formId != null" >
        form_id,
      </if>
      <if test="formType != null" >
        form_type,
      </if>
      <if test="status != null" >
        status,
      </if>
      <if test="createTime != null" >
        create_time,
      </if>
      <if test="activeTime != null" >
        active_time,
      </if>
      <if test="updateTime != null" >
        update_time,
      </if>
    </trim>
    <trim prefix="values (" suffix=")" suffixOverrides="," >
      <if test="id != null" >
        #{id},
      </if>
      <if test="userId != null" >
        #{userId},
      </if>
      <if test="orderId != null" >
        #{orderId},
      </if>
      <if test="formId != null" >
        #{formId},
      </if>
      <if test="formType != null" >
        #{formType},
      </if>
      <if test="status != null" >
        #{status},
      </if>
      <if test="createTime != null" >
        #{createTime},
      </if>
      <if test="activeTime != null" >
        #{activeTime},
      </if>
      <if test="updateTime != null" >
        #{updateTime},
      </if>
    </trim>
  </insert>
  
  <update id="updateById" parameterType="com.gome.meidian.user.entity.MeidianUserMessage" >
    update meidian_user_message 
    <set >
      <if test="userId != null" >
        user_id = #{userId},
      </if>
      <if test="orderId != null" >
        order_id = #{orderId},
      </if>
      <if test="formId != null" >
        form_id = #{formId},
      </if>
      <if test="formType != null" >
        form_type = #{formType},
      </if>
      <if test="status != null" >
        status = #{status},
      </if>
      <if test="createTime != null" >
        create_time = #{createTime},
      </if>
      <if test="activeTime != null" >
        active_time = #{activeTime},
      </if>
      <if test="updateTime != null" >
        update_time = #{updateTime},
      </if>
    </set>
    where id = #{id}
  </update>
  
  <select id="findOneByUserIdFormId" resultMap="BaseResultMap">
    select * from meidian_user_message 
    where user_id = #{userId} and form_id = #{formId}
  </select>
  
  <select id="findByUserIdFormTypeStatus" resultMap="BaseResultMap">
    select * from meidian_user_message 
    where user_id = #{userId} 
    <if test="orderId != null" >
		and order_id = #{orderId} 
    </if>
    and form_type = #{formType} 
    and status = #{status} 
    and active_time &gt;= #{nowDate} 
    order by active_time asc
  </select>
  
</mapper>