<?xml version="1.0" encoding="UTF-8" ?>
<!DOCTYPE mapper PUBLIC "-//mybatis.org//DTD Mapper 3.0//EN" "http://mybatis.org/dtd/mybatis-3-mapper.dtd" >
<mapper namespace="com.gome.meidian.user.mapper.MeidianUserBindWechatRecordMapper">

    <resultMap id="BaseResultMap" type="com.gome.meidian.user.entity.MeidianUserBindWechatRecord">
        <id column="id" property="id" jdbcType="BIGINT"/>
        <result column="unique_id" property="uniqueId" jdbcType="VARCHAR"/>
        <result column="user_id" property="userId" jdbcType="BIGINT"/>
        <result column="state" property="state" jdbcType="INTEGER"/>
        <result column="msg_id" property="msgId" jdbcType="VARCHAR"/>
        <result column="msg_body" property="msgBody" jdbcType="VARCHAR"/>
        <result column="create_time" property="createTime" jdbcType="TIMESTAMP"/>
        <result column="update_time" property="updateTime" jdbcType="TIMESTAMP"/>
    </resultMap>

    <sql id="Base_Column_List">
    id, unique_id, user_id, state, msg_id, msg_body, create_time, update_time
  </sql>

    <select id="selectOne" resultMap="BaseResultMap">
        select
        <include refid="Base_Column_List"/>
        from meidian_user_bind_wechat_record
        where id = #{id,jdbcType=BIGINT}
    </select>

    <delete id="delete" parameterType="java.lang.Long">
    delete from meidian_user_bind_wechat_record
    where id = #{id,jdbcType=BIGINT}
  </delete>

    <insert id="insert" parameterType="com.gome.meidian.user.entity.MeidianUserBindWechatRecord">
        insert into meidian_user_bind_wechat_record
        <trim prefix="(" suffix=")" suffixOverrides=",">
            <if test="id != null">
                id,
            </if>
            <if test="uniqueId != null">
                unique_id,
            </if>
            <if test="userId != null">
                user_id,
            </if>
            <if test="state != null">
                state,
            </if>
            <if test="msgId != null">
                msg_id,
            </if>
            <if test="msgBody != null">
                msg_body,
            </if>
            <if test="createTime != null">
                create_time,
            </if>
            <if test="updateTime != null">
                update_time,
            </if>
        </trim>
        <trim prefix="values (" suffix=")" suffixOverrides=",">
            <if test="id != null">
                #{id,jdbcType=BIGINT},
            </if>
            <if test="uniqueId != null">
                #{uniqueId,jdbcType=VARCHAR},
            </if>
            <if test="userId != null">
                #{userId,jdbcType=BIGINT},
            </if>
            <if test="state != null">
                #{state,jdbcType=INTEGER},
            </if>
            <if test="msgId != null">
                #{msgId,jdbcType=VARCHAR},
            </if>
            <if test="msgBody != null">
                #{msgBody,jdbcType=VARCHAR},
            </if>
            <if test="createTime != null">
                #{createTime,jdbcType=TIMESTAMP},
            </if>
            <if test="updateTime != null">
                #{updateTime,jdbcType=TIMESTAMP},
            </if>
        </trim>
    </insert>

    <update id="update" parameterType="com.gome.meidian.user.entity.MeidianUserBindWechatRecord">
        update meidian_user_bind_wechat_record
        <set>
            <if test="uniqueId != null">
                unique_id = #{uniqueId,jdbcType=VARCHAR},
            </if>
            <if test="userId != null">
                user_id = #{userId,jdbcType=BIGINT},
            </if>
            <if test="state != null">
                state = #{state,jdbcType=INTEGER},
            </if>
            <if test="msgId != null">
                msg_id = #{msgId,jdbcType=VARCHAR},
            </if>
            <if test="msgBody != null">
                msg_body = #{msgBody,jdbcType=VARCHAR},
            </if>
            <if test="createTime != null">
                create_time = #{createTime,jdbcType=TIMESTAMP},
            </if>
            <if test="updateTime != null">
                update_time = #{updateTime,jdbcType=TIMESTAMP},
            </if>
        </set>
        where id = #{id,jdbcType=BIGINT}
    </update>

</mapper>