<?xml version="1.0" encoding="UTF-8"?>
<!DOCTYPE mapper PUBLIC "-//mybatis.org//DTD Mapper 3.0//EN" "http://mybatis.org/dtd/mybatis-3-mapper.dtd" >
<mapper namespace="com.gome.meidian.user.mapper.MShopShareBindingMapper">
    <resultMap type="com.gome.meidian.user.dto.MShopShareBindingDto" id="mshopShareBinding">
        <result property="id" column="id"/>
        <result property="mid" column="mid"/>
        <result property="userId" column="user_id"/>
        <result property="upMid" column="up_mid"/>
        <result property="upUserId" column="up_userid"/>
        <result property="pUserId" column="puser_id"/>
        <result property="insertTime" column="insert_time"/>
        <result property="updateTime" column="update_time"/>
        <result property="type" column="type"/>
        <result property="pMid" column="pmid"/>
        <result property="uniqueId" column="unique_id"/>
        <result property="upUniqueId" column="up_unique_id"/>
        <result property="pUniqueId" column="punique_id"/>
        <result property="authorization" column="authorization"/>
        <result property="topLeaderMid" column="top_leader_mid"/>
        <result property="topLeaderUserid" column="top_leader_userid"/>
        <result property="shareChain" column="share_chain"/>
        <result property="identity" column="identity"/>
    </resultMap>
    <resultMap type="com.gome.meidian.user.entity.MshopShareBinding" id="bindingInfo">
        <id column="id" property="id" jdbcType="BIGINT"/>
        <result column="mid" property="mid" jdbcType="BIGINT"/>
        <result column="user_id" property="userId" jdbcType="BIGINT"/>
        <result column="unique_id" property="uniqueId" jdbcType="VARCHAR"/>
        <result column="up_mid" property="upmid" jdbcType="BIGINT"/>
        <result column="up_userid" property="upuserId" jdbcType="BIGINT"/>
        <result column="up_unique_id" property="upuniqueId" jdbcType="VARCHAR"/>
        <result column="puser_id" property="puserId" jdbcType="BIGINT"/>
        <result column="pmid" property="pmid" jdbcType="BIGINT"/>
        <result column="punique_id" property="puniqueId" jdbcType="VARCHAR"/>
        <result column="top_leader_mid" property="topLeaderMid" jdbcType="BIGINT"/>
        <result column="top_leader_userid" property="topLeaderUserId" jdbcType="BIGINT"/>
        <result column="share_chain" property="shareChain" jdbcType="LONGVARCHAR"/>
        <result column="authorization" property="authorization" jdbcType="INTEGER"/>
        <result column="type" property="type" jdbcType="INTEGER"/>
        <result column="version" property="version" jdbcType="INTEGER"/>
        <result column="identity" property="identity" jdbcType="TINYINT"/>
        <result column="insert_time" property="insertTime" jdbcType="TIMESTAMP"/>
        <result column="update_time" property="updateTime" jdbcType="TIMESTAMP"/>
        <result column="count" property="count" jdbcType="INTEGER"/>
    </resultMap>
    <resultMap type="com.gome.meidian.user.dto.UserAuthDto" id="userAuthDto">
        <result property="userId" column="user_id"/>
        <result property="authorization" column="authorization"/>
    </resultMap>

    <sql id="Base_Column_List">
    id, mid, user_id, unique_id, up_mid, up_userid, up_unique_id, puser_id, pmid, punique_id, top_leader_mid, top_leader_userid, share_chain, authorization, type, version, identity, insert_time, update_time
  </sql>

	<sql id="Dto_Column_List">
    id, mid, user_id, unique_id, up_mid, up_userid, up_unique_id, puser_id, pmid, punique_id, top_leader_mid, top_leader_userid, share_chain, authorization, type, version, identity,
     DATE_FORMAT(insert_time,'%Y-%m-%d %T') as insert_time,
     DATE_FORMAT(update_time,'%Y-%m-%d %T') as update_time
  </sql>
    <!--查找新客、首单、忠粉个数-->
    <select id="queryMyNotVisitorCount" resultMap="bindingInfo">
		select
		type, count(1) as count
		from meidian_share_binding
		WHERE
		up_userid=#{userId}  and identity=0
		GROUP BY type
	</select>

    <!--查询该用户下线的所有新客/首单/忠粉信息列表-->
    <select id="queryMyShareBindingByType" resultMap="mshopShareBinding">
        select
        <include refid="Dto_Column_List"/>
        from meidian_share_binding
        WHERE 1=1 and up_userid = #{userId} and type =#{type} and identity=0
        order BY insert_time DESC limit #{pageIndex},#{pageSize}
    </select>
    <!--查找绑定表的100条数据-->
    <select id="queryUserIdList" resultType="java.lang.String" parameterType="java.lang.Long">
		select
		distinct user_id
		from meidian_share_binding
		where up_userid=#{userId} and identity=0
		order BY insert_time DESC limit 0,100
	</select>

	<select id="queryShareBindingByUserId" resultMap="bindingInfo" parameterType="java.lang.Long">
		select
		<include refid="Base_Column_List"/>
		from meidian_share_binding
		WHERE 1=1 and user_id=#{userId}
		limit 1
	</select>
    <!--判断是我的下级客户信息-->
	<select id="queryShareBindingByUserIdAndUpUserid" resultMap="mshopShareBinding">
		select
		<include refid="Dto_Column_List"/>
		from meidian_share_binding
		WHERE 1=1 and user_id=#{userId} and up_userid = #{upUserid} and identity=0
	</select>
    <!--查询下一级的邀请店主-->
	<select id="queryInviteList" resultMap="bindingInfo">
		select
		<include refid="Base_Column_List"/>
		from meidian_share_binding
		WHERE up_userid=#{userId} and identity =1
		order BY insert_time DESC
		limit #{pageIndex},#{pageSize}
	</select>

    <!-- 已邀店主数 -->
	<select id="queryMidCount" resultType="integer" parameterType="java.lang.Long">
	select count(distinct(id)) from (SELECT @r AS _id, (SELECT @r := GROUP_CONCAT( user_id ) FROM
		 meidian_share_binding WHERE
		   FIND_IN_SET( up_userid, @r ) ) AS pid, @l := @l + 1 AS lvl
		 FROM  (SELECT @r := #{userId}, @l := 0 ) vars, meidian_share_binding h
		 WHERE @r != 0 ) T1
	JOIN meidian_share_binding T2 ON FIND_IN_SET( T2.user_id, T1._id ) and user_id != #{userId} and identity =1  ORDER BY T1.lvl DESC
	</select>

    <!-- 客户数量 -->
	<select id="queryCustomerCount" resultType="integer" parameterType="java.lang.Long">
	select count(distinct(id)) from (SELECT @r AS _id, (SELECT @r := GROUP_CONCAT( user_id ) FROM
		 meidian_share_binding WHERE
		   FIND_IN_SET( up_userid, @r ) ) AS pid, @l := @l + 1 AS lvl
		 FROM  (SELECT @r := #{userId}, @l := 0 ) vars, meidian_share_binding h
		 WHERE @r != 0 ) T1
	JOIN meidian_share_binding T2 ON FIND_IN_SET( T2.user_id, T1._id ) and user_id != #{userId} and identity = 0 ORDER BY T1.lvl DESC
	</select>


	<select id="queryByParam" resultMap="bindingInfo">
		select
		<include refid="Base_Column_List"/>
		from meidian_share_binding
		WHERE 1=1
		<if test="id != null">and id = #{id}</if>
		<if test="version != null">and version = #{version}</if>
		<if test="userId != null">and user_id = #{userId}</if>
		<if test="mid != null">and mid = #{mid}</if>
		<if test="uniqueId != null">and unique_id = #{uniqueId}</if>
		<if test="upmid != null">and up_mid = #{upmid}</if>
		<if test="upuserId != null">and up_userid = #{upuserId}</if>
		<if test="upuniqueId != null">and up_unique_id = #{upuniqueId}</if>
		<if test="puserId != null">and puser_id = #{puserId}</if>
		<if test="pmid != null">and pmid = #{pmid}</if>
		<if test="puniqueId != null">and punique_id = #{puniqueId}</if>
		<if test="topLeaderMid != null">and top_leader_mid = #{topLeaderMid}</if>
		<if test="topLeaderUserId != null">and top_leader_userid = #{topLeaderUserId}</if>
		<if test="identity != null">and identity = #{identity}</if>
		order by insert_time desc
		limit 1
	</select>

	<select id="queryListByParam" resultMap="bindingInfo">
		select
		<include refid="Base_Column_List"/>
		from meidian_share_binding
		WHERE 1=1
		<if test="id != null">and id = #{id}</if>
		<if test="version != null">and version = #{version}</if>
		<if test="userId != null">and user_id = #{userId}</if>
		<if test="mid != null">and mid = #{mid}</if>
		<if test="uniqueId != null">and unique_id = #{uniqueId}</if>
		<if test="upmid != null">and up_mid = #{upmid}</if>
		<if test="upuserId != null">and up_userid = #{upuserId}</if>
		<if test="upuniqueId != null">and up_unique_id = #{upuniqueId}</if>
		<if test="puserId != null">and puser_id = #{puserId}</if>
		<if test="pmid != null">and pmid = #{pmid}</if>
		<if test="puniqueId != null">and punique_id = #{puniqueId}</if>
		<if test="topLeaderMid != null">and top_leader_mid = #{topLeaderMid}</if>
		<if test="topLeaderUserId != null">and top_leader_userid = #{topLeaderUserId}</if>
		<if test="identity != null">and identity = #{identity}</if>
		<if test="type != null">and type = #{type}</if>
		<if test="authorization != null">and authorization = #{authorization}</if>
		order by insert_time desc
	</select>
	<select id="queryCountByParam" resultType="java.lang.Long">
		select
		count(1)
		from meidian_share_binding
		WHERE 1=1
		<if test="id != null">and id = #{id}</if>
		<if test="version != null">and version = #{version}</if>
		<if test="userId != null">and user_id = #{userId}</if>
		<if test="mid != null">and mid = #{mid}</if>
		<if test="uniqueId != null">and unique_id = #{uniqueId}</if>
		<if test="upmid != null">and up_mid = #{upmid}</if>
		<if test="upuserId != null">and up_userid = #{upuserId}</if>
		<if test="upuniqueId != null">and up_unique_id = #{upuniqueId}</if>
		<if test="puserId != null">and puser_id = #{puserId}</if>
		<if test="pmid != null">and pmid = #{pmid}</if>
		<if test="puniqueId != null">and punique_id = #{puniqueId}</if>
		<if test="topLeaderMid != null">and top_leader_mid = #{topLeaderMid}</if>
		<if test="topLeaderUserId != null">and top_leader_userid = #{topLeaderUserId}</if>
		<if test="identity != null">and identity = #{identity}</if>
		<if test="type != null">and type = #{type}</if>
		<if test="authorization != null">and authorization = #{authorization}</if>
	</select>

	<select id="queryListByParamWithMap" resultMap="mshopShareBinding" parameterType="map">
		select
		<include refid="Dto_Column_List"/>
		from meidian_share_binding
		WHERE 1=1
		<if test="id != null">and id = #{id}</if>
		<if test="version != null">and version = #{version}</if>
		<if test="userId != null">and user_id = #{userId}</if>
		<if test="mid != null">and mid = #{mid}</if>
		<if test="uniqueId != null">and unique_id = #{uniqueId}</if>
		<if test="upMid != null">and up_mid = #{upMid}</if>
		<if test="upUserId != null">and up_userid = #{upUserId}</if>
		<if test="upUniqueId != null">and up_unique_id = #{upUniqueId}</if>
		<if test="pUserId != null">and puser_id = #{pUserId}</if>
		<if test="pMid != null">and pmid = #{pMid}</if>
		<if test="pUniqueId != null">and punique_id = #{pUniqueId}</if>
		<if test="topLeaderMid != null">and top_leader_mid = #{topLeaderMid}</if>
		<if test="topLeaderUserid != null">and top_leader_userid = #{topLeaderUserid}</if>
		<if test="identity != null">and identity = #{identity}</if>
		<if test="type != null">and type = #{type}</if>
		<if test="authorization != null">and authorization = #{authorization}</if>
		order by insert_time desc
	</select>


	<select id="queryListByChains" resultMap="bindingInfo">
		select
		<include refid="Base_Column_List"/>
		from meidian_share_binding
		<where>
			<if test="identity != null">
				and identity = #{identity}
			</if>
			<if test="userId != null">
				<![CDATA[ and user_id <> #{userId} ]]>
			</if>
			<choose>
				<when test="identity != null and identity == 0 and shareChain != null">
					and share_chain like CONCAT(#{shareChain},'%')
				</when>
				<when test="identity != null and identity == 1 and shareChain != null">
					and share_chain like CONCAT(#{shareChain},'-%')
				</when>
				<otherwise>
					1=1
				</otherwise>
			</choose>
			order by insert_time desc
		</where>
	</select>

	<insert id="insertMShopShareBinding" useGeneratedKeys="true" keyProperty="id">
		INSERT INTO meidian_share_binding
		<trim prefix="(" suffix=")" suffixOverrides=",">
			<if test="mid != null">
				mid,
			</if>
			<if test="userId != null">
				user_id,
			</if>
			<if test="uniqueId != null">
				unique_id,
			</if>
			<if test="upmid != null">
				up_mid,
			</if>
			<if test="upuserId != null">
				up_userid,
			</if>
			<if test="upuniqueId != null">
				up_unique_id,
			</if>
			<if test="puserId != null">
				puser_id,
			</if>
			<if test="pmid != null">
				pmid,
			</if>
			<if test="puniqueId != null">
				punique_id,
			</if>
			<if test="businessCode1 != null and businessCode1 != ''">
				business_code1,
			</if>
			<if test="businessCode2 != null and businessCode2 != ''">
				business_code2,
			</if>
			<if test="topLeaderMid != null">
				top_leader_mid,
			</if>
			<if test="topLeaderUserId != null">
				top_leader_userid,
			</if>
			<if test="shareChain != null">
				share_chain,
			</if>
			<if test="authorization != null">
				authorization,
			</if>
			<if test="type != null">
				type,
			</if>
			<if test="identity != null">
				identity,
			</if>
			<if test="insertTime != null">
				insert_time,
			</if>
		</trim>
		<trim prefix="values (" suffix=")" suffixOverrides=",">
			<if test="mid != null">
				#{mid},
			</if>
			<if test="userId != null">
				#{userId},
			</if>
			<if test="uniqueId != null">
				#{uniqueId},
			</if>
			<if test="upmid != null">
				#{upmid},
			</if>
			<if test="upuserId != null">
				#{upuserId},
			</if>
			<if test="upuniqueId != null">
				#{upuniqueId},
			</if>
			<if test="puserId != null">
				#{puserId},
			</if>
			<if test="pmid != null">
				#{pmid},
			</if>
			<if test="puniqueId != null">
				#{puniqueId},
			</if>
			<if test="businessCode1 != null and businessCode1 != ''">
				#{businessCode1},
			</if>
			<if test="businessCode2 != null and businessCode2 != ''">
				#{businessCode2},
			</if>
			<if test="topLeaderMid != null">
				#{topLeaderMid},
			</if>
			<if test="topLeaderUserId != null">
				#{topLeaderUserId},
			</if>
			<if test="shareChain != null">
				#{shareChain},
			</if>
			<if test="authorization != null">
				#{authorization},
			</if>
			<if test="type != null">
				#{type},
			</if>
			<if test="identity != null">
				#{identity},
			</if>
			<if test="insertTime != null">
				#{insertTime},
			</if>
		</trim>
	</insert>

	<update id="updateMshopShareBinding">
		update meidian_share_binding
		<set>
			<if test="upmid != null">
				up_mid = #{upmid},
			</if>
			<if test="upuserId != null">
				up_userid = #{upuserId},
			</if>
			<if test="mid != null">
				mid = #{mid},
			</if>
			<if test="uniqueId != null">
				unique_id = #{uniqueId},
			</if>
			<if test="upmid != null">
				up_mid = #{upmid},
			</if>
			<if test="upuserId != null">
				up_userid = #{upuserId},
			</if>
			<if test="upuniqueId != null">
				up_unique_id = #{upuniqueId},
			</if>
			<if test="puserId != null">
				puser_id = #{puserId},
			</if>
			<if test="pmid != null">
				pmid = #{pmid},
			</if>
			<if test="puniqueId != null">
				punique_id = #{puniqueId},
			</if>
			<if test="businessCode1 != null and businessCode1 != ''">
				business_code1 = #{businessCode1},
			</if>
			<if test="businessCode2 != null and businessCode2 != ''">
				business_code2 = #{businessCode2},
			</if>
			<if test="topLeaderMid != null">
				top_leader_mid = #{topLeaderMid},
			</if>
			<if test="topLeaderUserId != null">
				top_leader_userid = #{topLeaderUserId},
			</if>
			<if test="shareChain != null">
				share_chain = #{shareChain},
			</if>
			<if test="authorization != null">
				authorization = #{authorization},
			</if>
			<if test="type != null">
				type = #{type},
			</if>
			<if test="identity != null">
				identity=#{identity},
			</if>
			version = version + 1,
			update_time = NOW()
		</set>
		WHERE
		1 = 1
		<if test="id != null">and id = #{id}</if>
		<if test="userId != null">and user_id = #{userId}</if>
		<if test="mid != null">and mid = #{mid}</if>
		<if test="uniqueId != null">and unique_id = #{uniqueId}</if>
		<if test="upmid != null">and up_mid = #{upmid}</if>
		<if test="upuserId != null">and up_userid = #{upuserId}</if>
		<if test="upuniqueId != null">and up_unique_id = #{upuniqueId}</if>
		<if test="puserId != null">and puser_id = #{puserId}</if>
		<if test="pmid != null">and pmid = #{pmid}</if>
		<if test="puniqueId != null">and punique_id = #{puniqueId}</if>
		<if test="topLeaderMid != null">and top_leader_mid = #{topLeaderMid}</if>
		<if test="topLeaderUserId != null">and top_leader_userid = #{topLeaderUserId}</if>
		<if test="version != null">and version = #{version}</if>
	</update>

    <update id="updateOnlyMshopShareBinding">
        update meidian_share_binding
        <set>
            <if test="mid != null">
                mid = #{mid},
            </if>
            <if test="uniqueId != null">
                unique_id = #{uniqueId},
            </if>
            <if test="upmid != null">
                up_mid = #{upmid},
            </if>
            <if test="upuserId != null">
                up_userid = #{upuserId},
            </if>
            <if test="upuniqueId != null">
                up_unique_id = #{upuniqueId},
            </if>
            <if test="puserId != null">
                puser_id = #{puserId},
            </if>
            <if test="pmid != null">
                pmid = #{pmid},
            </if>
            <if test="puniqueId != null">
                punique_id = #{puniqueId},
            </if>
            <if test="businessCode1 != null and businessCode1 != ''">
                business_code1 = #{businessCode1},
            </if>
            <if test="businessCode2 != null and businessCode2 != ''">
                business_code2 = #{businessCode2},
            </if>
            <if test="topLeaderMid != null">
                top_leader_mid = #{topLeaderMid},
            </if>
            <if test="topLeaderUserId != null">
                top_leader_userid = #{topLeaderUserId},
            </if>
            <if test="shareChain != null">
                share_chain = #{shareChain},
            </if>
            <if test="authorization != null">
                authorization = #{authorization},
            </if>
            <if test="type != null">
                type = #{type},
            </if>
            <if test="identity != null">
                identity=#{identity},
            </if>
            <if test="insertTime != null">
                insert_time=#{insertTime},
            </if>
            version = version + 1,
            update_time = NOW()
        </set>
        WHERE
        id = #{id}
    </update>

	<update id="spiltRelationByPuserId">
    update meidian_share_binding
    set puser_id=0, pmid=0
    where identity=0 and puser_id=#{userId}
    </update>

	<delete id="removeShareBinding">
   delete from  meidian_share_binding where id=#{id}
   </delete>

    <select id="getAccessAuthority" resultType="java.lang.Integer">
		select count(1) from meidian_share_binding WHERE  user_id = #{userId}  and  authorization = 1
	</select>

    <select id="queryMidCountWithTopLeader" resultType="java.lang.Integer">
		select count(1) from meidian_share_binding WHERE  top_leader_userid = #{userId} and identity =1 and authorization = 1
	</select>

    <select id="queryConsumerCountWithTopLeader" resultType="java.lang.Integer">
		select count(1) from meidian_share_binding WHERE  top_leader_userid = #{userId} and identity =0 and authorization = 1 
	</select>

	<select id="queryByPage" resultMap="bindingInfo">
		select
		<include refid="Base_Column_List"/>
		from meidian_share_binding
		order by insert_time asc
		limit #{pageIndex},#{pageSize}
	</select>

    <select id="getUserAuthList" resultMap="userAuthDto">
        SELECT
        user_id, IFNULL( authorization, 0 ) AS authorization
        FROM
        meidian_share_binding
        WHERE
        user_id IN
        <foreach collection="userIds" item="userId" index="index" open="( " separator=", " close=" )">
            #{userId}
        </foreach>
    </select>

    <select id="selectCountByUserId" resultType="java.lang.Integer">
		SELECT
		count(*)
		FROM
		meidian_share_binding
		WHERE
		user_id = #{userId}
	</select>

    <select id="selectDistinctUpUserId" resultType="com.gome.meidian.user.entity.MeidianReportUserIdentity">
		select a.up_userid as upUserId,a.top_leader_userid as topLeaderUserid,b.identity as identity
		from (select distinct up_userid,top_leader_userid from meidian_share_binding) a
		left join meidian_report_user_identity b
		on a.up_userid = b.user_id
	</select>
</mapper>