<?xml version="1.0" encoding="UTF-8"?>
<!DOCTYPE mapper PUBLIC "-//mybatis.org//DTD Mapper 3.0//EN" "http://mybatis.org/dtd/mybatis-3-mapper.dtd" >  
<mapper namespace="com.gome.meidian.user.mapper.MShopShareMessageMapper">
    <resultMap type="com.gome.meidian.user.entity.MShopShareMessage" id="MShopShareMessage">
    	<result property="id" column="id" />
    	<result property="messageId" column="message_id" />
    	<result property="messageBody" column="message_body" />
    	<result property="topic" column="topic" />
    	<result property="tag" column="tag" />
    	<result property="messageKey" column="message_key" />
    	<result property="insertTime" column="insert_time" />
    	<result property="updateTime" column="update_time" />
    	<result property="repeatTimes" column="repeat_times" />
    	<result property="sendStatus" column="send_status" />
    	<result property="isDelete" column="is_delete" />
    </resultMap>

	<insert id="insertMShopMessage" useGeneratedKeys="true" keyProperty="id">
		INSERT INTO meidian_share_message
		<trim prefix="(" suffix=")" suffixOverrides="," >
			<if test="messageId != null and messageId != ''" >
				message_id,
			</if>
			<if test="messageBody != null and messageBody != ''" >
				message_body,
			</if>
			<if test="topic != null and topic != ''" >
				topic,
			</if>
			<if test="tag != null and tag != ''" >
				tag,
			</if>
			<if test="messageKey != null and messageKey != ''" >
				message_key,
			</if>
			<if test="repeatTimes != null" >
				repeat_times,
			</if>
			<if test="sendStatus != null and sendStatus != ''" >
				send_status
			</if>
			<if test="isDelete != null" >
				is_delete,
			</if>
		</trim>
		<trim prefix="values (" suffix=")" suffixOverrides="," >
			<if test="messageId != null and messageId != ''" >
				#{messageId},
			</if>
			<if test="messageBody != null and messageBody != ''" >
				#{messageBody},
			</if>
			<if test="topic != null and topic != ''" >
				#{topic},
			</if>
			<if test="tag != null and tag != ''" >
				#{tag},
			</if>
			<if test="messageKey != null and messageKey != ''" >
				#{messageKey},
			</if>
			<if test="repeatTimes != null" >
				#{repeatTimes},
			</if>
			<if test="sendStatus != null and sendStatus != ''" >
				#{sendStatus},
			</if>
			<if test="isDelete != null" >
				#{isDelete},
			</if>
		</trim>
	</insert>
    
</mapper>