<?xml version="1.0" encoding="UTF-8"?>
<!DOCTYPE mapper PUBLIC "-//mybatis.org//DTD Mapper 3.0//EN" "http://mybatis.org/dtd/mybatis-3-mapper.dtd" >
<mapper namespace="com.gome.meidian.user.mapper.MShopShareStatisticMapper">
	<resultMap type="com.gome.meidian.user.entity.MshopUserStatistic" id="shareBinding">
		<result property="id" column="id" />
		<result property="userId" column="user_id" />
		<result property="mid" column="mid" />
		<result property="orderNum" column="order_num" />
		<result property="gmv" column="gmv" />
		<result property="fidelityUser" column="fidelity_user" />
		<result property="firstOrder" column="first_order" />
		<result property="insertTime" column="insert_time" />
		<result property="updateTime" column="update_time" />
	</resultMap>
	<insert id="insertMShopShareStatistic" useGeneratedKeys="true" keyProperty="id">
		INSERT INTO meidian_user_statistic
		<trim prefix="(" suffix=")" suffixOverrides="," >
			<if test="userId != null" >
				user_id,
			</if>
			<if test="mid != null" >
				mid,
			</if>
			<if test="orderNum != null" >
				order_num,
			</if>
			<if test="gmv != null" >
				gmv,
			</if>
			<if test="fidelityUser != null" >
				fidelity_user,
			</if>
			<if test="firstOrder != null" >
				first_order,
			</if>
		</trim>
		<trim prefix="values (" suffix=")" suffixOverrides="," >
			<if test="userId != null" >
				#{userId},
			</if>
			<if test="mid != null" >
				#{mid},
			</if>
			<if test="orderNum != null" >
				#{orderNum},
			</if>
			<if test="gmv != null" >
				#{gmv},
			</if>
			<if test="fidelityUser != null" >
				#{fidelityUser},
			</if>
			<if test="firstOrder != null" >
				#{firstOrder},
			</if>
		</trim>
	</insert>

</mapper>