<?xml version="1.0" encoding="UTF-8"?>
<!DOCTYPE mapper PUBLIC "-//mybatis.org//DTD Mapper 3.0//EN" "http://mybatis.org/dtd/mybatis-3-mapper.dtd" >
<mapper namespace="com.gome.meidian.user.mapper.MShopShareRecordMapper">
    <resultMap type="com.gome.meidian.user.entity.MshopShareRecord" id="mshopShareRecord">
        <id column="id" property="id" jdbcType="INTEGER"/>
        <result column="unique_id" property="uniqueId" jdbcType="VARCHAR"/>
        <result column="punique_id" property="puniqueId" jdbcType="VARCHAR"/>
        <result column="user_id" property="userId" jdbcType="BIGINT"/>
        <result column="mid" property="mid" jdbcType="BIGINT"/>
        <result column="puser_id" property="puserId" jdbcType="BIGINT"/>
        <result column="pmid" property="pmid" jdbcType="BIGINT"/>
        <result column="p_type" property="ptype" jdbcType="INTEGER"/>
        <result column="type" property="type" jdbcType="INTEGER"/>
        <result column="up_mid" property="upmid" jdbcType="BIGINT"/>
        <result column="up_user_id" property="upuserId" jdbcType="BIGINT"/>
        <result column="version" property="version" jdbcType="INTEGER"/>
        <result column="update_time" property="updateTime" jdbcType="TIMESTAMP"/>
        <result column="insert_time" property="insertTime" jdbcType="TIMESTAMP"/>
    </resultMap>

    <sql id="Base_Column_List">
    id, unique_id, punique_id, user_id, mid, puser_id, pmid, p_type, type, up_mid, up_user_id,
    version, update_time, insert_time
  </sql>

    <select id="queryUniqueIdListByUpUserId" parameterType="java.lang.Long" resultType="java.lang.String">
		select unique_id from meidian_share_record where up_user_id=#{upUserId} and type=2 limit 0,100
	</select>

    <!--查找我的游客数量-->
    <select id="queryMyVisitorCount"   resultType="java.lang.Integer" parameterType="java.lang.Long">
        select count(1) from
        meidian_wechat_userinfo as w,meidian_share_record as r
        where w.unique_id=r.unique_id and w.type=0 and r.up_user_id=#{userId}  and r.type=2
    </select>

    <select id="queryByParam" resultMap="mshopShareRecord">
        SELECT
        <include refid="Base_Column_List"/>
        FROM
        meidian_share_record
        <where>
            <if test="uniqueId != null and uniqueId != ''">
                and unique_id = #{uniqueId}
            </if>
            <if test="puniqueId != null and puniqueId != ''">
                and punique_id = #{puniqueId}
            </if>
            <if test="userId != null">
                and user_id = #{userId}
            </if>
            <if test="mid != null">
                and mid = #{mid}
            </if>
            <if test="puserId != null">
                and puser_id = #{puserId}
            </if>
            <if test="pmid != null">
                and pmid = #{pmid}
            </if>
            <if test="upmid != null">
                and up_mid = #{upmid}
            </if>
            <if test="upuserId != null">
                and up_user_id = #{upuserId}
            </if>
            <if test="version != null">
                and version = #{version}
            </if>
            <if test="type != null">
                and type = #{type}
            </if>
        </where>
        order by insert_time desc
        limit 1
    </select>

    <select id="queryByUniqueIdOrUserId" resultMap="mshopShareRecord">
        SELECT
        <include refid="Base_Column_List"/>
        FROM
        meidian_share_record
        WHERE
        1=1
        and
        <if test="uniqueId != null and uniqueId != '' and userId != null ">
            (unique_id = #{uniqueId} or user_id = #{userId})
        </if>
        <if test="uniqueId != null and uniqueId != '' and userId == null">
            unique_id = #{uniqueId}
        </if>
        <if test="uniqueId == null or uniqueId == '' and userId != null">
            user_id = #{userId}
        </if>
        order by insert_time desc
        limit 1
    </select>

    <select id="queryByUniqueIdAndPuserId" resultMap="mshopShareRecord">
        SELECT
        <include refid="Base_Column_List"/>
        FROM
        meidian_share_record
        WHERE
        unique_id = #{uniqueId}
        and puser_id = #{puserId}
    </select>

    <select id="queryByUniqueIdAndPuniqueId" resultMap="mshopShareRecord">
        SELECT
        <include refid="Base_Column_List"/>
        FROM
        meidian_share_record
        <where>
            <if test="uniqueId != null and uniqueId != ''">
                and unique_id = #{uniqueId}
            </if>
            <if test="puniqueId != null">
                and punique_id = #{puniqueId}
            </if>
        </where>
    </select>

    <select id="queryListByParam" resultMap="mshopShareRecord">
        SELECT
        <include refid="Base_Column_List"/>
        FROM
        meidian_share_record
        <where>
            <if test="uniqueId != null and uniqueId != ''">
                and unique_id = #{uniqueId}
            </if>
            <if test="puniqueId != null and puniqueId != ''">
                and punique_id = #{puniqueId}
            </if>
            <if test="userId != null">
                and user_id = #{userId}
            </if>
            <if test="mid != null">
                and mid = #{mid}
            </if>
            <if test="puserId != null">
                and puser_id = #{puserId}
            </if>
            <if test="pmid != null">
                and pmid = #{pmid}
            </if>
            <if test="upmid != null">
                and up_mid = #{upmid}
            </if>
            <if test="upuserId != null">
                and up_user_id = #{upuserId}
            </if>
            <if test="version != null">
                and version = #{version}
            </if>
            <if test="type != null">
                and type = #{type}
            </if>
        </where>
        order by insert_time desc
    </select>

    <insert id="insertMShopShareRecord" useGeneratedKeys="true" keyProperty="id">
        INSERT INTO meidian_share_record
        <trim prefix="(" suffix=")" suffixOverrides=",">
            <if test="uniqueId != null">
                unique_id,
            </if>
            <if test="puniqueId != null">
                punique_id,
            </if>
            <if test="userId != null">
                user_id,
            </if>
            <if test="mid != null">
                mid,
            </if>
            <if test="puserId != null">
                puser_id,
            </if>
            <if test="pmid != null">
                pmid,
            </if>
            <if test="ptype != null">
                p_type,
            </if>
            <if test="type != null">
                type,
            </if>
            <if test="insertTime != null">
                insert_time,
            </if>
            <if test="updateTime != null">
                update_time,
            </if>
            <if test="upmid != null">
                up_mid,
            </if>
            <if test="upuserId != null">
                up_user_id,
            </if>
        </trim>
        <trim prefix="values (" suffix=")" suffixOverrides=",">
            <if test="uniqueId != null">
                #{uniqueId},
            </if>
            <if test="puniqueId != null">
                #{puniqueId},
            </if>
            <if test="userId != null">
                #{userId},
            </if>
            <if test="mid != null">
                #{mid},
            </if>
            <if test="puserId != null">
                #{puserId},
            </if>
            <if test="pmid != null">
                #{pmid},
            </if>
            <if test="ptype != null">
                #{ptype},
            </if>
            <if test="type != null">
                #{type},
            </if>
            <if test="insertTime != null">
                #{insertTime},
            </if>
            <if test="updateTime != null">
                #{updateTime},
            </if>
            <if test="upmid != null">
                #{upmid},
            </if>
            <if test="upuserId != null">
                #{upuserId},
            </if>
        </trim>
    </insert>

    <update id="updateMShopShareRecord">
        update meidian_share_record
        <set>
            <if test="type != null">
                type = #{type},
            </if>
            <if test="userId != null">
                user_id = #{userId},
            </if>
            version = version + 1,
            update_time = NOW()
        </set>
        <where>
            <if test="id != null">and id = #{id}</if>
            <!--<if test="puniqueId != null"> and punique_id = #{puniqueId} </if>-->
            <if test="puserId != null">and puser_id = #{puserId}</if>
            <if test="uniqueId != null">and unique_id = #{uniqueId}</if>
        </where>
    </update>

    <update id="updateMShopShareRecordById">
        update meidian_share_record
        <set>
            <if test="userId != null">
                user_id = #{userId},
            </if>
            <if test="uniqueId != null">
                unique_id = #{uniqueId},
            </if>
            <if test="puserId != null">
                puser_id = #{puserId},
            </if>
            <if test="puniqueId != null">
                punique_id = #{puniqueId},
            </if>
            version = version + 1,
            update_time = NOW()
        </set>
        <where>
            <if test="id != null">and id = #{id}</if>
        </where>
    </update>

    <update id="updateMShopShareRecordType">
        update meidian_share_record
        <set>
            type = #{type},
            version = version + 1,
            update_time = NOW()
        </set>
        WHERE
        user_id=#{userId}
        and type=2
    </update>

    <select id="queryCountByBiz" parameterType="com.gome.meidian.user.entity.MshopShareRecord"
            resultType="java.lang.Integer">
        SELECT
        count(1)
        FROM
        meidian_share_record
        <where>
            <if test="uniqueId != null">
                and unique_id = #{uniqueId}
            </if>
            <if test="userId != null">
                and user_id = #{userId}
            </if>
            <if test="puniqueId != null">
                and punique_id = #{puniqueId}
            </if>
            <if test="puserId != null">
                and puser_id = #{puserId}
            </if>
            <if test="upuserId != null">
                and up_user_id = #{upuserId}
            </if>
            <if test="type != null">
                and type = #{type}
            </if>
        </where>
    </select>
</mapper>