<?xml version="1.0" encoding="UTF-8"?>
<!DOCTYPE mapper PUBLIC "-//mybatis.org//DTD Mapper 3.0//EN" "http://mybatis.org/dtd/mybatis-3-mapper.dtd" >
<mapper namespace="com.gome.meidian.user.mapper.MShopShareChangeBindingMapper">

	<resultMap type="com.gome.meidian.user.entity.MshopShareChangeBinding" id="bindingInfo">
		<result property="id" column="id" />
		<result property="userId" column="user_id" />
		<result property="upuserId" column="upuser_id" />
		<result property="lastUpuserId" column="last_upuser_id" />
		<result property="shareChain" column="share_chain" />
		<result property="lastShareChain" column="last_share_chain" />
		<result property="createTime" column="create_time" />
		<result property="type" column="type" />
		<result property="topLeaderUserId" column="top_leader_userId" />
		<result property="lastTopLeaderUserId" column="last_top_leader_userId" />
	</resultMap>
	<sql id="columns_all" >
		`id`,`user_id`,`upuser_id`,`last_upuser_id`,
		`share_chain`,`last_share_chain`,`create_time`,`type`,
		`top_leader_userId`,`last_top_leader_userId`
	</sql>


	<!--查找新客、首单、忠粉个数-->
	<select id="queryChangeCount"  resultType="java.lang.Integer">
		select
			count(1) as count
			from meidian_share_change_binding WHERE user_id=#{userId} 
			and type=0
	</select>

	<select id="queryChangeListByParam" parameterType="com.gome.meidian.user.entity.MshopShareChangeBinding"
			resultMap="bindingInfo">
		select
		<include refid="columns_all"/>
		from meidian_share_change_binding
		where 1 = 1
		<if test="id != null"> and id = #{id} </if>
		<if test="userId != null"> and user_id=#{userId}</if>
		<if test="upuserId != null"> and upuser_id=#{upuserId}</if>
		<if test="lastUpuserId != null"> and last_upuser_id=#{lastUpuserId}</if>
		<if test="createTime != null"> and create_time=#{createTime}</if>
		<if test="topLeaderUserId != null"> and top_leader_userId=#{topLeaderUserId}</if>
		<if test="lastTopLeaderUserId != null"> and last_top_leader_userId=#{lastTopLeaderUserId}</if>
	</select>
	<insert id="addRecord" useGeneratedKeys="true" keyProperty="id">
		INSERT INTO meidian_share_change_binding
		<trim prefix="(" suffix=")" suffixOverrides="," >
			<if test="userId != null" >
				user_id,
			</if>
			<if test="upuserId != null" >
				upuser_id,
			</if>
			<if test="lastUpuserId!= null" >
				last_upuser_id,
			</if>
			<if test="shareChain != null" >
				share_chain,
			</if>
			<if test="lastShareChain != null" >
				last_share_chain,
			</if>
			<if test="createTime != null" >
				create_time,
			</if>
			<if test="type != null" >
				type,
			</if>
			<if test="topLeaderUserId != null" >
				top_leader_userId,
			</if>
			<if test="lastTopLeaderUserId != null" >
				last_top_leader_userId,
			</if>
		</trim>
		<trim prefix="values (" suffix=")" suffixOverrides="," >
			<if test="userId != null" >
				#{userId},
			</if>
			<if test="upuserId != null" >
				#{upuserId},
			</if>
			<if test="lastUpuserId!= null" >
				#{lastUpuserId},
			</if>
			<if test="shareChain != null" >
				#{shareChain},
			</if>
			<if test="lastShareChain != null" >
				#{lastShareChain},
			</if>
			<if test="type != null" >
				#{type},
			</if>
			<if test="createTime != null" >
				#{createTime},
			</if>
			<if test="topLeaderUserId != null" >
				#{topLeaderUserId},
			</if>
			<if test="lastTopLeaderUserId != null" >
				#{lastTopLeaderUserId},
			</if>
		</trim>
	</insert>
</mapper>