<?xml version="1.0" encoding="UTF-8"?>
<!DOCTYPE mapper PUBLIC "-//mybatis.org//DTD Mapper 3.0//EN" "http://mybatis.org/dtd/mybatis-3-mapper.dtd" >  
<mapper namespace="com.gome.meidian.user.mapper.MShopWeChatMapper">
   <!-- <resultMap type="com.gome.meidian.user.dto.MShopWeChatInfo" id="weChatInfo">
    	<result property="id" column="id" />
    	<result property="uniqueId" column="unique_id" />
    	<result property="phoneMobile" column="phone_mobile" />
    	<result property="insertTime" column="insert_time" />
    	<result property="updateTime" column="update_time" />
    	<result property="image" column="image" />
    	<result property="nickname" column="nickname" />
    </resultMap>-->
	<resultMap type="com.gome.meidian.user.entity.MshopWechatUserInfo" id="mshopWechatUserInfo">
		<result property="id" column="id" />
		<result property="uniqueId" column="unique_id" />
		<result property="phoneMobile" column="phone_mobile" />
		<result property="userId" column="user_id" />
		<result property="mid" column="mid" />
		<result property="insertTime" column="insert_time" />
		<result property="updateTime" column="update_time" />
		<result property="image" column="image" />
		<result property="originalImage" column="original_image" />
		<result property="nickname" column="nickname" />
		<result property="wechatNum" column="wechat_num" />
		<result property="qrCode" column="qrcode" />
		<result property="version" column="version" />
		<result property="type" column="type" />
		<result property="browsLatestDate" column="browsLatestDate" />
	</resultMap>
    	<!--查找微信信息通过userId-->
    <select id="queryWeChatInfoByUserId"  resultMap="mshopWechatUserInfo" parameterType="java.util.List">
		select
			id,unique_id,user_id,phone_mobile,mid,image,nickname,
			DATE_FORMAT(insert_time,'%Y-%m-%d %T') as insert_time,
			DATE_FORMAT(update_time,'%Y-%m-%d %T') as update_time
			from meidian_wechat_userinfo
			where
			user_id in
		<foreach collection="userIdList" item="userId" open="(" separator="," close=")">
			   #{userId}
		</foreach>
	</select>

	<!--查找微信信息集合-->
    <select id="queryWeChatInfoListByUniqueIdList"  resultMap="mshopWechatUserInfo" parameterType="java.util.List">
		select
			id,unique_id,user_id,phone_mobile,mid,image,nickname,
			DATE_FORMAT(insert_time,'%Y-%m-%d %T') as insert_time,
			DATE_FORMAT(update_time,'%Y-%m-%d %T') as update_time
			from meidian_wechat_userinfo
			where type=0 and
		unique_id in
		<foreach collection="uniqueIdList" separator="," item="uniqueId" close=")" open="(">
			#{uniqueId}
		</foreach>
	</select>

	<select id="queryWeChatInfoByUniqueId"  resultMap="mshopWechatUserInfo" parameterType="java.lang.String">
		select
			id,unique_id,user_id,phone_mobile,mid,image,nickname,type,
			DATE_FORMAT(insert_time,'%Y-%m-%d %T') as insert_time,
			DATE_FORMAT(update_time,'%Y-%m-%d %T') as update_time
			from meidian_wechat_userinfo
			where
		unique_id =#{uniqueId} and type=0
	</select>
	<!--查询我的下级游客的微信信息，通过微信昵称-->
	<select id="queryMyNextWeChatInfoByNickName" resultMap="mshopWechatUserInfo" >
		select w.*,
		DATE_FORMAT(r.update_time,'%Y-%m-%d %T') as browsLatestDate from
		meidian_wechat_userinfo as w,meidian_share_record as r
		where w.unique_id=r.unique_id
		and w.nickname= #{nickName}
		and w.type=0 and r.up_user_id=#{myUserId}  and r.type=2
	</select>
	<!--查询我的下级游客的微信信息，通过自己的userId-->
	<select id="queryMyNextWeChatInfoByUserIdWithPage" resultMap="mshopWechatUserInfo" >
		select w.*,
		DATE_FORMAT(r.update_time,'%Y-%m-%d %T') as browsLatestDate from
		meidian_wechat_userinfo as w,meidian_share_record as r
		where w.unique_id=r.unique_id and w.type=0 and r.up_user_id=#{myUserId}  and r.type=2
		ORDER BY browsLatestDate DESC
		limit #{pageIndex} ,#{pageSize}
	</select>
	<!--查询我的自己的二维码信息，联合绑定表-->
	<select id="queryMyWeChatInfoByUserId" resultMap="mshopWechatUserInfo" >
		select w.*
		from meidian_wechat_userinfo as w ,meidian_share_binding as d
		where w.user_id=d.user_id and w.type=1 and d.user_id=#{upUserId}
	</select>

	<select id="queryWechatInfoByParam" resultMap="mshopWechatUserInfo" >
		SELECT
		*
		FROM
		meidian_wechat_userinfo
		WHERE
		1=1
		<if test="uniqueId != null and uniqueId != ''">
			and unique_id = #{uniqueId}
		</if>
		<if test="userId != null">
			and user_id = #{userId}
		</if>
		<if test="type != null">
			and type = #{type}
		</if>
	</select>

	<insert id="insertMShopWechatInfo" useGeneratedKeys="true" keyProperty="id">
		INSERT INTO meidian_wechat_userinfo
		<trim prefix="(" suffix=")" suffixOverrides="," >
			<if test="uniqueId != null and uniqueId != ''" >
				unique_id,
			</if>
			<if test="phoneMobile != null" >
				phone_mobile,
			</if>
			<if test="userId != null" >
				user_id,
			</if>
			<if test="mid != null" >
				mid,
			</if>
			<if test="image != null and image != ''" >
				image,
			</if>
			<if test="originalImage != null and originalImage != ''" >
				original_image,
			</if>
			<if test="nickname != null and nickname != ''" >
				nickname,
			</if>
			<if test="wechatNum != null" >
				wechat_num,
			</if>
			<if test="qrCode != null and qrCode != ''" >
				qrcode,
			</if>
			<if test="type != null" >
				type,
			</if>
			<if test="insertTime != null" >
				insert_time,
			</if>
		</trim>
		<trim prefix="values (" suffix=")" suffixOverrides="," >
			<if test="uniqueId != null and uniqueId != ''" >
				#{uniqueId},
			</if>
			<if test="phoneMobile != null" >
				#{phoneMobile},
			</if>
			<if test="userId != null" >
				#{userId},
			</if>
			<if test="mid != null" >
				#{mid},
			</if>
			<if test="image != null and image != ''" >
				#{image},
			</if>
			<if test="originalImage != null and originalImage != ''" >
				#{originalImage},
			</if>
			<if test="nickname != null and nickname != ''" >
				'${@com.vdurmont.emoji.EmojiParser@parseToAliases(nickname)}',
			</if>
			<if test="wechatNum != null" >
				#{wechatNum},
			</if>
			<if test="qrCode != null and qrCode != ''" >
				#{qrCode},
			</if>
			<if test="type != null" >
				#{type},
			</if>
			<if test="insertTime != null" >
				#{insertTime},
			</if>
		</trim>
	</insert>
	<update id="updateWechatUserInfo">
		update meidian_wechat_userinfo
		<set>
			<if test="uniqueId != null and uniqueId != ''" >
				unique_id = #{uniqueId},
			</if>
			<if test="phoneMobile != null" >
				phone_mobile = #{phoneMobile},
			</if>
			<if test="userId != null" >
				user_id = #{userId},
			</if>
			<if test="mid != null" >
				mid = #{mid},
			</if>
			<if test="image != null and image != ''" >
				image = #{image},
			</if>
			<if test="nickname != null and nickname != ''" >
				nickname = #{nickname},
			</if>
			<if test="wechatNum != null and wechatNum != ''" >
				wechat_num = #{wechatNum},
			</if>
			<if test="qrCode != null and qrCode != ''" >
				qrcode = #{qrCode},
			</if>
			<if test="type != null" >
				type = #{type},
			</if>
			version = version + 1,
			update_time = NOW()
		</set>
		WHERE
		type = 1
		<if test="userId != null">
			and user_id = #{userId}
		</if>
	</update>
	<update id="updateByUniqueId">
		update meidian_wechat_userinfo
		<set>
			<if test="uniqueId != null and uniqueId != ''" >
				unique_id = #{uniqueId},
			</if>
			<if test="phoneMobile != null" >
				phone_mobile = #{phoneMobile},
			</if>
			<if test="userId != null" >
				user_id = #{userId},
			</if>
			<if test="mid != null" >
				mid = #{mid},
			</if>
			<if test="image != null and image != ''" >
				image = #{image},
			</if>
			<if test="originalImage != null and originalImage != ''" >
				original_image = #{originalImage},
			</if>
			<if test="nickname != null and nickname != ''" >
				nickname = '${@com.vdurmont.emoji.EmojiParser@parseToAliases(nickname)}',
			</if>
			<if test="wechatNum != null and wechatNum != ''" >
				wechat_num = #{wechatNum},
			</if>
			<if test="qrCode != null and qrCode != ''" >
				qrcode = #{qrCode},
			</if>
			<if test="type != null" >
				type = #{type},
			</if>
			version = version + 1,
			update_time = NOW()
		</set>
		WHERE
		1=1
		<if test="uniqueId != null and uniqueId != ''">
			and unique_id = #{uniqueId}
		</if>
		and type = 0
	</update>
</mapper>