<?xml version="1.0" encoding="UTF-8"?>
<!DOCTYPE mapper PUBLIC "-//mybatis.org//DTD Mapper 3.0//EN" "http://mybatis.org/dtd/mybatis-3-mapper.dtd" >  
<mapper namespace="com.gome.meidian.user.mapper.RoleMapper">
    <resultMap type="com.gome.meidian.user.entity.Role" id="role">
    	<result property="id" column="id" />
    	<result property="roleName" column="role_name" />
    	<result property="utime" column="utime" />
    	<result property="ctime" column="ctime" />
    </resultMap>

	<insert id="add" keyProperty="id" useGeneratedKeys="true">
		INSERT INTO role (
			role_name,
			utime,
			ctime
		)
		VALUES
			(
				#{roleName},   
				#{utime}, 
				#{ctime}
			)
	</insert>
    
    <delete id="deleteById">
		DELETE
		FROM
			role
		WHERE
			id = #{id}    
    </delete>
    
    <update id="update">
		UPDATE role
		SET 
		<if test="roleName != null">
		    role_name = #{roleName},
		</if>
		    utime = #{utime}
		WHERE
			id = #{id}    
    </update>
    	
    <select id="findAll">
		SELECT
			*
		FROM
			role     	
    </select>
    
</mapper>