<?xml version="1.0" encoding="UTF-8" ?>
<!DOCTYPE mapper PUBLIC "-//mybatis.org//DTD Mapper 3.0//EN" "http://mybatis.org/dtd/mybatis-3-mapper.dtd" >
<mapper namespace="com.gome.meidian.user.mapper.UserRightsRecordMapper">
    <resultMap id="BaseResultMap" type="com.gome.meidian.user.entity.UserRightsRecord">
        <id column="id" property="id" jdbcType="BIGINT"/>
        <result column="user_id" property="userId" jdbcType="BIGINT"/>
        <result column="type" property="type" jdbcType="INTEGER"/>
        <result column="scene" property="scene" jdbcType="INTEGER"/>
        <result column="cost" property="cost" jdbcType="INTEGER"/>
        <result column="value" property="value" jdbcType="INTEGER"/>
        <result column="tx_id" property="txId" jdbcType="VARCHAR"/>
        <result column="state" property="state" jdbcType="INTEGER"/>
        <result column="insert_time" property="insertTime" jdbcType="TIMESTAMP"/>
        <result column="update_time" property="updateTime" jdbcType="TIMESTAMP"/>
    </resultMap>

    <sql id="Base_Column_List">
    id, user_id, type, scene, cost, value, tx_id, state, insert_time, update_time
  </sql>

    <select id="selectByBiz" resultMap="BaseResultMap" parameterType="java.lang.Long">
        select
        <include refid="Base_Column_List"/>
        from user_rights_record
        where user_id = #{userId,jdbcType=BIGINT} and type = #{type,jdbcType=INTEGER}
    </select>

    <delete id="delete" >
    delete from user_rights_record where user_id = #{userId,jdbcType=BIGINT} and type = #{type,jdbcType=INTEGER}
  </delete>

    <insert id="insert" parameterType="com.gome.meidian.user.entity.UserRightsRecord">
        insert into user_rights_record
        <trim prefix="(" suffix=")" suffixOverrides=",">
            <if test="id != null">
                id,
            </if>
            <if test="userId != null">
                user_id,
            </if>
            <if test="type != null">
                type,
            </if>
            <if test="scene != null">
                scene,
            </if>
            <if test="cost != null">
                cost,
            </if>
            <if test="value != null">
                value,
            </if>
            <if test="txId != null">
                tx_id,
            </if>
            <if test="state != null">
                state,
            </if>
            <if test="insertTime != null">
                insert_time,
            </if>
            <if test="updateTime != null">
                update_time,
            </if>
        </trim>
        <trim prefix="values (" suffix=")" suffixOverrides=",">
            <if test="id != null">
                #{id,jdbcType=BIGINT},
            </if>
            <if test="userId != null">
                #{userId,jdbcType=BIGINT},
            </if>
            <if test="type != null">
                #{type,jdbcType=INTEGER},
            </if>
            <if test="scene != null">
                #{scene,jdbcType=INTEGER},
            </if>
            <if test="cost != null">
                #{cost,jdbcType=INTEGER},
            </if>
            <if test="value != null">
                #{value,jdbcType=INTEGER},
            </if>
            <if test="txId != null">
                #{txId,jdbcType=VARCHAR},
            </if>
            <if test="state != null">
                #{state,jdbcType=INTEGER},
            </if>
            <if test="insertTime != null">
                #{insertTime,jdbcType=TIMESTAMP},
            </if>
            <if test="updateTime != null">
                #{updateTime,jdbcType=TIMESTAMP},
            </if>
        </trim>
    </insert>
    <update id="update" parameterType="com.gome.meidian.user.entity.UserRightsRecord">
        update user_rights_record
        <set>
            <if test="cost != null">
                cost = #{cost,jdbcType=INTEGER},
            </if>
            <if test="value != null">
                value = #{value,jdbcType=INTEGER},
            </if>
            <if test="state != null">
                state = #{state,jdbcType=INTEGER},
            </if>
            <if test="insertTime != null">
                insert_time = #{insertTime,jdbcType=TIMESTAMP},
            </if>
            <if test="updateTime != null">
                update_time = #{updateTime,jdbcType=TIMESTAMP},
            </if>
        </set>
        <where>
            <if test="id != null">
                AND id = #{id,jdbcType=BIGINT}
            </if>
            <if test="userId != null">
                AND user_id = #{userId,jdbcType=BIGINT}
            </if>
            <if test="type != null">
                AND type = #{type,jdbcType=INTEGER}
            </if>
            <if test="scene != null">
                AND scene = #{scene,jdbcType=INTEGER}
            </if>
            <if test="txId != null">
                AND tx_id = #{txId,jdbcType=VARCHAR}
            </if>
        </where>
    </update>
</mapper>