<?xml version="1.0" encoding="UTF-8"?>
<!DOCTYPE mapper PUBLIC "-//mybatis.org//DTD Mapper 3.0//EN" "http://mybatis.org/dtd/mybatis-3-mapper.dtd" >  
<mapper namespace="com.gome.meidian.user.mapper.UserInfoMapper">
    <resultMap type="com.gome.meidian.user.entity.UserInfo" id="userInfo">
    	<result property="id" column="id" />
    	<result property="userId" column="user_id" />
    	<result property="mid" column="mid" />
    	<result property="employeeType" column="employee_type" />
    	<result property="registerTime" column="register_time" />
    	<result property="registerIp" column="register_ip" />
    	<result property="createType" column="create_type" />
    	<result property="refrenceType" column="refrence_type" />
    	<result property="userType" column="user_type" />
    	<result property="parentInviteUserId" column="parent_invite_userId" />
    	<result property="addType" column="add_type" />
    	<result property="utime" column="utime" />
    	<result property="ctime" column="ctime" />
    </resultMap>

	<insert id="add" keyProperty="id" useGeneratedKeys="true">
		INSERT INTO user_info (
			user_id,
			mid,
			employee_type,
			register_time,
			register_ip,
			create_type,
			refrence_type,
			user_type,
			parent_invite_userId,
			add_type,
			utime,
			ctime
		)
		VALUES
			(
				#{userId}, 
				#{mid}, 
				#{employeeType}, 
				#{registerTime}, 
				#{registerIp}, 
				#{createType}, 
				#{refrenceType}, 
				#{userType}, 
				#{parentInviteUserId}, 
				#{addType}, 
				#{utime}, 
				#{ctime}
			)
	</insert>
    
    <delete id="deleteById">
		DELETE
		FROM
			user_info
		WHERE
			user_id = #{userId}    
    </delete>
    
    <update id="update">
		UPDATE user_info
		SET 
		    <if test="mid != null">
		    	mid = #{mid},
		    </if>
		    <if test="employeeType != null">
		    	employee_type = #{employeeType},
		    </if>
		    utime = #{utime}
		WHERE
			user_id = #{userId}    
    </update>
    
    <select id="findByUserId" resultMap="userInfo">
		SELECT
			*
		FROM
			user_info
		WHERE
			user_id = #{userId}    	
    </select>



	<select id="findByQuery" resultMap="userInfo">
		SELECT
		*
		FROM
		user_info
		ORDER BY id DESC
	</select>


	<select id="findCountUserInfo" parameterType="String" resultType="Integer">
		select count(id) from  user_info
	</select>

</mapper>