<?xml version="1.0" encoding="UTF-8"?>
<!DOCTYPE mapper PUBLIC "-//mybatis.org//DTD Mapper 3.0//EN" "http://mybatis.org/dtd/mybatis-3-mapper.dtd" >  
<mapper namespace="com.gome.meidian.user.mapper.UserRelationMapper">
    <resultMap type="com.gome.meidian.user.entity.UserRelation" id="userRelation">
    	<result property="id" column="id" />
    	<result property="userId" column="user_id" />
    	<result property="unionId" column="union_id" />
    	<result property="openId" column="open_id" />
    	<result property="utime" column="utime" />
    	<result property="ctime" column="ctime" />
    </resultMap>

	<insert id="add" keyProperty="id" useGeneratedKeys="true">
		INSERT INTO user_relation (
			user_id,
			union_id,
			open_id,
			utime,
			ctime
		)
		VALUES
			(
				#{userId}, 
				#{unionId}, 
				#{openId},  
				#{utime}, 
				#{ctime}
			)
	</insert>
    
    <delete id="deleteById">
		DELETE
		FROM
			user_relation
		WHERE
			id = #{id}    
    </delete>
    
    <update id="update">
		UPDATE user_relation
		SET 
		<if test="unionId != null">
		    union_id = #{unionId},
		</if>
		<if test="openId != null">
		    open_id = #{openId},
		</if>
		<if test="userId != null">
			user_id = #{userId},
		</if>
		    utime = #{utime}
		WHERE
			id = #{id}    
    </update>
    
    <select id="findListByUserId" resultMap="userRelation">
		SELECT
			*
		FROM
			user_relation
		WHERE
			user_id = #{userId}    	
    </select>


	<select id="findListByOpenId" resultMap="userRelation">
		SELECT
		*
		FROM
		user_relation
		WHERE
		open_id = #{openId}
	</select>


	<select id="findById" resultMap="userRelation">
		SELECT
			*
		FROM
			user_relation
		WHERE
			id = #{id}    	
    </select>
    	
</mapper>