<?xml version="1.0" encoding="UTF-8"?>
<!DOCTYPE mapper PUBLIC "-//mybatis.org//DTD Mapper 3.0//EN" "http://mybatis.org/dtd/mybatis-3-mapper.dtd" >  
<mapper namespace="com.gome.meidian.user.mapper.UserRoleMapper">
    <resultMap type="com.gome.meidian.user.entity.UserRole" id="userRole">
    	<result property="id" column="id" />
    	<result property="userId" column="user_id" />
		<result property="roleId" column="role_id" />
    	<result property="utime" column="utime" />
    	<result property="ctime" column="ctime" />
    </resultMap>

	<insert id="add" keyProperty="id" useGeneratedKeys="true">
		INSERT INTO user_role (
			user_id,
			role_id,
			utime,
			ctime
		)
		VALUES
			(
				#{userId}, 
				#{roleId}, 
				#{utime}, 
				#{ctime}
			)
	</insert>
    
    <delete id="deleteById">
		DELETE
		FROM
			user_role
		WHERE
			id = #{id}    
    </delete>
    
    <update id="update">
		UPDATE user_role
		SET 
		    role_id = #{roleId},
		    utime = #{utime}
		WHERE
			id = #{id}    
    </update>
    
    <select id="findByUserId" resultMap="userRole">
		SELECT
			*
		FROM
			user_role
		WHERE
			user_id = #{userId}    	
    </select>
    
</mapper>