<?xml version="1.0" encoding="UTF-8"?>
<!DOCTYPE mapper PUBLIC "-//mybatis.org//DTD Mapper 3.0//EN" "http://mybatis.org/dtd/mybatis-3-mapper.dtd" >  
<mapper namespace="com.gome.meidian.user.mapper.UserGomeInfoMapper">
    <resultMap type="com.gome.meidian.user.entity.UserGomeInfo" id="userGomeInfo">
    	<result property="id" column="id" />
    	<result property="userId" column="user_id" />
    	<result property="registerTime" column="register_time" />
    	<result property="utime" column="utime" />
    	<result property="ctime" column="ctime" />
    </resultMap>

    <sql id="column"> 
            id,
            user_id,
			register_time,
			utime,
			ctime 
	</sql>

	<insert id="add" keyProperty="id" useGeneratedKeys="true">
		INSERT INTO user_gome_info (
			user_id,
			register_time,
			utime,
			ctime
		)
		VALUES
			(
				#{userId}, 
				#{registerTime}, 
				#{utime}, 
				#{ctime}
			)
	</insert>
    

    
 
 
     <select id="findByUserId" resultMap="userGomeInfo">
		SELECT
			<include refid="column"/>
		FROM
			user_gome_info
		WHERE
			user_id = #{userId}    	
    </select>

 

</mapper>