<?xml version="1.0" encoding="UTF-8" ?>
<!DOCTYPE mapper PUBLIC "-//mybatis.org//DTD Mapper 3.0//EN" "http://mybatis.org/dtd/mybatis-3-mapper.dtd" >
<mapper namespace="com.gome.meidian.user.mapper.UserRightsMapper">

    <resultMap id="BaseResultMap" type="com.gome.meidian.user.entity.UserRights">
        <id column="user_id" property="userId" jdbcType="BIGINT"/>
        <result column="type" property="type" jdbcType="INTEGER"/>
        <result column="reward_open_count" property="rewardOpenCount" jdbcType="INTEGER"/>
        <result column="reward_join_count" property="rewardJoinCount" jdbcType="INTEGER"/>
        <result column="already_open_count" property="alreadyOpenCount" jdbcType="INTEGER"/>
        <result column="already_join_count" property="alreadyJoinCount" jdbcType="INTEGER"/>
    </resultMap>

    <sql id="Base_Column_List">
    user_id, type, reward_open_count, reward_join_count, already_open_count, already_join_count
  </sql>

    <select id="selectByBiz" resultMap="BaseResultMap">
        select
        <include refid="Base_Column_List"/>
        from user_rights
        where user_id = #{userId,jdbcType=BIGINT} and type = #{type,jdbcType=INTEGER}
    </select>

    <select id="selectPageByBiz" resultMap="BaseResultMap">
        select
        <include refid="Base_Column_List"/>
        from user_rights
        <where>
            <if test="type != null">
                AND type = #{type,jdbcType=INTEGER}
            </if>
        </where>
        ORDER BY insert_time asc
        LIMIT ${page.offset},${page.numPerPage};
    </select>

    <select id="selectCountByBiz" resultType="java.lang.Integer">
        select
        COUNT(1)
        from user_rights
        <where>
            <if test="type != null">
                AND type = #{type,jdbcType=INTEGER}
            </if>
        </where>
    </select>
    <delete id="delete" >
    delete from user_rights  where user_id = #{userId,jdbcType=BIGINT} and type = #{type,jdbcType=INTEGER}
  </delete>

    <insert id="insert" parameterType="com.gome.meidian.user.entity.UserRights">
        insert into user_rights
        <trim prefix="(" suffix=")" suffixOverrides=",">
            <if test="userId != null">
                user_id,
            </if>
            <if test="type != null">
                type,
            </if>
            <if test="rewardOpenCount != null">
                reward_open_count,
            </if>
            <if test="rewardJoinCount != null">
                reward_join_count,
            </if>
            <if test="alreadyOpenCount != null">
                already_open_count,
            </if>
            <if test="alreadyJoinCount != null">
                already_join_count,
            </if>
        </trim>
        <trim prefix="values (" suffix=")" suffixOverrides=",">
            <if test="userId != null">
                #{userId,jdbcType=BIGINT},
            </if>
            <if test="type != null">
                #{type,jdbcType=INTEGER},
            </if>
            <if test="rewardOpenCount != null">
                #{rewardOpenCount,jdbcType=INTEGER},
            </if>
            <if test="rewardJoinCount != null">
                #{rewardJoinCount,jdbcType=INTEGER},
            </if>
            <if test="alreadyOpenCount != null">
                #{alreadyOpenCount,jdbcType=INTEGER},
            </if>
            <if test="alreadyJoinCount != null">
                #{alreadyJoinCount,jdbcType=INTEGER},
            </if>
        </trim>
    </insert>

    <insert id="save" parameterType="com.gome.meidian.user.entity.UserRights">
        insert into user_rights
        <trim prefix="(" suffix=")" suffixOverrides=",">
            <if test="userId != null">
                user_id,
            </if>
            <if test="type != null">
                type,
            </if>
            <if test="rewardOpenCount != null">
                reward_open_count,
            </if>
            <if test="rewardJoinCount != null">
                reward_join_count,
            </if>
            <if test="alreadyOpenCount != null">
                already_open_count,
            </if>
            <if test="alreadyJoinCount != null">
                already_join_count,
            </if>
        </trim>
        <trim prefix="values (" suffix=")" suffixOverrides=",">
            <if test="userId != null">
                #{userId,jdbcType=BIGINT},
            </if>
            <if test="type != null">
                #{type,jdbcType=INTEGER},
            </if>
            <if test="rewardOpenCount != null">
                #{rewardOpenCount,jdbcType=INTEGER},
            </if>
            <if test="rewardJoinCount != null">
                #{rewardJoinCount,jdbcType=INTEGER},
            </if>
            <if test="alreadyOpenCount != null">
                #{alreadyOpenCount,jdbcType=INTEGER},
            </if>
            <if test="alreadyJoinCount != null">
                #{alreadyJoinCount,jdbcType=INTEGER},
            </if>
        </trim>
        ON DUPLICATE KEY UPDATE
        <trim suffixOverrides=",">
            <if test="rewardOpenCount != null">
                reward_open_count = reward_open_count + #{rewardOpenCount,jdbcType=INTEGER},
            </if>
            <if test="rewardJoinCount != null">
                reward_join_count = reward_join_count + #{rewardJoinCount,jdbcType=INTEGER},
            </if>
            <if test="alreadyOpenCount != null">
                already_open_count = already_open_count + #{alreadyOpenCount,jdbcType=INTEGER},
            </if>
            <if test="alreadyJoinCount != null">
                already_join_count = already_join_count + #{alreadyJoinCount,jdbcType=INTEGER},
            </if>
        </trim>
    </insert>

    <update id="update" parameterType="com.gome.meidian.user.entity.UserRights">
        update user_rights
        <set>
            <if test="rewardOpenCount != null">
                reward_open_count = #{rewardOpenCount,jdbcType=INTEGER},
            </if>
            <if test="rewardJoinCount != null">
                reward_join_count = #{rewardJoinCount,jdbcType=INTEGER},
            </if>
            <if test="alreadyOpenCount != null">
                already_open_count = #{alreadyOpenCount,jdbcType=INTEGER},
            </if>
            <if test="alreadyJoinCount != null">
                already_join_count = #{alreadyJoinCount,jdbcType=INTEGER},
            </if>
        </set>
        <where>
            <if test="userId != null">
                and user_id = #{userId,jdbcType=INTEGER}
            </if>
            <if test="type != null">
                and type = #{type,jdbcType=INTEGER}
            </if>
        </where>
    </update>

</mapper>